{
  "accuracy": 0.3333333333333333,
  "precision": 0.3333333333333333,
  "recall": 1.0,
  "f1_score": 0.5,
  "roc_auc": 0.0
}