accuracy,precision,recall,f1_score,roc_auc
0.3333333333333333,0.3333333333333333,1.0,0.5,0.0
