{
  "accuracy": [
    0.6428571343421936,
    0.6428571343421936,
    0.5714285969734192,
    0.4285714328289032,
    0.5,
    0.7142857313156128
  ],
  "auc": [
    0.4693877696990967,
    0.7346938848495483,
    0.6938775777816772,
    0.48979589343070984,
    0.6326530575752258,
    0.8163264989852905
  ],
  "loss": [
    3.0919647216796875,
    2.6652960777282715,
    2.6453819274902344,
    2.6871230602264404,
    2.7885525226593018,
    2.6006836891174316
  ],
  "precision": [
    0.75,
    0.75,
    0.6000000238418579,
    0.4000000059604645,
    0.5,
    0.7142857313156128
  ],
  "recall": [
    0.4285714328289032,
    0.4285714328289032,
    0.4285714328289032,
    0.2857142984867096,
    0.5714285969734192,
    0.7142857313156128
  ],
  "val_accuracy": [
    0.6666666865348816,
    0.6666666865348816,
    0.6666666865348816,
    0.6666666865348816,
    0.6666666865348816,
    0.6666666865348816
  ],
  "val_auc": [
    0.5,
    0.5,
    0.5,
    0.5,
    0.5,
    0.5
  ],
  "val_loss": [
    2.635061264038086,
    5.433218479156494,
    16.45850372314453,
    24.89824676513672,
    18.203474044799805,
    14.2724609375
  ],
  "val_precision": [
    0.6666666865348816,
    0.6666666865348816,
    0.6666666865348816,
    0.6666666865348816,
    0.6666666865348816,
    0.6666666865348816
  ],
  "val_recall": [
    1.0,
    1.0,
    1.0,
    1.0,
    1.0,
    1.0
  ]
}