name,filename,label,coords,buffer_size,scale,file_size_mb,bands
Nevado_del_Ruiz_center,Nevado_del_Ruiz_center.tif,1,"[-75.3222, 4.8951]",5000,90,0.07,"['emissivity_band10', 'emissivity_band11', 'emissivity_band12', 'emissivity_band13', 'emissivity_band14', 'temperature', 'ndvi']"
Nevado_del_Ruiz_north,Nevado_del_Ruiz_north.tif,1,"[-75.315, 4.91]",5000,90,0.07,"['emissivity_band10', 'emissivity_band11', 'emissivity_band12', 'emissivity_band13', 'emissivity_band14', 'temperature', 'ndvi']"
Nevado_del_Ruiz_south,Nevado_del_Ruiz_south.tif,1,"[-75.33, 4.88]",5000,90,0.07,"['emissivity_band10', 'emissivity_band11', 'emissivity_band12', 'emissivity_band13', 'emissivity_band14', 'temperature', 'ndvi']"
Nevado_del_Ruiz_west,Nevado_del_Ruiz_west.tif,1,"[-75.345, 4.895]",5000,90,0.07,"['emissivity_band10', 'emissivity_band11', 'emissivity_band12', 'emissivity_band13', 'emissivity_band14', 'temperature', 'ndvi']"
Nevado_del_Ruiz_east,Nevado_del_Ruiz_east.tif,1,"[-75.3, 4.895]",5000,90,0.07,"['emissivity_band10', 'emissivity_band11', 'emissivity_band12', 'emissivity_band13', 'emissivity_band14', 'temperature', 'ndvi']"
Nevado_del_Ruiz_NE,Nevado_del_Ruiz_NE.tif,1,"[-75.3, 4.91]",5000,90,0.07,"['emissivity_band10', 'emissivity_band11', 'emissivity_band12', 'emissivity_band13', 'emissivity_band14', 'temperature', 'ndvi']"
Nevado_del_Ruiz_SW,Nevado_del_Ruiz_SW.tif,1,"[-75.345, 4.88]",5000,90,0.07,"['emissivity_band10', 'emissivity_band11', 'emissivity_band12', 'emissivity_band13', 'emissivity_band14', 'temperature', 'ndvi']"
Volcan_Purace_center,Volcan_Purace_center.tif,1,"[-76.4036, 2.3206]",5000,90,0.06,"['emissivity_band10', 'emissivity_band11', 'emissivity_band12', 'emissivity_band13', 'emissivity_band14', 'temperature', 'ndvi']"
Volcan_Purace_north,Volcan_Purace_north.tif,1,"[-76.4, 2.335]",5000,90,0.06,"['emissivity_band10', 'emissivity_band11', 'emissivity_band12', 'emissivity_band13', 'emissivity_band14', 'temperature', 'ndvi']"
Volcan_Purace_south,Volcan_Purace_south.tif,1,"[-76.407, 2.305]",5000,90,0.06,"['emissivity_band10', 'emissivity_band11', 'emissivity_band12', 'emissivity_band13', 'emissivity_band14', 'temperature', 'ndvi']"
Volcan_Purace_east,Volcan_Purace_east.tif,1,"[-76.385, 2.32]",5000,90,0.05,"['emissivity_band10', 'emissivity_band11', 'emissivity_band12', 'emissivity_band13', 'emissivity_band14', 'temperature', 'ndvi']"
Volcan_Purace_west,Volcan_Purace_west.tif,1,"[-76.42, 2.32]",5000,90,0.05,"['emissivity_band10', 'emissivity_band11', 'emissivity_band12', 'emissivity_band13', 'emissivity_band14', 'temperature', 'ndvi']"
Volcan_Purace_NE,Volcan_Purace_NE.tif,1,"[-76.385, 2.335]",5000,90,0.05,"['emissivity_band10', 'emissivity_band11', 'emissivity_band12', 'emissivity_band13', 'emissivity_band14', 'temperature', 'ndvi']"
Volcan_Purace_SW,Volcan_Purace_SW.tif,1,"[-76.42, 2.305]",5000,90,0.06,"['emissivity_band10', 'emissivity_band11', 'emissivity_band12', 'emissivity_band13', 'emissivity_band14', 'temperature', 'ndvi']"
Volcan_Galeras_center,Volcan_Galeras_center.tif,1,"[-77.36, 1.22]",5000,90,0.06,"['emissivity_band10', 'emissivity_band11', 'emissivity_band12', 'emissivity_band13', 'emissivity_band14', 'temperature', 'ndvi']"
Volcan_Galeras_north,Volcan_Galeras_north.tif,1,"[-77.355, 1.235]",5000,90,0.06,"['emissivity_band10', 'emissivity_band11', 'emissivity_band12', 'emissivity_band13', 'emissivity_band14', 'temperature', 'ndvi']"
Volcan_Galeras_south,Volcan_Galeras_south.tif,1,"[-77.365, 1.205]",5000,90,0.06,"['emissivity_band10', 'emissivity_band11', 'emissivity_band12', 'emissivity_band13', 'emissivity_band14', 'temperature', 'ndvi']"
Volcan_Galeras_east,Volcan_Galeras_east.tif,1,"[-77.34, 1.22]",5000,90,0.06,"['emissivity_band10', 'emissivity_band11', 'emissivity_band12', 'emissivity_band13', 'emissivity_band14', 'temperature', 'ndvi']"
Volcan_Galeras_west,Volcan_Galeras_west.tif,1,"[-77.38, 1.22]",5000,90,0.06,"['emissivity_band10', 'emissivity_band11', 'emissivity_band12', 'emissivity_band13', 'emissivity_band14', 'temperature', 'ndvi']"
Volcan_Galeras_NE,Volcan_Galeras_NE.tif,1,"[-77.34, 1.235]",5000,90,0.06,"['emissivity_band10', 'emissivity_band11', 'emissivity_band12', 'emissivity_band13', 'emissivity_band14', 'temperature', 'ndvi']"
Volcan_Galeras_SW,Volcan_Galeras_SW.tif,1,"[-77.38, 1.205]",5000,90,0.06,"['emissivity_band10', 'emissivity_band11', 'emissivity_band12', 'emissivity_band13', 'emissivity_band14', 'temperature', 'ndvi']"
Paipa_Iza_center,Paipa_Iza_center.tif,1,"[-73.1124, 5.7781]",5000,90,0.05,"['emissivity_band10', 'emissivity_band11', 'emissivity_band12', 'emissivity_band13', 'emissivity_band14', 'temperature', 'ndvi']"
Paipa_Iza_north,Paipa_Iza_north.tif,1,"[-73.11, 5.79]",5000,90,0.05,"['emissivity_band10', 'emissivity_band11', 'emissivity_band12', 'emissivity_band13', 'emissivity_band14', 'temperature', 'ndvi']"
Paipa_Iza_south,Paipa_Iza_south.tif,1,"[-73.115, 5.765]",5000,90,0.05,"['emissivity_band10', 'emissivity_band11', 'emissivity_band12', 'emissivity_band13', 'emissivity_band14', 'temperature', 'ndvi']"
Paipa_Iza_east,Paipa_Iza_east.tif,1,"[-73.095, 5.778]",5000,90,0.05,"['emissivity_band10', 'emissivity_band11', 'emissivity_band12', 'emissivity_band13', 'emissivity_band14', 'temperature', 'ndvi']"
Paipa_Iza_west,Paipa_Iza_west.tif,1,"[-73.13, 5.778]",5000,90,0.05,"['emissivity_band10', 'emissivity_band11', 'emissivity_band12', 'emissivity_band13', 'emissivity_band14', 'temperature', 'ndvi']"
Paipa_Iza_NE,Paipa_Iza_NE.tif,1,"[-73.095, 5.79]",5000,90,0.05,"['emissivity_band10', 'emissivity_band11', 'emissivity_band12', 'emissivity_band13', 'emissivity_band14', 'temperature', 'ndvi']"
Paipa_Iza_SW,Paipa_Iza_SW.tif,1,"[-73.13, 5.765]",5000,90,0.05,"['emissivity_band10', 'emissivity_band11', 'emissivity_band12', 'emissivity_band13', 'emissivity_band14', 'temperature', 'ndvi']"
Nevado_del_Tolima_center,Nevado_del_Tolima_center.tif,1,"[-75.33, 4.66]",5000,90,0.06,"['emissivity_band10', 'emissivity_band11', 'emissivity_band12', 'emissivity_band13', 'emissivity_band14', 'temperature', 'ndvi']"
Nevado_del_Tolima_north,Nevado_del_Tolima_north.tif,1,"[-75.325, 4.675]",5000,90,0.06,"['emissivity_band10', 'emissivity_band11', 'emissivity_band12', 'emissivity_band13', 'emissivity_band14', 'temperature', 'ndvi']"
Nevado_del_Tolima_south,Nevado_del_Tolima_south.tif,1,"[-75.335, 4.645]",5000,90,0.06,"['emissivity_band10', 'emissivity_band11', 'emissivity_band12', 'emissivity_band13', 'emissivity_band14', 'temperature', 'ndvi']"
Nevado_del_Tolima_east,Nevado_del_Tolima_east.tif,1,"[-75.31, 4.66]",5000,90,0.06,"['emissivity_band10', 'emissivity_band11', 'emissivity_band12', 'emissivity_band13', 'emissivity_band14', 'temperature', 'ndvi']"
Nevado_del_Tolima_west,Nevado_del_Tolima_west.tif,1,"[-75.35, 4.66]",5000,90,0.06,"['emissivity_band10', 'emissivity_band11', 'emissivity_band12', 'emissivity_band13', 'emissivity_band14', 'temperature', 'ndvi']"
Volcan_Cumbal_center,Volcan_Cumbal_center.tif,1,"[-77.88, 0.95]",5000,90,0.06,"['emissivity_band10', 'emissivity_band11', 'emissivity_band12', 'emissivity_band13', 'emissivity_band14', 'temperature', 'ndvi']"
Volcan_Cumbal_north,Volcan_Cumbal_north.tif,1,"[-77.875, 0.965]",5000,90,0.06,"['emissivity_band10', 'emissivity_band11', 'emissivity_band12', 'emissivity_band13', 'emissivity_band14', 'temperature', 'ndvi']"
Volcan_Cumbal_south,Volcan_Cumbal_south.tif,1,"[-77.885, 0.935]",5000,90,0.06,"['emissivity_band10', 'emissivity_band11', 'emissivity_band12', 'emissivity_band13', 'emissivity_band14', 'temperature', 'ndvi']"
Volcan_Cumbal_east,Volcan_Cumbal_east.tif,1,"[-77.86, 0.95]",5000,90,0.06,"['emissivity_band10', 'emissivity_band11', 'emissivity_band12', 'emissivity_band13', 'emissivity_band14', 'temperature', 'ndvi']"
Volcan_Cumbal_west,Volcan_Cumbal_west.tif,1,"[-77.9, 0.95]",5000,90,0.06,"['emissivity_band10', 'emissivity_band11', 'emissivity_band12', 'emissivity_band13', 'emissivity_band14', 'temperature', 'ndvi']"
Volcan_Sotara_center,Volcan_Sotara_center.tif,1,"[-76.59, 2.11]",5000,90,0.04,"['emissivity_band10', 'emissivity_band11', 'emissivity_band12', 'emissivity_band13', 'emissivity_band14', 'temperature', 'ndvi']"
Volcan_Sotara_north,Volcan_Sotara_north.tif,1,"[-76.585, 2.125]",5000,90,0.04,"['emissivity_band10', 'emissivity_band11', 'emissivity_band12', 'emissivity_band13', 'emissivity_band14', 'temperature', 'ndvi']"
Volcan_Sotara_south,Volcan_Sotara_south.tif,1,"[-76.595, 2.095]",5000,90,0.04,"['emissivity_band10', 'emissivity_band11', 'emissivity_band12', 'emissivity_band13', 'emissivity_band14', 'temperature', 'ndvi']"
Volcan_Sotara_east,Volcan_Sotara_east.tif,1,"[-76.57, 2.11]",5000,90,0.03,"['emissivity_band10', 'emissivity_band11', 'emissivity_band12', 'emissivity_band13', 'emissivity_band14', 'temperature', 'ndvi']"
Volcan_Sotara_west,Volcan_Sotara_west.tif,1,"[-76.61, 2.11]",5000,90,0.04,"['emissivity_band10', 'emissivity_band11', 'emissivity_band12', 'emissivity_band13', 'emissivity_band14', 'temperature', 'ndvi']"
Volcan_Azufral_center,Volcan_Azufral_center.tif,1,"[-77.68, 1.085]",5000,90,0.06,"['emissivity_band10', 'emissivity_band11', 'emissivity_band12', 'emissivity_band13', 'emissivity_band14', 'temperature', 'ndvi']"
Volcan_Azufral_north,Volcan_Azufral_north.tif,1,"[-77.675, 1.1]",5000,90,0.06,"['emissivity_band10', 'emissivity_band11', 'emissivity_band12', 'emissivity_band13', 'emissivity_band14', 'temperature', 'ndvi']"
Volcan_Azufral_south,Volcan_Azufral_south.tif,1,"[-77.685, 1.07]",5000,90,0.06,"['emissivity_band10', 'emissivity_band11', 'emissivity_band12', 'emissivity_band13', 'emissivity_band14', 'temperature', 'ndvi']"
Volcan_Azufral_east,Volcan_Azufral_east.tif,1,"[-77.66, 1.085]",5000,90,0.06,"['emissivity_band10', 'emissivity_band11', 'emissivity_band12', 'emissivity_band13', 'emissivity_band14', 'temperature', 'ndvi']"
Volcan_Azufral_west,Volcan_Azufral_west.tif,1,"[-77.7, 1.085]",5000,90,0.06,"['emissivity_band10', 'emissivity_band11', 'emissivity_band12', 'emissivity_band13', 'emissivity_band14', 'temperature', 'ndvi']"
Cerro_Machin_center,Cerro_Machin_center.tif,1,"[-75.39, 4.49]",5000,90,0.06,"['emissivity_band10', 'emissivity_band11', 'emissivity_band12', 'emissivity_band13', 'emissivity_band14', 'temperature', 'ndvi']"
Cerro_Machin_north,Cerro_Machin_north.tif,1,"[-75.385, 4.505]",5000,90,0.06,"['emissivity_band10', 'emissivity_band11', 'emissivity_band12', 'emissivity_band13', 'emissivity_band14', 'temperature', 'ndvi']"
Cerro_Machin_south,Cerro_Machin_south.tif,1,"[-75.395, 4.475]",5000,90,0.06,"['emissivity_band10', 'emissivity_band11', 'emissivity_band12', 'emissivity_band13', 'emissivity_band14', 'temperature', 'ndvi']"
Cerro_Machin_east,Cerro_Machin_east.tif,1,"[-75.37, 4.49]",5000,90,0.06,"['emissivity_band10', 'emissivity_band11', 'emissivity_band12', 'emissivity_band13', 'emissivity_band14', 'temperature', 'ndvi']"
Cerro_Machin_west,Cerro_Machin_west.tif,1,"[-75.41, 4.49]",5000,90,0.06,"['emissivity_band10', 'emissivity_band11', 'emissivity_band12', 'emissivity_band13', 'emissivity_band14', 'temperature', 'ndvi']"
Dona_Juana_center,Dona_Juana_center.tif,1,"[-76.94, 1.5]",5000,90,0.06,"['emissivity_band10', 'emissivity_band11', 'emissivity_band12', 'emissivity_band13', 'emissivity_band14', 'temperature', 'ndvi']"
Dona_Juana_north,Dona_Juana_north.tif,1,"[-76.935, 1.515]",5000,90,0.06,"['emissivity_band10', 'emissivity_band11', 'emissivity_band12', 'emissivity_band13', 'emissivity_band14', 'temperature', 'ndvi']"
Dona_Juana_south,Dona_Juana_south.tif,1,"[-76.945, 1.485]",5000,90,0.06,"['emissivity_band10', 'emissivity_band11', 'emissivity_band12', 'emissivity_band13', 'emissivity_band14', 'temperature', 'ndvi']"
Dona_Juana_east,Dona_Juana_east.tif,1,"[-76.92, 1.5]",5000,90,0.06,"['emissivity_band10', 'emissivity_band11', 'emissivity_band12', 'emissivity_band13', 'emissivity_band14', 'temperature', 'ndvi']"
Dona_Juana_west,Dona_Juana_west.tif,1,"[-76.96, 1.5]",5000,90,0.06,"['emissivity_band10', 'emissivity_band11', 'emissivity_band12', 'emissivity_band13', 'emissivity_band14', 'temperature', 'ndvi']"
Las_Animas_center,Las_Animas_center.tif,1,"[-76.58, 2.37]",5000,90,0.05,"['emissivity_band10', 'emissivity_band11', 'emissivity_band12', 'emissivity_band13', 'emissivity_band14', 'temperature', 'ndvi']"
Las_Animas_north,Las_Animas_north.tif,1,"[-76.575, 2.385]",5000,90,0.05,"['emissivity_band10', 'emissivity_band11', 'emissivity_band12', 'emissivity_band13', 'emissivity_band14', 'temperature', 'ndvi']"
Las_Animas_south,Las_Animas_south.tif,1,"[-76.585, 2.355]",5000,90,0.05,"['emissivity_band10', 'emissivity_band11', 'emissivity_band12', 'emissivity_band13', 'emissivity_band14', 'temperature', 'ndvi']"
Cerro_Bravo_center,Cerro_Bravo_center.tif,1,"[-75.3, 5.09]",5000,90,0.06,"['emissivity_band10', 'emissivity_band11', 'emissivity_band12', 'emissivity_band13', 'emissivity_band14', 'temperature', 'ndvi']"
Cerro_Bravo_north,Cerro_Bravo_north.tif,1,"[-75.295, 5.105]",5000,90,0.06,"['emissivity_band10', 'emissivity_band11', 'emissivity_band12', 'emissivity_band13', 'emissivity_band14', 'temperature', 'ndvi']"
Cerro_Bravo_south,Cerro_Bravo_south.tif,1,"[-75.305, 5.075]",5000,90,0.06,"['emissivity_band10', 'emissivity_band11', 'emissivity_band12', 'emissivity_band13', 'emissivity_band14', 'temperature', 'ndvi']"
Cerro_Bravo_east,Cerro_Bravo_east.tif,1,"[-75.28, 5.09]",5000,90,0.06,"['emissivity_band10', 'emissivity_band11', 'emissivity_band12', 'emissivity_band13', 'emissivity_band14', 'temperature', 'ndvi']"
Santa_Isabel_center,Santa_Isabel_center.tif,1,"[-75.37, 4.815]",5000,90,0.06,"['emissivity_band10', 'emissivity_band11', 'emissivity_band12', 'emissivity_band13', 'emissivity_band14', 'temperature', 'ndvi']"
Santa_Isabel_north,Santa_Isabel_north.tif,1,"[-75.365, 4.83]",5000,90,0.06,"['emissivity_band10', 'emissivity_band11', 'emissivity_band12', 'emissivity_band13', 'emissivity_band14', 'temperature', 'ndvi']"
Santa_Isabel_south,Santa_Isabel_south.tif,1,"[-75.375, 4.8]",5000,90,0.06,"['emissivity_band10', 'emissivity_band11', 'emissivity_band12', 'emissivity_band13', 'emissivity_band14', 'temperature', 'ndvi']"
Nevado_Huila_center,Nevado_Huila_center.tif,1,"[-76.03, 2.94]",5000,90,0.05,"['emissivity_band10', 'emissivity_band11', 'emissivity_band12', 'emissivity_band13', 'emissivity_band14', 'temperature', 'ndvi']"
Nevado_Huila_north,Nevado_Huila_north.tif,1,"[-76.025, 2.955]",5000,90,0.05,"['emissivity_band10', 'emissivity_band11', 'emissivity_band12', 'emissivity_band13', 'emissivity_band14', 'temperature', 'ndvi']"
Nevado_Huila_south,Nevado_Huila_south.tif,1,"[-76.035, 2.925]",5000,90,0.04,"['emissivity_band10', 'emissivity_band11', 'emissivity_band12', 'emissivity_band13', 'emissivity_band14', 'temperature', 'ndvi']"
Nevado_Huila_east,Nevado_Huila_east.tif,1,"[-76.01, 2.94]",5000,90,0.05,"['emissivity_band10', 'emissivity_band11', 'emissivity_band12', 'emissivity_band13', 'emissivity_band14', 'temperature', 'ndvi']"
Volcan_Chiles_center,Volcan_Chiles_center.tif,1,"[-77.94, 0.82]",5000,90,0.06,"['emissivity_band10', 'emissivity_band11', 'emissivity_band12', 'emissivity_band13', 'emissivity_band14', 'temperature', 'ndvi']"
Volcan_Chiles_north,Volcan_Chiles_north.tif,1,"[-77.935, 0.835]",5000,90,0.06,"['emissivity_band10', 'emissivity_band11', 'emissivity_band12', 'emissivity_band13', 'emissivity_band14', 'temperature', 'ndvi']"
Volcan_Chiles_south,Volcan_Chiles_south.tif,1,"[-77.945, 0.805]",5000,90,0.06,"['emissivity_band10', 'emissivity_band11', 'emissivity_band12', 'emissivity_band13', 'emissivity_band14', 'temperature', 'ndvi']"
Cerro_Negro_center,Cerro_Negro_center.tif,1,"[-77.96, 0.83]",5000,90,0.06,"['emissivity_band10', 'emissivity_band11', 'emissivity_band12', 'emissivity_band13', 'emissivity_band14', 'temperature', 'ndvi']"
Cerro_Negro_east,Cerro_Negro_east.tif,1,"[-77.94, 0.83]",5000,90,0.06,"['emissivity_band10', 'emissivity_band11', 'emissivity_band12', 'emissivity_band13', 'emissivity_band14', 'temperature', 'ndvi']"
Manizales_thermal,Manizales_thermal.tif,1,"[-75.52, 5.07]",5000,90,0.06,"['emissivity_band10', 'emissivity_band11', 'emissivity_band12', 'emissivity_band13', 'emissivity_band14', 'temperature', 'ndvi']"
Coconuco_thermal,Coconuco_thermal.tif,1,"[-76.385, 2.43]",5000,90,0.05,"['emissivity_band10', 'emissivity_band11', 'emissivity_band12', 'emissivity_band13', 'emissivity_band14', 'temperature', 'ndvi']"
Santa_Rosa_Cabal,Santa_Rosa_Cabal.tif,1,"[-75.62, 4.87]",5000,90,0.06,"['emissivity_band10', 'emissivity_band11', 'emissivity_band12', 'emissivity_band13', 'emissivity_band14', 'temperature', 'ndvi']"
Herveo_thermal,Herveo_thermal.tif,1,"[-75.13, 4.88]",5000,90,0.06,"['emissivity_band10', 'emissivity_band11', 'emissivity_band12', 'emissivity_band13', 'emissivity_band14', 'temperature', 'ndvi']"
Villa_Maria_thermal,Villa_Maria_thermal.tif,1,"[-74.98, 4.9]",5000,90,0.06,"['emissivity_band10', 'emissivity_band11', 'emissivity_band12', 'emissivity_band13', 'emissivity_band14', 'temperature', 'ndvi']"
Termales_San_Vicente,Termales_San_Vicente.tif,1,"[-73.42, 6.88]",5000,90,0.05,"['emissivity_band10', 'emissivity_band11', 'emissivity_band12', 'emissivity_band13', 'emissivity_band14', 'temperature', 'ndvi']"
Termales_Tabio,Termales_Tabio.tif,1,"[-74.09, 4.92]",5000,90,0.06,"['emissivity_band10', 'emissivity_band11', 'emissivity_band12', 'emissivity_band13', 'emissivity_band14', 'temperature', 'ndvi']"
Termales_Choachi,Termales_Choachi.tif,1,"[-73.92, 4.53]",5000,90,0.06,"['emissivity_band10', 'emissivity_band11', 'emissivity_band12', 'emissivity_band13', 'emissivity_band14', 'temperature', 'ndvi']"
Termales_Rivera_Huila,Termales_Rivera_Huila.tif,1,"[-75.26, 2.78]",5000,90,0.06,"['emissivity_band10', 'emissivity_band11', 'emissivity_band12', 'emissivity_band13', 'emissivity_band14', 'temperature', 'ndvi']"
Termales_Guadalupe_Santander,Termales_Guadalupe_Santander.tif,1,"[-73.41, 6.25]",5000,90,0.05,"['emissivity_band10', 'emissivity_band11', 'emissivity_band12', 'emissivity_band13', 'emissivity_band14', 'temperature', 'ndvi']"
San_Agustin_Huila_thermal,San_Agustin_Huila_thermal.tif,1,"[-76.27, 1.88]",5000,90,0.06,"['emissivity_band10', 'emissivity_band11', 'emissivity_band12', 'emissivity_band13', 'emissivity_band14', 'temperature', 'ndvi']"
Pitalito_thermal,Pitalito_thermal.tif,1,"[-76.04, 1.86]",5000,90,0.05,"['emissivity_band10', 'emissivity_band11', 'emissivity_band12', 'emissivity_band13', 'emissivity_band14', 'temperature', 'ndvi']"
Romeral_center,Romeral_center.tif,1,"[-75.364, 4.96]",5000,90,0.06,"['emissivity_band10', 'emissivity_band11', 'emissivity_band12', 'emissivity_band13', 'emissivity_band14', 'temperature', 'ndvi']"
Romeral_north,Romeral_north.tif,1,"[-75.359, 4.975]",5000,90,0.06,"['emissivity_band10', 'emissivity_band11', 'emissivity_band12', 'emissivity_band13', 'emissivity_band14', 'temperature', 'ndvi']"
Romeral_south,Romeral_south.tif,1,"[-75.369, 4.945]",5000,90,0.06,"['emissivity_band10', 'emissivity_band11', 'emissivity_band12', 'emissivity_band13', 'emissivity_band14', 'temperature', 'ndvi']"
Termales_Coconuco_sur,Termales_Coconuco_sur.tif,1,"[-76.39, 2.3]",5000,90,0.05,"['emissivity_band10', 'emissivity_band11', 'emissivity_band12', 'emissivity_band13', 'emissivity_band14', 'temperature', 'ndvi']"
Termales_Purace_flanco,Termales_Purace_flanco.tif,1,"[-76.37, 2.31]",5000,90,0.05,"['emissivity_band10', 'emissivity_band11', 'emissivity_band12', 'emissivity_band13', 'emissivity_band14', 'temperature', 'ndvi']"
Termales_Santa_Rosa_norte,Termales_Santa_Rosa_norte.tif,1,"[-75.61, 4.89]",5000,90,0.06,"['emissivity_band10', 'emissivity_band11', 'emissivity_band12', 'emissivity_band13', 'emissivity_band14', 'temperature', 'ndvi']"
Termales_Manizales_sur,Termales_Manizales_sur.tif,1,"[-75.515, 5.05]",5000,90,0.06,"['emissivity_band10', 'emissivity_band11', 'emissivity_band12', 'emissivity_band13', 'emissivity_band14', 'temperature', 'ndvi']"
Termales_Ruiz_flanco_E,Termales_Ruiz_flanco_E.tif,1,"[-75.28, 4.89]",5000,90,0.07,"['emissivity_band10', 'emissivity_band11', 'emissivity_band12', 'emissivity_band13', 'emissivity_band14', 'temperature', 'ndvi']"
Termales_Ruiz_flanco_W,Termales_Ruiz_flanco_W.tif,1,"[-75.36, 4.9]",5000,90,0.07,"['emissivity_band10', 'emissivity_band11', 'emissivity_band12', 'emissivity_band13', 'emissivity_band14', 'temperature', 'ndvi']"
Termales_Galeras_flanco_N,Termales_Galeras_flanco_N.tif,1,"[-77.345, 1.24]",5000,90,0.06,"['emissivity_band10', 'emissivity_band11', 'emissivity_band12', 'emissivity_band13', 'emissivity_band14', 'temperature', 'ndvi']"
Termales_Galeras_flanco_S,Termales_Galeras_flanco_S.tif,1,"[-77.37, 1.2]",5000,90,0.06,"['emissivity_band10', 'emissivity_band11', 'emissivity_band12', 'emissivity_band13', 'emissivity_band14', 'temperature', 'ndvi']"
Cerro_Bravo_west,Cerro_Bravo_west.tif,1,"[-75.32, 5.09]",5000,90,0.06,"['emissivity_band10', 'emissivity_band11', 'emissivity_band12', 'emissivity_band13', 'emissivity_band14', 'temperature', 'ndvi']"
Santa_Isabel_east,Santa_Isabel_east.tif,1,"[-75.35, 4.815]",5000,90,0.06,"['emissivity_band10', 'emissivity_band11', 'emissivity_band12', 'emissivity_band13', 'emissivity_band14', 'temperature', 'ndvi']"
Nevado_Huila_west,Nevado_Huila_west.tif,1,"[-76.05, 2.94]",5000,90,0.03,"['emissivity_band10', 'emissivity_band11', 'emissivity_band12', 'emissivity_band13', 'emissivity_band14', 'temperature', 'ndvi']"
Nevado_Huila_NE,Nevado_Huila_NE.tif,1,"[-76.01, 2.955]",5000,90,0.06,"['emissivity_band10', 'emissivity_band11', 'emissivity_band12', 'emissivity_band13', 'emissivity_band14', 'temperature', 'ndvi']"
Cerro_Machin_NE,Cerro_Machin_NE.tif,1,"[-75.37, 4.505]",5000,90,0.06,"['emissivity_band10', 'emissivity_band11', 'emissivity_band12', 'emissivity_band13', 'emissivity_band14', 'temperature', 'ndvi']"
Cerro_Machin_SW,Cerro_Machin_SW.tif,1,"[-75.41, 4.475]",5000,90,0.06,"['emissivity_band10', 'emissivity_band11', 'emissivity_band12', 'emissivity_band13', 'emissivity_band14', 'temperature', 'ndvi']"
Dona_Juana_NE,Dona_Juana_NE.tif,1,"[-76.92, 1.515]",5000,90,0.06,"['emissivity_band10', 'emissivity_band11', 'emissivity_band12', 'emissivity_band13', 'emissivity_band14', 'temperature', 'ndvi']"
Dona_Juana_SW,Dona_Juana_SW.tif,1,"[-76.96, 1.485]",5000,90,0.06,"['emissivity_band10', 'emissivity_band11', 'emissivity_band12', 'emissivity_band13', 'emissivity_band14', 'temperature', 'ndvi']"
Volcan_Chiles_east,Volcan_Chiles_east.tif,1,"[-77.92, 0.82]",5000,90,0.06,"['emissivity_band10', 'emissivity_band11', 'emissivity_band12', 'emissivity_band13', 'emissivity_band14', 'temperature', 'ndvi']"
Volcan_Chiles_west,Volcan_Chiles_west.tif,1,"[-77.96, 0.82]",5000,90,0.06,"['emissivity_band10', 'emissivity_band11', 'emissivity_band12', 'emissivity_band13', 'emissivity_band14', 'temperature', 'ndvi']"
Cocuy_thermal,Cocuy_thermal.tif,1,"[-72.31, 6.42]",5000,90,0.06,"['emissivity_band10', 'emissivity_band11', 'emissivity_band12', 'emissivity_band13', 'emissivity_band14', 'temperature', 'ndvi']"
EC_Cotopaxi_center,EC_Cotopaxi_center.tif,1,"[-78.436, -0.677]",5000,90,0.06,"['emissivity_band10', 'emissivity_band11', 'emissivity_band12', 'emissivity_band13', 'emissivity_band14', 'temperature', 'ndvi']"
EC_Cotopaxi_north,EC_Cotopaxi_north.tif,1,"[-78.436, -0.662]",5000,90,0.06,"['emissivity_band10', 'emissivity_band11', 'emissivity_band12', 'emissivity_band13', 'emissivity_band14', 'temperature', 'ndvi']"
EC_Cotopaxi_south,EC_Cotopaxi_south.tif,1,"[-78.436, -0.692]",5000,90,0.06,"['emissivity_band10', 'emissivity_band11', 'emissivity_band12', 'emissivity_band13', 'emissivity_band14', 'temperature', 'ndvi']"
EC_Cotopaxi_east,EC_Cotopaxi_east.tif,1,"[-78.416, -0.677]",5000,90,0.06,"['emissivity_band10', 'emissivity_band11', 'emissivity_band12', 'emissivity_band13', 'emissivity_band14', 'temperature', 'ndvi']"
EC_Cotopaxi_west,EC_Cotopaxi_west.tif,1,"[-78.456, -0.677]",5000,90,0.06,"['emissivity_band10', 'emissivity_band11', 'emissivity_band12', 'emissivity_band13', 'emissivity_band14', 'temperature', 'ndvi']"
EC_Cotopaxi_NE,EC_Cotopaxi_NE.tif,1,"[-78.416, -0.662]",5000,90,0.06,"['emissivity_band10', 'emissivity_band11', 'emissivity_band12', 'emissivity_band13', 'emissivity_band14', 'temperature', 'ndvi']"
EC_Cotopaxi_SW,EC_Cotopaxi_SW.tif,1,"[-78.456, -0.692]",5000,90,0.06,"['emissivity_band10', 'emissivity_band11', 'emissivity_band12', 'emissivity_band13', 'emissivity_band14', 'temperature', 'ndvi']"
EC_Tungurahua_center,EC_Tungurahua_center.tif,1,"[-78.442, -1.467]",5000,90,0.06,"['emissivity_band10', 'emissivity_band11', 'emissivity_band12', 'emissivity_band13', 'emissivity_band14', 'temperature', 'ndvi']"
EC_Tungurahua_north,EC_Tungurahua_north.tif,1,"[-78.442, -1.452]",5000,90,0.06,"['emissivity_band10', 'emissivity_band11', 'emissivity_band12', 'emissivity_band13', 'emissivity_band14', 'temperature', 'ndvi']"
EC_Tungurahua_south,EC_Tungurahua_south.tif,1,"[-78.442, -1.482]",5000,90,0.06,"['emissivity_band10', 'emissivity_band11', 'emissivity_band12', 'emissivity_band13', 'emissivity_band14', 'temperature', 'ndvi']"
EC_Tungurahua_east,EC_Tungurahua_east.tif,1,"[-78.422, -1.467]",5000,90,0.06,"['emissivity_band10', 'emissivity_band11', 'emissivity_band12', 'emissivity_band13', 'emissivity_band14', 'temperature', 'ndvi']"
EC_Tungurahua_west,EC_Tungurahua_west.tif,1,"[-78.462, -1.467]",5000,90,0.06,"['emissivity_band10', 'emissivity_band11', 'emissivity_band12', 'emissivity_band13', 'emissivity_band14', 'temperature', 'ndvi']"
EC_Tungurahua_NE,EC_Tungurahua_NE.tif,1,"[-78.422, -1.452]",5000,90,0.06,"['emissivity_band10', 'emissivity_band11', 'emissivity_band12', 'emissivity_band13', 'emissivity_band14', 'temperature', 'ndvi']"
EC_Tungurahua_SW,EC_Tungurahua_SW.tif,1,"[-78.462, -1.482]",5000,90,0.06,"['emissivity_band10', 'emissivity_band11', 'emissivity_band12', 'emissivity_band13', 'emissivity_band14', 'temperature', 'ndvi']"
EC_Reventador_center,EC_Reventador_center.tif,1,"[-77.65, -0.077]",5000,90,0.06,"['emissivity_band10', 'emissivity_band11', 'emissivity_band12', 'emissivity_band13', 'emissivity_band14', 'temperature', 'ndvi']"
EC_Reventador_north,EC_Reventador_north.tif,1,"[-77.65, -0.062]",5000,90,0.06,"['emissivity_band10', 'emissivity_band11', 'emissivity_band12', 'emissivity_band13', 'emissivity_band14', 'temperature', 'ndvi']"
EC_Reventador_south,EC_Reventador_south.tif,1,"[-77.65, -0.092]",5000,90,0.06,"['emissivity_band10', 'emissivity_band11', 'emissivity_band12', 'emissivity_band13', 'emissivity_band14', 'temperature', 'ndvi']"
EC_Reventador_east,EC_Reventador_east.tif,1,"[-77.63, -0.077]",5000,90,0.06,"['emissivity_band10', 'emissivity_band11', 'emissivity_band12', 'emissivity_band13', 'emissivity_band14', 'temperature', 'ndvi']"
EC_Reventador_west,EC_Reventador_west.tif,1,"[-77.67, -0.077]",5000,90,0.06,"['emissivity_band10', 'emissivity_band11', 'emissivity_band12', 'emissivity_band13', 'emissivity_band14', 'temperature', 'ndvi']"
EC_Reventador_NE,EC_Reventador_NE.tif,1,"[-77.63, -0.062]",5000,90,0.06,"['emissivity_band10', 'emissivity_band11', 'emissivity_band12', 'emissivity_band13', 'emissivity_band14', 'temperature', 'ndvi']"
EC_Reventador_SW,EC_Reventador_SW.tif,1,"[-77.67, -0.092]",5000,90,0.06,"['emissivity_band10', 'emissivity_band11', 'emissivity_band12', 'emissivity_band13', 'emissivity_band14', 'temperature', 'ndvi']"
EC_Sangay_center,EC_Sangay_center.tif,1,"[-78.341, -2.005]",5000,90,0.05,"['emissivity_band10', 'emissivity_band11', 'emissivity_band12', 'emissivity_band13', 'emissivity_band14', 'temperature', 'ndvi']"
EC_Sangay_north,EC_Sangay_north.tif,1,"[-78.34, -2.015]",5000,90,0.04,"['emissivity_band10', 'emissivity_band11', 'emissivity_band12', 'emissivity_band13', 'emissivity_band14', 'temperature', 'ndvi']"
EC_Sangay_south,EC_Sangay_south.tif,1,"[-78.34, -2.045]",5000,90,0.04,"['emissivity_band10', 'emissivity_band11', 'emissivity_band12', 'emissivity_band13', 'emissivity_band14', 'temperature', 'ndvi']"
EC_Sangay_east,EC_Sangay_east.tif,1,"[-78.32, -2.03]",5000,90,0.04,"['emissivity_band10', 'emissivity_band11', 'emissivity_band12', 'emissivity_band13', 'emissivity_band14', 'temperature', 'ndvi']"
EC_Sangay_west,EC_Sangay_west.tif,1,"[-78.36, -2.03]",5000,90,0.05,"['emissivity_band10', 'emissivity_band11', 'emissivity_band12', 'emissivity_band13', 'emissivity_band14', 'temperature', 'ndvi']"
EC_Sangay_NE,EC_Sangay_NE.tif,1,"[-78.328, -1.992]",5000,90,0.05,"['emissivity_band10', 'emissivity_band11', 'emissivity_band12', 'emissivity_band13', 'emissivity_band14', 'temperature', 'ndvi']"
EC_Sangay_SW,EC_Sangay_SW.tif,1,"[-78.354, -2.018]",5000,90,0.05,"['emissivity_band10', 'emissivity_band11', 'emissivity_band12', 'emissivity_band13', 'emissivity_band14', 'temperature', 'ndvi']"
EC_Pichincha_center,EC_Pichincha_center.tif,1,"[-78.598, -0.171]",5000,90,0.06,"['emissivity_band10', 'emissivity_band11', 'emissivity_band12', 'emissivity_band13', 'emissivity_band14', 'temperature', 'ndvi']"
EC_Pichincha_north,EC_Pichincha_north.tif,1,"[-78.598, -0.156]",5000,90,0.06,"['emissivity_band10', 'emissivity_band11', 'emissivity_band12', 'emissivity_band13', 'emissivity_band14', 'temperature', 'ndvi']"
EC_Pichincha_south,EC_Pichincha_south.tif,1,"[-78.598, -0.186]",5000,90,0.06,"['emissivity_band10', 'emissivity_band11', 'emissivity_band12', 'emissivity_band13', 'emissivity_band14', 'temperature', 'ndvi']"
EC_Pichincha_east,EC_Pichincha_east.tif,1,"[-78.578, -0.171]",5000,90,0.06,"['emissivity_band10', 'emissivity_band11', 'emissivity_band12', 'emissivity_band13', 'emissivity_band14', 'temperature', 'ndvi']"
EC_Pichincha_west,EC_Pichincha_west.tif,1,"[-78.618, -0.171]",5000,90,0.06,"['emissivity_band10', 'emissivity_band11', 'emissivity_band12', 'emissivity_band13', 'emissivity_band14', 'temperature', 'ndvi']"
EC_Cayambe_center,EC_Cayambe_center.tif,1,"[-77.986, 0.029]",5000,90,0.06,"['emissivity_band10', 'emissivity_band11', 'emissivity_band12', 'emissivity_band13', 'emissivity_band14', 'temperature', 'ndvi']"
EC_Cayambe_north,EC_Cayambe_north.tif,1,"[-77.986, 0.044]",5000,90,0.06,"['emissivity_band10', 'emissivity_band11', 'emissivity_band12', 'emissivity_band13', 'emissivity_band14', 'temperature', 'ndvi']"
EC_Cayambe_south,EC_Cayambe_south.tif,1,"[-77.986, 0.014]",5000,90,0.06,"['emissivity_band10', 'emissivity_band11', 'emissivity_band12', 'emissivity_band13', 'emissivity_band14', 'temperature', 'ndvi']"
EC_Cayambe_east,EC_Cayambe_east.tif,1,"[-77.966, 0.029]",5000,90,0.06,"['emissivity_band10', 'emissivity_band11', 'emissivity_band12', 'emissivity_band13', 'emissivity_band14', 'temperature', 'ndvi']"
EC_Cayambe_west,EC_Cayambe_west.tif,1,"[-78.006, 0.029]",5000,90,0.06,"['emissivity_band10', 'emissivity_band11', 'emissivity_band12', 'emissivity_band13', 'emissivity_band14', 'temperature', 'ndvi']"
EC_Antisana_center,EC_Antisana_center.tif,1,"[-78.14, -0.481]",5000,90,0.06,"['emissivity_band10', 'emissivity_band11', 'emissivity_band12', 'emissivity_band13', 'emissivity_band14', 'temperature', 'ndvi']"
EC_Antisana_north,EC_Antisana_north.tif,1,"[-78.14, -0.466]",5000,90,0.06,"['emissivity_band10', 'emissivity_band11', 'emissivity_band12', 'emissivity_band13', 'emissivity_band14', 'temperature', 'ndvi']"
EC_Antisana_south,EC_Antisana_south.tif,1,"[-78.14, -0.496]",5000,90,0.06,"['emissivity_band10', 'emissivity_band11', 'emissivity_band12', 'emissivity_band13', 'emissivity_band14', 'temperature', 'ndvi']"
EC_Antisana_east,EC_Antisana_east.tif,1,"[-78.12, -0.481]",5000,90,0.06,"['emissivity_band10', 'emissivity_band11', 'emissivity_band12', 'emissivity_band13', 'emissivity_band14', 'temperature', 'ndvi']"
EC_Antisana_west,EC_Antisana_west.tif,1,"[-78.16, -0.481]",5000,90,0.06,"['emissivity_band10', 'emissivity_band11', 'emissivity_band12', 'emissivity_band13', 'emissivity_band14', 'temperature', 'ndvi']"
EC_Chimborazo_center,EC_Chimborazo_center.tif,1,"[-78.817, -1.469]",5000,90,0.06,"['emissivity_band10', 'emissivity_band11', 'emissivity_band12', 'emissivity_band13', 'emissivity_band14', 'temperature', 'ndvi']"
EC_Chimborazo_north,EC_Chimborazo_north.tif,1,"[-78.817, -1.454]",5000,90,0.06,"['emissivity_band10', 'emissivity_band11', 'emissivity_band12', 'emissivity_band13', 'emissivity_band14', 'temperature', 'ndvi']"
EC_Chimborazo_south,EC_Chimborazo_south.tif,1,"[-78.817, -1.484]",5000,90,0.06,"['emissivity_band10', 'emissivity_band11', 'emissivity_band12', 'emissivity_band13', 'emissivity_band14', 'temperature', 'ndvi']"
EC_Chimborazo_east,EC_Chimborazo_east.tif,1,"[-78.797, -1.469]",5000,90,0.06,"['emissivity_band10', 'emissivity_band11', 'emissivity_band12', 'emissivity_band13', 'emissivity_band14', 'temperature', 'ndvi']"
EC_Chimborazo_west,EC_Chimborazo_west.tif,1,"[-78.837, -1.469]",5000,90,0.06,"['emissivity_band10', 'emissivity_band11', 'emissivity_band12', 'emissivity_band13', 'emissivity_band14', 'temperature', 'ndvi']"
EC_Chalupas_center,EC_Chalupas_center.tif,1,"[-78.34, -0.78]",5000,90,0.06,"['emissivity_band10', 'emissivity_band11', 'emissivity_band12', 'emissivity_band13', 'emissivity_band14', 'temperature', 'ndvi']"
EC_Chalupas_north,EC_Chalupas_north.tif,1,"[-78.34, -0.765]",5000,90,0.06,"['emissivity_band10', 'emissivity_band11', 'emissivity_band12', 'emissivity_band13', 'emissivity_band14', 'temperature', 'ndvi']"
EC_Chalupas_south,EC_Chalupas_south.tif,1,"[-78.34, -0.795]",5000,90,0.06,"['emissivity_band10', 'emissivity_band11', 'emissivity_band12', 'emissivity_band13', 'emissivity_band14', 'temperature', 'ndvi']"
EC_Chalupas_east,EC_Chalupas_east.tif,1,"[-78.32, -0.78]",5000,90,0.06,"['emissivity_band10', 'emissivity_band11', 'emissivity_band12', 'emissivity_band13', 'emissivity_band14', 'temperature', 'ndvi']"
EC_Chalupas_west,EC_Chalupas_west.tif,1,"[-78.36, -0.78]",5000,90,0.06,"['emissivity_band10', 'emissivity_band11', 'emissivity_band12', 'emissivity_band13', 'emissivity_band14', 'temperature', 'ndvi']"
EC_Quilotoa_center,EC_Quilotoa_center.tif,1,"[-78.9, -0.85]",5000,90,0.06,"['emissivity_band10', 'emissivity_band11', 'emissivity_band12', 'emissivity_band13', 'emissivity_band14', 'temperature', 'ndvi']"
EC_Quilotoa_north,EC_Quilotoa_north.tif,1,"[-78.9, -0.835]",5000,90,0.06,"['emissivity_band10', 'emissivity_band11', 'emissivity_band12', 'emissivity_band13', 'emissivity_band14', 'temperature', 'ndvi']"
EC_Quilotoa_south,EC_Quilotoa_south.tif,1,"[-78.9, -0.865]",5000,90,0.06,"['emissivity_band10', 'emissivity_band11', 'emissivity_band12', 'emissivity_band13', 'emissivity_band14', 'temperature', 'ndvi']"
EC_Illiniza_center,EC_Illiniza_center.tif,1,"[-78.714, -0.659]",5000,90,0.06,"['emissivity_band10', 'emissivity_band11', 'emissivity_band12', 'emissivity_band13', 'emissivity_band14', 'temperature', 'ndvi']"
EC_Illiniza_north,EC_Illiniza_north.tif,1,"[-78.714, -0.644]",5000,90,0.06,"['emissivity_band10', 'emissivity_band11', 'emissivity_band12', 'emissivity_band13', 'emissivity_band14', 'temperature', 'ndvi']"
EC_Illiniza_south,EC_Illiniza_south.tif,1,"[-78.714, -0.674]",5000,90,0.06,"['emissivity_band10', 'emissivity_band11', 'emissivity_band12', 'emissivity_band13', 'emissivity_band14', 'temperature', 'ndvi']"
EC_Chachimbiro_center,EC_Chachimbiro_center.tif,1,"[-78.29, 0.46]",5000,90,0.06,"['emissivity_band10', 'emissivity_band11', 'emissivity_band12', 'emissivity_band13', 'emissivity_band14', 'temperature', 'ndvi']"
EC_Chachimbiro_north,EC_Chachimbiro_north.tif,1,"[-78.29, 0.475]",5000,90,0.06,"['emissivity_band10', 'emissivity_band11', 'emissivity_band12', 'emissivity_band13', 'emissivity_band14', 'temperature', 'ndvi']"
EC_Chachimbiro_south,EC_Chachimbiro_south.tif,1,"[-78.29, 0.445]",5000,90,0.06,"['emissivity_band10', 'emissivity_band11', 'emissivity_band12', 'emissivity_band13', 'emissivity_band14', 'temperature', 'ndvi']"
EC_Cuicocha_center,EC_Cuicocha_center.tif,1,"[-78.364, 0.308]",5000,90,0.06,"['emissivity_band10', 'emissivity_band11', 'emissivity_band12', 'emissivity_band13', 'emissivity_band14', 'temperature', 'ndvi']"
EC_Cuicocha_north,EC_Cuicocha_north.tif,1,"[-78.364, 0.323]",5000,90,0.06,"['emissivity_band10', 'emissivity_band11', 'emissivity_band12', 'emissivity_band13', 'emissivity_band14', 'temperature', 'ndvi']"
EC_Cuicocha_south,EC_Cuicocha_south.tif,1,"[-78.364, 0.293]",5000,90,0.06,"['emissivity_band10', 'emissivity_band11', 'emissivity_band12', 'emissivity_band13', 'emissivity_band14', 'temperature', 'ndvi']"
EC_Pululagua_center,EC_Pululagua_center.tif,1,"[-78.463, 0.038]",5000,90,0.06,"['emissivity_band10', 'emissivity_band11', 'emissivity_band12', 'emissivity_band13', 'emissivity_band14', 'temperature', 'ndvi']"
EC_Pululagua_north,EC_Pululagua_north.tif,1,"[-78.463, 0.053]",5000,90,0.06,"['emissivity_band10', 'emissivity_band11', 'emissivity_band12', 'emissivity_band13', 'emissivity_band14', 'temperature', 'ndvi']"
EC_Pululagua_south,EC_Pululagua_south.tif,1,"[-78.463, 0.023]",5000,90,0.06,"['emissivity_band10', 'emissivity_band11', 'emissivity_band12', 'emissivity_band13', 'emissivity_band14', 'temperature', 'ndvi']"
EC_Atacazo_center,EC_Atacazo_center.tif,1,"[-78.617, -0.353]",5000,90,0.06,"['emissivity_band10', 'emissivity_band11', 'emissivity_band12', 'emissivity_band13', 'emissivity_band14', 'temperature', 'ndvi']"
EC_Atacazo_north,EC_Atacazo_north.tif,1,"[-78.617, -0.338]",5000,90,0.06,"['emissivity_band10', 'emissivity_band11', 'emissivity_band12', 'emissivity_band13', 'emissivity_band14', 'temperature', 'ndvi']"
EC_Atacazo_south,EC_Atacazo_south.tif,1,"[-78.617, -0.368]",5000,90,0.06,"['emissivity_band10', 'emissivity_band11', 'emissivity_band12', 'emissivity_band13', 'emissivity_band14', 'temperature', 'ndvi']"
EC_Cotacachi_center,EC_Cotacachi_center.tif,1,"[-78.349, 0.361]",5000,90,0.06,"['emissivity_band10', 'emissivity_band11', 'emissivity_band12', 'emissivity_band13', 'emissivity_band14', 'temperature', 'ndvi']"
EC_Cotacachi_north,EC_Cotacachi_north.tif,1,"[-78.349, 0.376]",5000,90,0.06,"['emissivity_band10', 'emissivity_band11', 'emissivity_band12', 'emissivity_band13', 'emissivity_band14', 'temperature', 'ndvi']"
EC_Cotacachi_south,EC_Cotacachi_south.tif,1,"[-78.349, 0.346]",5000,90,0.06,"['emissivity_band10', 'emissivity_band11', 'emissivity_band12', 'emissivity_band13', 'emissivity_band14', 'temperature', 'ndvi']"
EC_Mojanda_center,EC_Mojanda_center.tif,1,"[-78.27, 0.13]",5000,90,0.06,"['emissivity_band10', 'emissivity_band11', 'emissivity_band12', 'emissivity_band13', 'emissivity_band14', 'temperature', 'ndvi']"
EC_Mojanda_north,EC_Mojanda_north.tif,1,"[-78.27, 0.145]",5000,90,0.06,"['emissivity_band10', 'emissivity_band11', 'emissivity_band12', 'emissivity_band13', 'emissivity_band14', 'temperature', 'ndvi']"
EC_Mojanda_south,EC_Mojanda_south.tif,1,"[-78.27, 0.115]",5000,90,0.06,"['emissivity_band10', 'emissivity_band11', 'emissivity_band12', 'emissivity_band13', 'emissivity_band14', 'temperature', 'ndvi']"
EC_Imbabura_center,EC_Imbabura_center.tif,1,"[-78.18, 0.26]",5000,90,0.06,"['emissivity_band10', 'emissivity_band11', 'emissivity_band12', 'emissivity_band13', 'emissivity_band14', 'temperature', 'ndvi']"
EC_Imbabura_north,EC_Imbabura_north.tif,1,"[-78.18, 0.275]",5000,90,0.06,"['emissivity_band10', 'emissivity_band11', 'emissivity_band12', 'emissivity_band13', 'emissivity_band14', 'temperature', 'ndvi']"
EC_Imbabura_south,EC_Imbabura_south.tif,1,"[-78.18, 0.245]",5000,90,0.06,"['emissivity_band10', 'emissivity_band11', 'emissivity_band12', 'emissivity_band13', 'emissivity_band14', 'temperature', 'ndvi']"
EC_Banos_Agua_Santa,EC_Banos_Agua_Santa.tif,1,"[-78.42, -1.4]",5000,90,0.06,"['emissivity_band10', 'emissivity_band11', 'emissivity_band12', 'emissivity_band13', 'emissivity_band14', 'temperature', 'ndvi']"
EC_Papallacta_thermal,EC_Papallacta_thermal.tif,1,"[-78.14, -0.37]",5000,90,0.06,"['emissivity_band10', 'emissivity_band11', 'emissivity_band12', 'emissivity_band13', 'emissivity_band14', 'temperature', 'ndvi']"
EC_Oyacachi_thermal,EC_Oyacachi_thermal.tif,1,"[-78.07, -0.21]",5000,90,0.06,"['emissivity_band10', 'emissivity_band11', 'emissivity_band12', 'emissivity_band13', 'emissivity_band14', 'temperature', 'ndvi']"
EC_Nangulvi_thermal,EC_Nangulvi_thermal.tif,1,"[-78.5, 0.33]",5000,90,0.06,"['emissivity_band10', 'emissivity_band11', 'emissivity_band12', 'emissivity_band13', 'emissivity_band14', 'temperature', 'ndvi']"
EC_San_Vicente_thermal,EC_San_Vicente_thermal.tif,1,"[-80.23, -2.22]",5000,90,0.01,"['emissivity_band10', 'emissivity_band11', 'emissivity_band12', 'emissivity_band13', 'emissivity_band14', 'temperature', 'ndvi']"
EC_Guapan_thermal,EC_Guapan_thermal.tif,1,"[-78.9, -2.73]",5000,90,0.06,"['emissivity_band10', 'emissivity_band11', 'emissivity_band12', 'emissivity_band13', 'emissivity_band14', 'temperature', 'ndvi']"
PE_Misti_center,PE_Misti_center.tif,1,"[-71.409, -16.294]",5000,90,0.06,"['emissivity_band10', 'emissivity_band11', 'emissivity_band12', 'emissivity_band13', 'emissivity_band14', 'temperature', 'ndvi']"
PE_Misti_north,PE_Misti_north.tif,1,"[-71.409, -16.279]",5000,90,0.05,"['emissivity_band10', 'emissivity_band11', 'emissivity_band12', 'emissivity_band13', 'emissivity_band14', 'temperature', 'ndvi']"
PE_Misti_south,PE_Misti_south.tif,1,"[-71.409, -16.309]",5000,90,0.05,"['emissivity_band10', 'emissivity_band11', 'emissivity_band12', 'emissivity_band13', 'emissivity_band14', 'temperature', 'ndvi']"
PE_Misti_east,PE_Misti_east.tif,1,"[-71.389, -16.294]",5000,90,0.06,"['emissivity_band10', 'emissivity_band11', 'emissivity_band12', 'emissivity_band13', 'emissivity_band14', 'temperature', 'ndvi']"
PE_Misti_west,PE_Misti_west.tif,1,"[-71.429, -16.294]",5000,90,0.05,"['emissivity_band10', 'emissivity_band11', 'emissivity_band12', 'emissivity_band13', 'emissivity_band14', 'temperature', 'ndvi']"
PE_Misti_NE,PE_Misti_NE.tif,1,"[-71.389, -16.279]",5000,90,0.05,"['emissivity_band10', 'emissivity_band11', 'emissivity_band12', 'emissivity_band13', 'emissivity_band14', 'temperature', 'ndvi']"
PE_Misti_SW,PE_Misti_SW.tif,1,"[-71.429, -16.309]",5000,90,0.05,"['emissivity_band10', 'emissivity_band11', 'emissivity_band12', 'emissivity_band13', 'emissivity_band14', 'temperature', 'ndvi']"
PE_Ubinas_center,PE_Ubinas_center.tif,1,"[-70.903, -16.355]",5000,90,0.05,"['emissivity_band10', 'emissivity_band11', 'emissivity_band12', 'emissivity_band13', 'emissivity_band14', 'temperature', 'ndvi']"
PE_Ubinas_north,PE_Ubinas_north.tif,1,"[-70.903, -16.34]",5000,90,0.05,"['emissivity_band10', 'emissivity_band11', 'emissivity_band12', 'emissivity_band13', 'emissivity_band14', 'temperature', 'ndvi']"
PE_Ubinas_south,PE_Ubinas_south.tif,1,"[-70.903, -16.37]",5000,90,0.06,"['emissivity_band10', 'emissivity_band11', 'emissivity_band12', 'emissivity_band13', 'emissivity_band14', 'temperature', 'ndvi']"
PE_Ubinas_east,PE_Ubinas_east.tif,1,"[-70.883, -16.355]",5000,90,0.06,"['emissivity_band10', 'emissivity_band11', 'emissivity_band12', 'emissivity_band13', 'emissivity_band14', 'temperature', 'ndvi']"
PE_Ubinas_west,PE_Ubinas_west.tif,1,"[-70.923, -16.355]",5000,90,0.05,"['emissivity_band10', 'emissivity_band11', 'emissivity_band12', 'emissivity_band13', 'emissivity_band14', 'temperature', 'ndvi']"
PE_Ubinas_NE,PE_Ubinas_NE.tif,1,"[-70.883, -16.34]",5000,90,0.06,"['emissivity_band10', 'emissivity_band11', 'emissivity_band12', 'emissivity_band13', 'emissivity_band14', 'temperature', 'ndvi']"
PE_Ubinas_SW,PE_Ubinas_SW.tif,1,"[-70.923, -16.37]",5000,90,0.06,"['emissivity_band10', 'emissivity_band11', 'emissivity_band12', 'emissivity_band13', 'emissivity_band14', 'temperature', 'ndvi']"
PE_Sabancaya_center,PE_Sabancaya_center.tif,1,"[-71.85, -15.78]",5000,90,0.06,"['emissivity_band10', 'emissivity_band11', 'emissivity_band12', 'emissivity_band13', 'emissivity_band14', 'temperature', 'ndvi']"
PE_Sabancaya_north,PE_Sabancaya_north.tif,1,"[-71.85, -15.765]",5000,90,0.06,"['emissivity_band10', 'emissivity_band11', 'emissivity_band12', 'emissivity_band13', 'emissivity_band14', 'temperature', 'ndvi']"
PE_Sabancaya_south,PE_Sabancaya_south.tif,1,"[-71.85, -15.795]",5000,90,0.06,"['emissivity_band10', 'emissivity_band11', 'emissivity_band12', 'emissivity_band13', 'emissivity_band14', 'temperature', 'ndvi']"
PE_Sabancaya_east,PE_Sabancaya_east.tif,1,"[-71.83, -15.78]",5000,90,0.06,"['emissivity_band10', 'emissivity_band11', 'emissivity_band12', 'emissivity_band13', 'emissivity_band14', 'temperature', 'ndvi']"
PE_Sabancaya_west,PE_Sabancaya_west.tif,1,"[-71.87, -15.78]",5000,90,0.06,"['emissivity_band10', 'emissivity_band11', 'emissivity_band12', 'emissivity_band13', 'emissivity_band14', 'temperature', 'ndvi']"
PE_Sabancaya_NE,PE_Sabancaya_NE.tif,1,"[-71.83, -15.765]",5000,90,0.06,"['emissivity_band10', 'emissivity_band11', 'emissivity_band12', 'emissivity_band13', 'emissivity_band14', 'temperature', 'ndvi']"
PE_Sabancaya_SW,PE_Sabancaya_SW.tif,1,"[-71.87, -15.795]",5000,90,0.06,"['emissivity_band10', 'emissivity_band11', 'emissivity_band12', 'emissivity_band13', 'emissivity_band14', 'temperature', 'ndvi']"
PE_Chachani_center,PE_Chachani_center.tif,1,"[-71.532, -16.191]",5000,90,0.06,"['emissivity_band10', 'emissivity_band11', 'emissivity_band12', 'emissivity_band13', 'emissivity_band14', 'temperature', 'ndvi']"
PE_Chachani_north,PE_Chachani_north.tif,1,"[-71.53, -16.176]",5000,90,0.06,"['emissivity_band10', 'emissivity_band11', 'emissivity_band12', 'emissivity_band13', 'emissivity_band14', 'temperature', 'ndvi']"
PE_Chachani_south,PE_Chachani_south.tif,1,"[-71.53, -16.206]",5000,90,0.06,"['emissivity_band10', 'emissivity_band11', 'emissivity_band12', 'emissivity_band13', 'emissivity_band14', 'temperature', 'ndvi']"
PE_Chachani_east,PE_Chachani_east.tif,1,"[-71.51, -16.191]",5000,90,0.06,"['emissivity_band10', 'emissivity_band11', 'emissivity_band12', 'emissivity_band13', 'emissivity_band14', 'temperature', 'ndvi']"
PE_Chachani_west,PE_Chachani_west.tif,1,"[-71.55, -16.191]",5000,90,0.06,"['emissivity_band10', 'emissivity_band11', 'emissivity_band12', 'emissivity_band13', 'emissivity_band14', 'temperature', 'ndvi']"
PE_Huaynaputina_center,PE_Huaynaputina_center.tif,1,"[-70.85, -16.608]",5000,90,0.05,"['emissivity_band10', 'emissivity_band11', 'emissivity_band12', 'emissivity_band13', 'emissivity_band14', 'temperature', 'ndvi']"
PE_Huaynaputina_north,PE_Huaynaputina_north.tif,1,"[-70.85, -16.593]",5000,90,0.05,"['emissivity_band10', 'emissivity_band11', 'emissivity_band12', 'emissivity_band13', 'emissivity_band14', 'temperature', 'ndvi']"
PE_Huaynaputina_south,PE_Huaynaputina_south.tif,1,"[-70.85, -16.623]",5000,90,0.05,"['emissivity_band10', 'emissivity_band11', 'emissivity_band12', 'emissivity_band13', 'emissivity_band14', 'temperature', 'ndvi']"
PE_Huaynaputina_east,PE_Huaynaputina_east.tif,1,"[-70.83, -16.608]",5000,90,0.05,"['emissivity_band10', 'emissivity_band11', 'emissivity_band12', 'emissivity_band13', 'emissivity_band14', 'temperature', 'ndvi']"
PE_Huaynaputina_west,PE_Huaynaputina_west.tif,1,"[-70.87, -16.608]",5000,90,0.05,"['emissivity_band10', 'emissivity_band11', 'emissivity_band12', 'emissivity_band13', 'emissivity_band14', 'temperature', 'ndvi']"
PE_Tutupaca_center,PE_Tutupaca_center.tif,1,"[-70.36, -17.025]",5000,90,0.06,"['emissivity_band10', 'emissivity_band11', 'emissivity_band12', 'emissivity_band13', 'emissivity_band14', 'temperature', 'ndvi']"
PE_Tutupaca_north,PE_Tutupaca_north.tif,1,"[-70.358, -17.01]",5000,90,0.06,"['emissivity_band10', 'emissivity_band11', 'emissivity_band12', 'emissivity_band13', 'emissivity_band14', 'temperature', 'ndvi']"
PE_Tutupaca_south,PE_Tutupaca_south.tif,1,"[-70.358, -17.04]",5000,90,0.06,"['emissivity_band10', 'emissivity_band11', 'emissivity_band12', 'emissivity_band13', 'emissivity_band14', 'temperature', 'ndvi']"
PE_Tutupaca_east,PE_Tutupaca_east.tif,1,"[-70.338, -17.025]",5000,90,0.06,"['emissivity_band10', 'emissivity_band11', 'emissivity_band12', 'emissivity_band13', 'emissivity_band14', 'temperature', 'ndvi']"
PE_Tutupaca_west,PE_Tutupaca_west.tif,1,"[-70.378, -17.025]",5000,90,0.06,"['emissivity_band10', 'emissivity_band11', 'emissivity_band12', 'emissivity_band13', 'emissivity_band14', 'temperature', 'ndvi']"
PE_Ticsani_center,PE_Ticsani_center.tif,1,"[-70.595, -16.755]",5000,90,0.06,"['emissivity_band10', 'emissivity_band11', 'emissivity_band12', 'emissivity_band13', 'emissivity_band14', 'temperature', 'ndvi']"
PE_Ticsani_north,PE_Ticsani_north.tif,1,"[-70.595, -16.74]",5000,90,0.05,"['emissivity_band10', 'emissivity_band11', 'emissivity_band12', 'emissivity_band13', 'emissivity_band14', 'temperature', 'ndvi']"
PE_Ticsani_south,PE_Ticsani_south.tif,1,"[-70.595, -16.77]",5000,90,0.05,"['emissivity_band10', 'emissivity_band11', 'emissivity_band12', 'emissivity_band13', 'emissivity_band14', 'temperature', 'ndvi']"
PE_Ticsani_east,PE_Ticsani_east.tif,1,"[-70.575, -16.755]",5000,90,0.05,"['emissivity_band10', 'emissivity_band11', 'emissivity_band12', 'emissivity_band13', 'emissivity_band14', 'temperature', 'ndvi']"
PE_Yucamane_center,PE_Yucamane_center.tif,1,"[-70.202, -17.18]",5000,90,0.06,"['emissivity_band10', 'emissivity_band11', 'emissivity_band12', 'emissivity_band13', 'emissivity_band14', 'temperature', 'ndvi']"
PE_Ticsani_west,PE_Ticsani_west.tif,1,"[-70.615, -16.755]",5000,90,0.06,"['emissivity_band10', 'emissivity_band11', 'emissivity_band12', 'emissivity_band13', 'emissivity_band14', 'temperature', 'ndvi']"
PE_Yucamane_north,PE_Yucamane_north.tif,1,"[-70.2, -17.165]",5000,90,0.06,"['emissivity_band10', 'emissivity_band11', 'emissivity_band12', 'emissivity_band13', 'emissivity_band14', 'temperature', 'ndvi']"
PE_Yucamane_south,PE_Yucamane_south.tif,1,"[-70.2, -17.195]",5000,90,0.05,"['emissivity_band10', 'emissivity_band11', 'emissivity_band12', 'emissivity_band13', 'emissivity_band14', 'temperature', 'ndvi']"
PE_Yucamane_east,PE_Yucamane_east.tif,1,"[-70.18, -17.18]",5000,90,0.06,"['emissivity_band10', 'emissivity_band11', 'emissivity_band12', 'emissivity_band13', 'emissivity_band14', 'temperature', 'ndvi']"
PE_Yucamane_west,PE_Yucamane_west.tif,1,"[-70.22, -17.18]",5000,90,0.06,"['emissivity_band10', 'emissivity_band11', 'emissivity_band12', 'emissivity_band13', 'emissivity_band14', 'temperature', 'ndvi']"
PE_Coropuna_center,PE_Coropuna_center.tif,1,"[-72.653, -15.52]",5000,90,0.06,"['emissivity_band10', 'emissivity_band11', 'emissivity_band12', 'emissivity_band13', 'emissivity_band14', 'temperature', 'ndvi']"
PE_Coropuna_north,PE_Coropuna_north.tif,1,"[-72.65, -15.505]",5000,90,0.06,"['emissivity_band10', 'emissivity_band11', 'emissivity_band12', 'emissivity_band13', 'emissivity_band14', 'temperature', 'ndvi']"
PE_Coropuna_south,PE_Coropuna_south.tif,1,"[-72.65, -15.535]",5000,90,0.06,"['emissivity_band10', 'emissivity_band11', 'emissivity_band12', 'emissivity_band13', 'emissivity_band14', 'temperature', 'ndvi']"
PE_Coropuna_east,PE_Coropuna_east.tif,1,"[-72.63, -15.52]",5000,90,0.06,"['emissivity_band10', 'emissivity_band11', 'emissivity_band12', 'emissivity_band13', 'emissivity_band14', 'temperature', 'ndvi']"
PE_Coropuna_west,PE_Coropuna_west.tif,1,"[-72.67, -15.52]",5000,90,0.06,"['emissivity_band10', 'emissivity_band11', 'emissivity_band12', 'emissivity_band13', 'emissivity_band14', 'temperature', 'ndvi']"
PE_Casiri_center,PE_Casiri_center.tif,1,"[-69.813, -17.47]",5000,90,0.06,"['emissivity_band10', 'emissivity_band11', 'emissivity_band12', 'emissivity_band13', 'emissivity_band14', 'temperature', 'ndvi']"
PE_Casiri_north,PE_Casiri_north.tif,1,"[-69.813, -17.455]",5000,90,0.06,"['emissivity_band10', 'emissivity_band11', 'emissivity_band12', 'emissivity_band13', 'emissivity_band14', 'temperature', 'ndvi']"
PE_Casiri_south,PE_Casiri_south.tif,1,"[-69.813, -17.485]",5000,90,0.06,"['emissivity_band10', 'emissivity_band11', 'emissivity_band12', 'emissivity_band13', 'emissivity_band14', 'temperature', 'ndvi']"
PE_Ampato_center,PE_Ampato_center.tif,1,"[-71.89, -15.82]",5000,90,0.06,"['emissivity_band10', 'emissivity_band11', 'emissivity_band12', 'emissivity_band13', 'emissivity_band14', 'temperature', 'ndvi']"
PE_Ampato_north,PE_Ampato_north.tif,1,"[-71.883, -15.802]",5000,90,0.06,"['emissivity_band10', 'emissivity_band11', 'emissivity_band12', 'emissivity_band13', 'emissivity_band14', 'temperature', 'ndvi']"
PE_Ampato_south,PE_Ampato_south.tif,1,"[-71.883, -15.832]",5000,90,0.06,"['emissivity_band10', 'emissivity_band11', 'emissivity_band12', 'emissivity_band13', 'emissivity_band14', 'temperature', 'ndvi']"
PE_Sara_Sara_center,PE_Sara_Sara_center.tif,1,"[-73.45, -15.326]",5000,90,0.06,"['emissivity_band10', 'emissivity_band11', 'emissivity_band12', 'emissivity_band13', 'emissivity_band14', 'temperature', 'ndvi']"
PE_Sara_Sara_north,PE_Sara_Sara_north.tif,1,"[-73.45, -15.315]",5000,90,0.06,"['emissivity_band10', 'emissivity_band11', 'emissivity_band12', 'emissivity_band13', 'emissivity_band14', 'temperature', 'ndvi']"
PE_Sara_Sara_south,PE_Sara_Sara_south.tif,1,"[-73.45, -15.345]",5000,90,0.06,"['emissivity_band10', 'emissivity_band11', 'emissivity_band12', 'emissivity_band13', 'emissivity_band14', 'temperature', 'ndvi']"
PE_Calientes_center,PE_Calientes_center.tif,1,"[-69.9, -17.55]",5000,90,0.06,"['emissivity_band10', 'emissivity_band11', 'emissivity_band12', 'emissivity_band13', 'emissivity_band14', 'temperature', 'ndvi']"
PE_Calientes_north,PE_Calientes_north.tif,1,"[-69.9, -17.535]",5000,90,0.06,"['emissivity_band10', 'emissivity_band11', 'emissivity_band12', 'emissivity_band13', 'emissivity_band14', 'temperature', 'ndvi']"
PE_Calientes_south,PE_Calientes_south.tif,1,"[-69.9, -17.565]",5000,90,0.06,"['emissivity_band10', 'emissivity_band11', 'emissivity_band12', 'emissivity_band13', 'emissivity_band14', 'temperature', 'ndvi']"
PE_Borateras_center,PE_Borateras_center.tif,1,"[-69.83, -17.48]",5000,90,0.06,"['emissivity_band10', 'emissivity_band11', 'emissivity_band12', 'emissivity_band13', 'emissivity_band14', 'temperature', 'ndvi']"
PE_Borateras_north,PE_Borateras_north.tif,1,"[-69.83, -17.465]",5000,90,0.06,"['emissivity_band10', 'emissivity_band11', 'emissivity_band12', 'emissivity_band13', 'emissivity_band14', 'temperature', 'ndvi']"
PE_Borateras_south,PE_Borateras_south.tif,1,"[-69.83, -17.495]",5000,90,0.06,"['emissivity_band10', 'emissivity_band11', 'emissivity_band12', 'emissivity_band13', 'emissivity_band14', 'temperature', 'ndvi']"
PE_Salinas_Chivay_thermal,PE_Salinas_Chivay_thermal.tif,1,"[-71.6, -15.63]",5000,90,0.06,"['emissivity_band10', 'emissivity_band11', 'emissivity_band12', 'emissivity_band13', 'emissivity_band14', 'temperature', 'ndvi']"
PE_Banos_del_Inca_thermal,PE_Banos_del_Inca_thermal.tif,1,"[-78.47, -7.16]",5000,90,0.06,"['emissivity_band10', 'emissivity_band11', 'emissivity_band12', 'emissivity_band13', 'emissivity_band14', 'temperature', 'ndvi']"
PE_Churin_thermal,PE_Churin_thermal.tif,1,"[-76.87, -10.82]",5000,90,0.06,"['emissivity_band10', 'emissivity_band11', 'emissivity_band12', 'emissivity_band13', 'emissivity_band14', 'temperature', 'ndvi']"
PE_Yura_thermal,PE_Yura_thermal.tif,1,"[-71.68, -16.25]",5000,90,0.05,"['emissivity_band10', 'emissivity_band11', 'emissivity_band12', 'emissivity_band13', 'emissivity_band14', 'temperature', 'ndvi']"
PE_Jesus_thermal,PE_Jesus_thermal.tif,1,"[-71.46, -16.48]",5000,90,0.05,"['emissivity_band10', 'emissivity_band11', 'emissivity_band12', 'emissivity_band13', 'emissivity_band14', 'temperature', 'ndvi']"
PE_Calientes_Candarave,PE_Calientes_Candarave.tif,1,"[-70.26, -17.29]",5000,90,0.05,"['emissivity_band10', 'emissivity_band11', 'emissivity_band12', 'emissivity_band13', 'emissivity_band14', 'temperature', 'ndvi']"
PE_La_Calera_Chivay,PE_La_Calera_Chivay.tif,1,"[-71.59, -15.64]",5000,90,0.06,"['emissivity_band10', 'emissivity_band11', 'emissivity_band12', 'emissivity_band13', 'emissivity_band14', 'temperature', 'ndvi']"
PE_Rio_Jesus_thermal,PE_Rio_Jesus_thermal.tif,1,"[-70.2, -16.35]",5000,90,0.06,"['emissivity_band10', 'emissivity_band11', 'emissivity_band12', 'emissivity_band13', 'emissivity_band14', 'temperature', 'ndvi']"
CL_El_Tatio_center,CL_El_Tatio_center.tif,1,"[-68.01, -22.332]",5000,90,0.06,"['emissivity_band10', 'emissivity_band11', 'emissivity_band12', 'emissivity_band13', 'emissivity_band14', 'temperature', 'ndvi']"
CL_El_Tatio_north,CL_El_Tatio_north.tif,1,"[-68.01, -22.317]",5000,90,0.06,"['emissivity_band10', 'emissivity_band11', 'emissivity_band12', 'emissivity_band13', 'emissivity_band14', 'temperature', 'ndvi']"
CL_El_Tatio_south,CL_El_Tatio_south.tif,1,"[-68.01, -22.347]",5000,90,0.06,"['emissivity_band10', 'emissivity_band11', 'emissivity_band12', 'emissivity_band13', 'emissivity_band14', 'temperature', 'ndvi']"
CL_El_Tatio_east,CL_El_Tatio_east.tif,1,"[-67.99, -22.332]",5000,90,0.06,"['emissivity_band10', 'emissivity_band11', 'emissivity_band12', 'emissivity_band13', 'emissivity_band14', 'temperature', 'ndvi']"
CL_El_Tatio_west,CL_El_Tatio_west.tif,1,"[-68.03, -22.332]",5000,90,0.05,"['emissivity_band10', 'emissivity_band11', 'emissivity_band12', 'emissivity_band13', 'emissivity_band14', 'temperature', 'ndvi']"
CL_El_Tatio_NE,CL_El_Tatio_NE.tif,1,"[-67.99, -22.317]",5000,90,0.06,"['emissivity_band10', 'emissivity_band11', 'emissivity_band12', 'emissivity_band13', 'emissivity_band14', 'temperature', 'ndvi']"
CL_El_Tatio_SW,CL_El_Tatio_SW.tif,1,"[-68.03, -22.347]",5000,90,0.05,"['emissivity_band10', 'emissivity_band11', 'emissivity_band12', 'emissivity_band13', 'emissivity_band14', 'temperature', 'ndvi']"
CL_Cerro_Pabellon_center,CL_Cerro_Pabellon_center.tif,1,"[-68.15, -22.31]",5000,90,0.05,"['emissivity_band10', 'emissivity_band11', 'emissivity_band12', 'emissivity_band13', 'emissivity_band14', 'temperature', 'ndvi']"
CL_Cerro_Pabellon_north,CL_Cerro_Pabellon_north.tif,1,"[-68.15, -21.835]",5000,90,0.05,"['emissivity_band10', 'emissivity_band11', 'emissivity_band12', 'emissivity_band13', 'emissivity_band14', 'temperature', 'ndvi']"
CL_Cerro_Pabellon_south,CL_Cerro_Pabellon_south.tif,1,"[-68.15, -21.865]",5000,90,0.05,"['emissivity_band10', 'emissivity_band11', 'emissivity_band12', 'emissivity_band13', 'emissivity_band14', 'temperature', 'ndvi']"
CL_Cerro_Pabellon_east,CL_Cerro_Pabellon_east.tif,1,"[-68.13, -21.85]",5000,90,0.05,"['emissivity_band10', 'emissivity_band11', 'emissivity_band12', 'emissivity_band13', 'emissivity_band14', 'temperature', 'ndvi']"
CL_Cerro_Pabellon_west,CL_Cerro_Pabellon_west.tif,1,"[-68.17, -21.85]",5000,90,0.05,"['emissivity_band10', 'emissivity_band11', 'emissivity_band12', 'emissivity_band13', 'emissivity_band14', 'temperature', 'ndvi']"
CL_Cerro_Pabellon_NE,CL_Cerro_Pabellon_NE.tif,1,"[-68.137, -22.297]",5000,90,0.05,"['emissivity_band10', 'emissivity_band11', 'emissivity_band12', 'emissivity_band13', 'emissivity_band14', 'temperature', 'ndvi']"
CL_Cerro_Pabellon_SW,CL_Cerro_Pabellon_SW.tif,1,"[-68.163, -22.323]",5000,90,0.05,"['emissivity_band10', 'emissivity_band11', 'emissivity_band12', 'emissivity_band13', 'emissivity_band14', 'temperature', 'ndvi']"
CL_Puchuldiza_center,CL_Puchuldiza_center.tif,1,"[-69.0, -19.417]",5000,90,0.05,"['emissivity_band10', 'emissivity_band11', 'emissivity_band12', 'emissivity_band13', 'emissivity_band14', 'temperature', 'ndvi']"
CL_Puchuldiza_north,CL_Puchuldiza_north.tif,1,"[-69.0, -19.402]",5000,90,0.05,"['emissivity_band10', 'emissivity_band11', 'emissivity_band12', 'emissivity_band13', 'emissivity_band14', 'temperature', 'ndvi']"
CL_Puchuldiza_south,CL_Puchuldiza_south.tif,1,"[-69.0, -19.432]",5000,90,0.06,"['emissivity_band10', 'emissivity_band11', 'emissivity_band12', 'emissivity_band13', 'emissivity_band14', 'temperature', 'ndvi']"
CL_Puchuldiza_east,CL_Puchuldiza_east.tif,1,"[-68.98, -19.417]",5000,90,0.06,"['emissivity_band10', 'emissivity_band11', 'emissivity_band12', 'emissivity_band13', 'emissivity_band14', 'temperature', 'ndvi']"
CL_Puchuldiza_west,CL_Puchuldiza_west.tif,1,"[-69.02, -19.417]",5000,90,0.05,"['emissivity_band10', 'emissivity_band11', 'emissivity_band12', 'emissivity_band13', 'emissivity_band14', 'temperature', 'ndvi']"
CL_Puchuldiza_NE,CL_Puchuldiza_NE.tif,1,"[-68.98, -19.402]",5000,90,0.06,"['emissivity_band10', 'emissivity_band11', 'emissivity_band12', 'emissivity_band13', 'emissivity_band14', 'temperature', 'ndvi']"
CL_Puchuldiza_SW,CL_Puchuldiza_SW.tif,1,"[-69.02, -19.432]",5000,90,0.05,"['emissivity_band10', 'emissivity_band11', 'emissivity_band12', 'emissivity_band13', 'emissivity_band14', 'temperature', 'ndvi']"
CL_Chillan_center,CL_Chillan_center.tif,1,"[-71.37, -36.86]",5000,90,0.07,"['emissivity_band10', 'emissivity_band11', 'emissivity_band12', 'emissivity_band13', 'emissivity_band14', 'temperature', 'ndvi']"
CL_Chillan_north,CL_Chillan_north.tif,1,"[-71.37, -36.845]",5000,90,0.07,"['emissivity_band10', 'emissivity_band11', 'emissivity_band12', 'emissivity_band13', 'emissivity_band14', 'temperature', 'ndvi']"
CL_Chillan_south,CL_Chillan_south.tif,1,"[-71.37, -36.875]",5000,90,0.07,"['emissivity_band10', 'emissivity_band11', 'emissivity_band12', 'emissivity_band13', 'emissivity_band14', 'temperature', 'ndvi']"
CL_Chillan_east,CL_Chillan_east.tif,1,"[-71.35, -36.86]",5000,90,0.07,"['emissivity_band10', 'emissivity_band11', 'emissivity_band12', 'emissivity_band13', 'emissivity_band14', 'temperature', 'ndvi']"
CL_Chillan_west,CL_Chillan_west.tif,1,"[-71.39, -36.86]",5000,90,0.07,"['emissivity_band10', 'emissivity_band11', 'emissivity_band12', 'emissivity_band13', 'emissivity_band14', 'temperature', 'ndvi']"
CL_Chillan_NE,CL_Chillan_NE.tif,1,"[-71.35, -36.845]",5000,90,0.07,"['emissivity_band10', 'emissivity_band11', 'emissivity_band12', 'emissivity_band13', 'emissivity_band14', 'temperature', 'ndvi']"
CL_Chillan_SW,CL_Chillan_SW.tif,1,"[-71.39, -36.875]",5000,90,0.07,"['emissivity_band10', 'emissivity_band11', 'emissivity_band12', 'emissivity_band13', 'emissivity_band14', 'temperature', 'ndvi']"
CL_Lascar_center,CL_Lascar_center.tif,1,"[-67.73, -23.37]",5000,90,0.05,"['emissivity_band10', 'emissivity_band11', 'emissivity_band12', 'emissivity_band13', 'emissivity_band14', 'temperature', 'ndvi']"
CL_Lascar_north,CL_Lascar_north.tif,1,"[-67.73, -23.355]",5000,90,0.05,"['emissivity_band10', 'emissivity_band11', 'emissivity_band12', 'emissivity_band13', 'emissivity_band14', 'temperature', 'ndvi']"
CL_Lascar_south,CL_Lascar_south.tif,1,"[-67.73, -23.385]",5000,90,0.05,"['emissivity_band10', 'emissivity_band11', 'emissivity_band12', 'emissivity_band13', 'emissivity_band14', 'temperature', 'ndvi']"
CL_Lascar_east,CL_Lascar_east.tif,1,"[-67.71, -23.37]",5000,90,0.05,"['emissivity_band10', 'emissivity_band11', 'emissivity_band12', 'emissivity_band13', 'emissivity_band14', 'temperature', 'ndvi']"
CL_Lascar_west,CL_Lascar_west.tif,1,"[-67.75, -23.37]",5000,90,0.05,"['emissivity_band10', 'emissivity_band11', 'emissivity_band12', 'emissivity_band13', 'emissivity_band14', 'temperature', 'ndvi']"
CL_Guallatiri_center,CL_Guallatiri_center.tif,1,"[-69.092, -18.423]",5000,90,0.06,"['emissivity_band10', 'emissivity_band11', 'emissivity_band12', 'emissivity_band13', 'emissivity_band14', 'temperature', 'ndvi']"
CL_Guallatiri_north,CL_Guallatiri_north.tif,1,"[-69.09, -18.405]",5000,90,0.06,"['emissivity_band10', 'emissivity_band11', 'emissivity_band12', 'emissivity_band13', 'emissivity_band14', 'temperature', 'ndvi']"
CL_Guallatiri_south,CL_Guallatiri_south.tif,1,"[-69.09, -18.435]",5000,90,0.06,"['emissivity_band10', 'emissivity_band11', 'emissivity_band12', 'emissivity_band13', 'emissivity_band14', 'temperature', 'ndvi']"
CL_Guallatiri_east,CL_Guallatiri_east.tif,1,"[-69.07, -18.42]",5000,90,0.06,"['emissivity_band10', 'emissivity_band11', 'emissivity_band12', 'emissivity_band13', 'emissivity_band14', 'temperature', 'ndvi']"
CL_Guallatiri_west,CL_Guallatiri_west.tif,1,"[-69.11, -18.42]",5000,90,0.05,"['emissivity_band10', 'emissivity_band11', 'emissivity_band12', 'emissivity_band13', 'emissivity_band14', 'temperature', 'ndvi']"
CL_Calabozos_center,CL_Calabozos_center.tif,1,"[-70.5, -35.55]",5000,90,0.07,"['emissivity_band10', 'emissivity_band11', 'emissivity_band12', 'emissivity_band13', 'emissivity_band14', 'temperature', 'ndvi']"
CL_Calabozos_north,CL_Calabozos_north.tif,1,"[-70.5, -35.535]",5000,90,0.07,"['emissivity_band10', 'emissivity_band11', 'emissivity_band12', 'emissivity_band13', 'emissivity_band14', 'temperature', 'ndvi']"
CL_Calabozos_south,CL_Calabozos_south.tif,1,"[-70.5, -35.565]",5000,90,0.07,"['emissivity_band10', 'emissivity_band11', 'emissivity_band12', 'emissivity_band13', 'emissivity_band14', 'temperature', 'ndvi']"
CL_Calabozos_east,CL_Calabozos_east.tif,1,"[-70.48, -35.55]",5000,90,0.07,"['emissivity_band10', 'emissivity_band11', 'emissivity_band12', 'emissivity_band13', 'emissivity_band14', 'temperature', 'ndvi']"
CL_Calabozos_west,CL_Calabozos_west.tif,1,"[-70.52, -35.55]",5000,90,0.07,"['emissivity_band10', 'emissivity_band11', 'emissivity_band12', 'emissivity_band13', 'emissivity_band14', 'temperature', 'ndvi']"
CL_Tolhuaca_center,CL_Tolhuaca_center.tif,1,"[-71.645, -38.31]",5000,90,0.07,"['emissivity_band10', 'emissivity_band11', 'emissivity_band12', 'emissivity_band13', 'emissivity_band14', 'temperature', 'ndvi']"
CL_Tolhuaca_north,CL_Tolhuaca_north.tif,1,"[-71.65, -38.305]",5000,90,0.07,"['emissivity_band10', 'emissivity_band11', 'emissivity_band12', 'emissivity_band13', 'emissivity_band14', 'temperature', 'ndvi']"
CL_Tolhuaca_south,CL_Tolhuaca_south.tif,1,"[-71.65, -38.335]",5000,90,0.07,"['emissivity_band10', 'emissivity_band11', 'emissivity_band12', 'emissivity_band13', 'emissivity_band14', 'temperature', 'ndvi']"
CL_Tolhuaca_east,CL_Tolhuaca_east.tif,1,"[-71.63, -38.32]",5000,90,0.07,"['emissivity_band10', 'emissivity_band11', 'emissivity_band12', 'emissivity_band13', 'emissivity_band14', 'temperature', 'ndvi']"
CL_Tolhuaca_west,CL_Tolhuaca_west.tif,1,"[-71.67, -38.32]",5000,90,0.07,"['emissivity_band10', 'emissivity_band11', 'emissivity_band12', 'emissivity_band13', 'emissivity_band14', 'temperature', 'ndvi']"
CL_Cordon_Caulle_center,CL_Cordon_Caulle_center.tif,1,"[-71.75, -40.52]",5000,90,0.06,"['emissivity_band10', 'emissivity_band11', 'emissivity_band12', 'emissivity_band13', 'emissivity_band14', 'temperature', 'ndvi']"
CL_Cordon_Caulle_north,CL_Cordon_Caulle_north.tif,1,"[-71.75, -40.505]",5000,90,0.07,"['emissivity_band10', 'emissivity_band11', 'emissivity_band12', 'emissivity_band13', 'emissivity_band14', 'temperature', 'ndvi']"
CL_Cordon_Caulle_south,CL_Cordon_Caulle_south.tif,1,"[-71.75, -40.535]",5000,90,0.06,"['emissivity_band10', 'emissivity_band11', 'emissivity_band12', 'emissivity_band13', 'emissivity_band14', 'temperature', 'ndvi']"
CL_Cordon_Caulle_east,CL_Cordon_Caulle_east.tif,1,"[-71.73, -40.52]",5000,90,0.07,"['emissivity_band10', 'emissivity_band11', 'emissivity_band12', 'emissivity_band13', 'emissivity_band14', 'temperature', 'ndvi']"
CL_Cordon_Caulle_west,CL_Cordon_Caulle_west.tif,1,"[-71.77, -40.52]",5000,90,0.06,"['emissivity_band10', 'emissivity_band11', 'emissivity_band12', 'emissivity_band13', 'emissivity_band14', 'temperature', 'ndvi']"
CL_Villarrica_center,CL_Villarrica_center.tif,1,"[-71.93, -39.42]",5000,90,0.07,"['emissivity_band10', 'emissivity_band11', 'emissivity_band12', 'emissivity_band13', 'emissivity_band14', 'temperature', 'ndvi']"
CL_Villarrica_north,CL_Villarrica_north.tif,1,"[-71.93, -39.405]",5000,90,0.07,"['emissivity_band10', 'emissivity_band11', 'emissivity_band12', 'emissivity_band13', 'emissivity_band14', 'temperature', 'ndvi']"
CL_Villarrica_east,CL_Villarrica_east.tif,1,"[-71.91, -39.42]",5000,90,0.07,"['emissivity_band10', 'emissivity_band11', 'emissivity_band12', 'emissivity_band13', 'emissivity_band14', 'temperature', 'ndvi']"
CL_Putana_center,CL_Putana_center.tif,1,"[-67.856, -22.568]",5000,90,0.06,"['emissivity_band10', 'emissivity_band11', 'emissivity_band12', 'emissivity_band13', 'emissivity_band14', 'temperature', 'ndvi']"
CL_Villarrica_west,CL_Villarrica_west.tif,1,"[-71.95, -39.42]",5000,90,0.07,"['emissivity_band10', 'emissivity_band11', 'emissivity_band12', 'emissivity_band13', 'emissivity_band14', 'temperature', 'ndvi']"
CL_Villarrica_south,CL_Villarrica_south.tif,1,"[-71.93, -39.435]",5000,90,0.07,"['emissivity_band10', 'emissivity_band11', 'emissivity_band12', 'emissivity_band13', 'emissivity_band14', 'temperature', 'ndvi']"
CL_Putana_north,CL_Putana_north.tif,1,"[-67.85, -22.555]",5000,90,0.06,"['emissivity_band10', 'emissivity_band11', 'emissivity_band12', 'emissivity_band13', 'emissivity_band14', 'temperature', 'ndvi']"
CL_Putana_south,CL_Putana_south.tif,1,"[-67.85, -22.585]",5000,90,0.06,"['emissivity_band10', 'emissivity_band11', 'emissivity_band12', 'emissivity_band13', 'emissivity_band14', 'temperature', 'ndvi']"
CL_Irruputuncu_center,CL_Irruputuncu_center.tif,1,"[-68.56, -20.74]",5000,90,0.06,"['emissivity_band10', 'emissivity_band11', 'emissivity_band12', 'emissivity_band13', 'emissivity_band14', 'temperature', 'ndvi']"
CL_Irruputuncu_north,CL_Irruputuncu_north.tif,1,"[-68.55, -20.715]",5000,90,0.05,"['emissivity_band10', 'emissivity_band11', 'emissivity_band12', 'emissivity_band13', 'emissivity_band14', 'temperature', 'ndvi']"
CL_Irruputuncu_south,CL_Irruputuncu_south.tif,1,"[-68.55, -20.745]",5000,90,0.05,"['emissivity_band10', 'emissivity_band11', 'emissivity_band12', 'emissivity_band13', 'emissivity_band14', 'temperature', 'ndvi']"
CL_Isluga_center,CL_Isluga_center.tif,1,"[-68.831, -19.15]",5000,90,0.06,"['emissivity_band10', 'emissivity_band11', 'emissivity_band12', 'emissivity_band13', 'emissivity_band14', 'temperature', 'ndvi']"
CL_Isluga_north,CL_Isluga_north.tif,1,"[-68.83, -19.135]",5000,90,0.06,"['emissivity_band10', 'emissivity_band11', 'emissivity_band12', 'emissivity_band13', 'emissivity_band14', 'temperature', 'ndvi']"
CL_Isluga_south,CL_Isluga_south.tif,1,"[-68.83, -19.165]",5000,90,0.06,"['emissivity_band10', 'emissivity_band11', 'emissivity_band12', 'emissivity_band13', 'emissivity_band14', 'temperature', 'ndvi']"
CL_Ollague_center,CL_Ollague_center.tif,1,"[-68.18, -21.3]",5000,90,0.06,"['emissivity_band10', 'emissivity_band11', 'emissivity_band12', 'emissivity_band13', 'emissivity_band14', 'temperature', 'ndvi']"
CL_Ollague_north,CL_Ollague_north.tif,1,"[-68.18, -21.285]",5000,90,0.05,"['emissivity_band10', 'emissivity_band11', 'emissivity_band12', 'emissivity_band13', 'emissivity_band14', 'temperature', 'ndvi']"
CL_Ollague_south,CL_Ollague_south.tif,1,"[-68.18, -21.315]",5000,90,0.06,"['emissivity_band10', 'emissivity_band11', 'emissivity_band12', 'emissivity_band13', 'emissivity_band14', 'temperature', 'ndvi']"
CL_San_Pedro_center,CL_San_Pedro_center.tif,1,"[-68.4, -21.88]",5000,90,0.05,"['emissivity_band10', 'emissivity_band11', 'emissivity_band12', 'emissivity_band13', 'emissivity_band14', 'temperature', 'ndvi']"
CL_San_Pedro_north,CL_San_Pedro_north.tif,1,"[-68.4, -21.865]",5000,90,0.05,"['emissivity_band10', 'emissivity_band11', 'emissivity_band12', 'emissivity_band13', 'emissivity_band14', 'temperature', 'ndvi']"
CL_San_Pedro_south,CL_San_Pedro_south.tif,1,"[-68.4, -21.895]",5000,90,0.05,"['emissivity_band10', 'emissivity_band11', 'emissivity_band12', 'emissivity_band13', 'emissivity_band14', 'temperature', 'ndvi']"
CL_Tacora_center,CL_Tacora_center.tif,1,"[-69.771, -17.72]",5000,90,0.06,"['emissivity_band10', 'emissivity_band11', 'emissivity_band12', 'emissivity_band13', 'emissivity_band14', 'temperature', 'ndvi']"
CL_Tacora_north,CL_Tacora_north.tif,1,"[-69.77, -17.705]",5000,90,0.06,"['emissivity_band10', 'emissivity_band11', 'emissivity_band12', 'emissivity_band13', 'emissivity_band14', 'temperature', 'ndvi']"
CL_Tacora_south,CL_Tacora_south.tif,1,"[-69.77, -17.735]",5000,90,0.05,"['emissivity_band10', 'emissivity_band11', 'emissivity_band12', 'emissivity_band13', 'emissivity_band14', 'temperature', 'ndvi']"
CL_Licancabur_center,CL_Licancabur_center.tif,1,"[-67.883, -22.833]",5000,90,0.05,"['emissivity_band10', 'emissivity_band11', 'emissivity_band12', 'emissivity_band13', 'emissivity_band14', 'temperature', 'ndvi']"
CL_Licancabur_north,CL_Licancabur_north.tif,1,"[-67.883, -22.818]",5000,90,0.05,"['emissivity_band10', 'emissivity_band11', 'emissivity_band12', 'emissivity_band13', 'emissivity_band14', 'temperature', 'ndvi']"
CL_Licancabur_south,CL_Licancabur_south.tif,1,"[-67.883, -22.848]",5000,90,0.05,"['emissivity_band10', 'emissivity_band11', 'emissivity_band12', 'emissivity_band13', 'emissivity_band14', 'temperature', 'ndvi']"
CL_Surire_center,CL_Surire_center.tif,1,"[-69.05, -18.85]",5000,90,0.05,"['emissivity_band10', 'emissivity_band11', 'emissivity_band12', 'emissivity_band13', 'emissivity_band14', 'temperature', 'ndvi']"
CL_Surire_north,CL_Surire_north.tif,1,"[-69.05, -18.835]",5000,90,0.06,"['emissivity_band10', 'emissivity_band11', 'emissivity_band12', 'emissivity_band13', 'emissivity_band14', 'temperature', 'ndvi']"
CL_Surire_south,CL_Surire_south.tif,1,"[-69.05, -18.865]",5000,90,0.05,"['emissivity_band10', 'emissivity_band11', 'emissivity_band12', 'emissivity_band13', 'emissivity_band14', 'temperature', 'ndvi']"
CL_Parinacota_center,CL_Parinacota_center.tif,1,"[-69.142, -18.17]",5000,90,0.05,"['emissivity_band10', 'emissivity_band11', 'emissivity_band12', 'emissivity_band13', 'emissivity_band14', 'temperature', 'ndvi']"
CL_Parinacota_north,CL_Parinacota_north.tif,1,"[-69.14, -18.155]",5000,90,0.06,"['emissivity_band10', 'emissivity_band11', 'emissivity_band12', 'emissivity_band13', 'emissivity_band14', 'temperature', 'ndvi']"
CL_Parinacota_south,CL_Parinacota_south.tif,1,"[-69.14, -18.185]",5000,90,0.05,"['emissivity_band10', 'emissivity_band11', 'emissivity_band12', 'emissivity_band13', 'emissivity_band14', 'temperature', 'ndvi']"
CL_Llaima_center,CL_Llaima_center.tif,1,"[-71.73, -38.69]",5000,90,0.07,"['emissivity_band10', 'emissivity_band11', 'emissivity_band12', 'emissivity_band13', 'emissivity_band14', 'temperature', 'ndvi']"
CL_Llaima_north,CL_Llaima_north.tif,1,"[-71.73, -38.675]",5000,90,0.07,"['emissivity_band10', 'emissivity_band11', 'emissivity_band12', 'emissivity_band13', 'emissivity_band14', 'temperature', 'ndvi']"
CL_Llaima_south,CL_Llaima_south.tif,1,"[-71.73, -38.705]",5000,90,0.07,"['emissivity_band10', 'emissivity_band11', 'emissivity_band12', 'emissivity_band13', 'emissivity_band14', 'temperature', 'ndvi']"
CL_Copahue_center,CL_Copahue_center.tif,1,"[-71.17, -37.85]",5000,90,0.07,"['emissivity_band10', 'emissivity_band11', 'emissivity_band12', 'emissivity_band13', 'emissivity_band14', 'temperature', 'ndvi']"
CL_Copahue_north,CL_Copahue_north.tif,1,"[-71.17, -37.835]",5000,90,0.07,"['emissivity_band10', 'emissivity_band11', 'emissivity_band12', 'emissivity_band13', 'emissivity_band14', 'temperature', 'ndvi']"
CL_Copahue_south,CL_Copahue_south.tif,1,"[-71.17, -37.865]",5000,90,0.07,"['emissivity_band10', 'emissivity_band11', 'emissivity_band12', 'emissivity_band13', 'emissivity_band14', 'temperature', 'ndvi']"
CL_Antuco_center,CL_Antuco_center.tif,1,"[-71.349, -37.406]",5000,90,0.06,"['emissivity_band10', 'emissivity_band11', 'emissivity_band12', 'emissivity_band13', 'emissivity_band14', 'temperature', 'ndvi']"
CL_Antuco_north,CL_Antuco_north.tif,1,"[-71.349, -37.391]",5000,90,0.06,"['emissivity_band10', 'emissivity_band11', 'emissivity_band12', 'emissivity_band13', 'emissivity_band14', 'temperature', 'ndvi']"
CL_Antuco_south,CL_Antuco_south.tif,1,"[-71.349, -37.421]",5000,90,0.07,"['emissivity_band10', 'emissivity_band11', 'emissivity_band12', 'emissivity_band13', 'emissivity_band14', 'temperature', 'ndvi']"
CL_Callaqui_center,CL_Callaqui_center.tif,1,"[-71.449, -37.923]",5000,90,0.07,"['emissivity_band10', 'emissivity_band11', 'emissivity_band12', 'emissivity_band13', 'emissivity_band14', 'temperature', 'ndvi']"
CL_Callaqui_north,CL_Callaqui_north.tif,1,"[-71.449, -37.908]",5000,90,0.07,"['emissivity_band10', 'emissivity_band11', 'emissivity_band12', 'emissivity_band13', 'emissivity_band14', 'temperature', 'ndvi']"
CL_Callaqui_south,CL_Callaqui_south.tif,1,"[-71.449, -37.938]",5000,90,0.07,"['emissivity_band10', 'emissivity_band11', 'emissivity_band12', 'emissivity_band13', 'emissivity_band14', 'temperature', 'ndvi']"
CL_Polloquere_thermal,CL_Polloquere_thermal.tif,1,"[-69.06, -18.855]",5000,90,0.05,"['emissivity_band10', 'emissivity_band11', 'emissivity_band12', 'emissivity_band13', 'emissivity_band14', 'temperature', 'ndvi']"
CL_Jurasi_thermal,CL_Jurasi_thermal.tif,1,"[-69.51, -18.18]",5000,90,0.06,"['emissivity_band10', 'emissivity_band11', 'emissivity_band12', 'emissivity_band13', 'emissivity_band14', 'temperature', 'ndvi']"
CL_Colina_thermal,CL_Colina_thermal.tif,1,"[-70.3, -33.3]",5000,90,0.07,"['emissivity_band10', 'emissivity_band11', 'emissivity_band12', 'emissivity_band13', 'emissivity_band14', 'temperature', 'ndvi']"
CL_Huife_thermal,CL_Huife_thermal.tif,1,"[-71.75, -39.35]",5000,90,0.06,"['emissivity_band10', 'emissivity_band11', 'emissivity_band12', 'emissivity_band13', 'emissivity_band14', 'temperature', 'ndvi']"
CL_Geometricas_thermal,CL_Geometricas_thermal.tif,1,"[-71.9, -39.6]",5000,90,0.06,"['emissivity_band10', 'emissivity_band11', 'emissivity_band12', 'emissivity_band13', 'emissivity_band14', 'temperature', 'ndvi']"
CL_Flaco_thermal,CL_Flaco_thermal.tif,1,"[-70.42, -34.97]",5000,90,0.07,"['emissivity_band10', 'emissivity_band11', 'emissivity_band12', 'emissivity_band13', 'emissivity_band14', 'temperature', 'ndvi']"
CL_Menetue_thermal,CL_Menetue_thermal.tif,1,"[-71.85, -39.33]",5000,90,0.06,"['emissivity_band10', 'emissivity_band11', 'emissivity_band12', 'emissivity_band13', 'emissivity_band14', 'temperature', 'ndvi']"
CO_Sotara_center,CO_Sotara_center.tif,1,"[-76.59, 2.11]",5000,90,0.04,"['emissivity_band10', 'emissivity_band11', 'emissivity_band12', 'emissivity_band13', 'emissivity_band14', 'temperature', 'ndvi']"
CO_Sotara_N,CO_Sotara_N.tif,1,"[-76.59, 2.123]",5000,90,0.04,"['emissivity_band10', 'emissivity_band11', 'emissivity_band12', 'emissivity_band13', 'emissivity_band14', 'temperature', 'ndvi']"
CO_Sotara_S,CO_Sotara_S.tif,1,"[-76.59, 2.097]",5000,90,0.03,"['emissivity_band10', 'emissivity_band11', 'emissivity_band12', 'emissivity_band13', 'emissivity_band14', 'temperature', 'ndvi']"
CO_Sotara_E,CO_Sotara_E.tif,1,"[-76.577, 2.11]",5000,90,0.03,"['emissivity_band10', 'emissivity_band11', 'emissivity_band12', 'emissivity_band13', 'emissivity_band14', 'temperature', 'ndvi']"
CO_Sotara_W,CO_Sotara_W.tif,1,"[-76.603, 2.11]",5000,90,0.04,"['emissivity_band10', 'emissivity_band11', 'emissivity_band12', 'emissivity_band13', 'emissivity_band14', 'temperature', 'ndvi']"
CO_Sotara_NE,CO_Sotara_NE.tif,1,"[-76.577, 2.123]",5000,90,0.04,"['emissivity_band10', 'emissivity_band11', 'emissivity_band12', 'emissivity_band13', 'emissivity_band14', 'temperature', 'ndvi']"
CO_Sotara_NW,CO_Sotara_NW.tif,1,"[-76.603, 2.123]",5000,90,0.04,"['emissivity_band10', 'emissivity_band11', 'emissivity_band12', 'emissivity_band13', 'emissivity_band14', 'temperature', 'ndvi']"
CO_Sotara_SE,CO_Sotara_SE.tif,1,"[-76.577, 2.097]",5000,90,0.03,"['emissivity_band10', 'emissivity_band11', 'emissivity_band12', 'emissivity_band13', 'emissivity_band14', 'temperature', 'ndvi']"
CO_Sotara_SW,CO_Sotara_SW.tif,1,"[-76.603, 2.097]",5000,90,0.04,"['emissivity_band10', 'emissivity_band11', 'emissivity_band12', 'emissivity_band13', 'emissivity_band14', 'temperature', 'ndvi']"
CO_Dona_Juana_center,CO_Dona_Juana_center.tif,1,"[-76.93, 1.49]",5000,90,0.06,"['emissivity_band10', 'emissivity_band11', 'emissivity_band12', 'emissivity_band13', 'emissivity_band14', 'temperature', 'ndvi']"
CO_Dona_Juana_N,CO_Dona_Juana_N.tif,1,"[-76.93, 1.503]",5000,90,0.06,"['emissivity_band10', 'emissivity_band11', 'emissivity_band12', 'emissivity_band13', 'emissivity_band14', 'temperature', 'ndvi']"
CO_Dona_Juana_S,CO_Dona_Juana_S.tif,1,"[-76.93, 1.477]",5000,90,0.06,"['emissivity_band10', 'emissivity_band11', 'emissivity_band12', 'emissivity_band13', 'emissivity_band14', 'temperature', 'ndvi']"
CO_Dona_Juana_E,CO_Dona_Juana_E.tif,1,"[-76.917, 1.49]",5000,90,0.06,"['emissivity_band10', 'emissivity_band11', 'emissivity_band12', 'emissivity_band13', 'emissivity_band14', 'temperature', 'ndvi']"
CO_Dona_Juana_W,CO_Dona_Juana_W.tif,1,"[-76.943, 1.49]",5000,90,0.06,"['emissivity_band10', 'emissivity_band11', 'emissivity_band12', 'emissivity_band13', 'emissivity_band14', 'temperature', 'ndvi']"
CO_Dona_Juana_NE,CO_Dona_Juana_NE.tif,1,"[-76.917, 1.503]",5000,90,0.06,"['emissivity_band10', 'emissivity_band11', 'emissivity_band12', 'emissivity_band13', 'emissivity_band14', 'temperature', 'ndvi']"
CO_Dona_Juana_NW,CO_Dona_Juana_NW.tif,1,"[-76.943, 1.503]",5000,90,0.06,"['emissivity_band10', 'emissivity_band11', 'emissivity_band12', 'emissivity_band13', 'emissivity_band14', 'temperature', 'ndvi']"
CO_Dona_Juana_SE,CO_Dona_Juana_SE.tif,1,"[-76.917, 1.477]",5000,90,0.06,"['emissivity_band10', 'emissivity_band11', 'emissivity_band12', 'emissivity_band13', 'emissivity_band14', 'temperature', 'ndvi']"
CO_Dona_Juana_SW,CO_Dona_Juana_SW.tif,1,"[-76.943, 1.477]",5000,90,0.06,"['emissivity_band10', 'emissivity_band11', 'emissivity_band12', 'emissivity_band13', 'emissivity_band14', 'temperature', 'ndvi']"
CO_Cerro_Negro_Mayasquer_center,CO_Cerro_Negro_Mayasquer_center.tif,1,"[-77.16, 1.08]",5000,90,0.05,"['emissivity_band10', 'emissivity_band11', 'emissivity_band12', 'emissivity_band13', 'emissivity_band14', 'temperature', 'ndvi']"
CO_Cerro_Negro_Mayasquer_N,CO_Cerro_Negro_Mayasquer_N.tif,1,"[-77.16, 1.093]",5000,90,0.05,"['emissivity_band10', 'emissivity_band11', 'emissivity_band12', 'emissivity_band13', 'emissivity_band14', 'temperature', 'ndvi']"
CO_Cerro_Negro_Mayasquer_S,CO_Cerro_Negro_Mayasquer_S.tif,1,"[-77.16, 1.067]",5000,90,0.05,"['emissivity_band10', 'emissivity_band11', 'emissivity_band12', 'emissivity_band13', 'emissivity_band14', 'temperature', 'ndvi']"
CO_Cerro_Negro_Mayasquer_E,CO_Cerro_Negro_Mayasquer_E.tif,1,"[-77.147, 1.08]",5000,90,0.05,"['emissivity_band10', 'emissivity_band11', 'emissivity_band12', 'emissivity_band13', 'emissivity_band14', 'temperature', 'ndvi']"
CO_Cerro_Negro_Mayasquer_W,CO_Cerro_Negro_Mayasquer_W.tif,1,"[-77.173, 1.08]",5000,90,0.05,"['emissivity_band10', 'emissivity_band11', 'emissivity_band12', 'emissivity_band13', 'emissivity_band14', 'temperature', 'ndvi']"
CO_Cerro_Negro_Mayasquer_NE,CO_Cerro_Negro_Mayasquer_NE.tif,1,"[-77.147, 1.093]",5000,90,0.05,"['emissivity_band10', 'emissivity_band11', 'emissivity_band12', 'emissivity_band13', 'emissivity_band14', 'temperature', 'ndvi']"
CO_Cerro_Negro_Mayasquer_NW,CO_Cerro_Negro_Mayasquer_NW.tif,1,"[-77.173, 1.093]",5000,90,0.05,"['emissivity_band10', 'emissivity_band11', 'emissivity_band12', 'emissivity_band13', 'emissivity_band14', 'temperature', 'ndvi']"
CO_Cerro_Negro_Mayasquer_SE,CO_Cerro_Negro_Mayasquer_SE.tif,1,"[-77.147, 1.067]",5000,90,0.05,"['emissivity_band10', 'emissivity_band11', 'emissivity_band12', 'emissivity_band13', 'emissivity_band14', 'temperature', 'ndvi']"
CO_Cerro_Negro_Mayasquer_SW,CO_Cerro_Negro_Mayasquer_SW.tif,1,"[-77.173, 1.067]",5000,90,0.05,"['emissivity_band10', 'emissivity_band11', 'emissivity_band12', 'emissivity_band13', 'emissivity_band14', 'temperature', 'ndvi']"
CO_Cerro_Bravo_center,CO_Cerro_Bravo_center.tif,1,"[-75.3, 5.09]",5000,90,0.06,"['emissivity_band10', 'emissivity_band11', 'emissivity_band12', 'emissivity_band13', 'emissivity_band14', 'temperature', 'ndvi']"
CO_Cerro_Bravo_N,CO_Cerro_Bravo_N.tif,1,"[-75.3, 5.103]",5000,90,0.06,"['emissivity_band10', 'emissivity_band11', 'emissivity_band12', 'emissivity_band13', 'emissivity_band14', 'temperature', 'ndvi']"
CO_Cerro_Bravo_S,CO_Cerro_Bravo_S.tif,1,"[-75.3, 5.077]",5000,90,0.06,"['emissivity_band10', 'emissivity_band11', 'emissivity_band12', 'emissivity_band13', 'emissivity_band14', 'temperature', 'ndvi']"
CO_Cerro_Bravo_E,CO_Cerro_Bravo_E.tif,1,"[-75.287, 5.09]",5000,90,0.06,"['emissivity_band10', 'emissivity_band11', 'emissivity_band12', 'emissivity_band13', 'emissivity_band14', 'temperature', 'ndvi']"
CO_Cerro_Bravo_W,CO_Cerro_Bravo_W.tif,1,"[-75.313, 5.09]",5000,90,0.06,"['emissivity_band10', 'emissivity_band11', 'emissivity_band12', 'emissivity_band13', 'emissivity_band14', 'temperature', 'ndvi']"
CO_Cerro_Bravo_NE,CO_Cerro_Bravo_NE.tif,1,"[-75.287, 5.103]",5000,90,0.06,"['emissivity_band10', 'emissivity_band11', 'emissivity_band12', 'emissivity_band13', 'emissivity_band14', 'temperature', 'ndvi']"
CO_Cerro_Bravo_NW,CO_Cerro_Bravo_NW.tif,1,"[-75.313, 5.103]",5000,90,0.06,"['emissivity_band10', 'emissivity_band11', 'emissivity_band12', 'emissivity_band13', 'emissivity_band14', 'temperature', 'ndvi']"
CO_Cerro_Bravo_SE,CO_Cerro_Bravo_SE.tif,1,"[-75.287, 5.077]",5000,90,0.06,"['emissivity_band10', 'emissivity_band11', 'emissivity_band12', 'emissivity_band13', 'emissivity_band14', 'temperature', 'ndvi']"
CO_Cerro_Bravo_SW,CO_Cerro_Bravo_SW.tif,1,"[-75.313, 5.077]",5000,90,0.06,"['emissivity_band10', 'emissivity_band11', 'emissivity_band12', 'emissivity_band13', 'emissivity_band14', 'temperature', 'ndvi']"
CO_Santa_Isabel_center,CO_Santa_Isabel_center.tif,1,"[-75.37, 4.82]",5000,90,0.06,"['emissivity_band10', 'emissivity_band11', 'emissivity_band12', 'emissivity_band13', 'emissivity_band14', 'temperature', 'ndvi']"
CO_Santa_Isabel_N,CO_Santa_Isabel_N.tif,1,"[-75.37, 4.833]",5000,90,0.06,"['emissivity_band10', 'emissivity_band11', 'emissivity_band12', 'emissivity_band13', 'emissivity_band14', 'temperature', 'ndvi']"
CO_Santa_Isabel_S,CO_Santa_Isabel_S.tif,1,"[-75.37, 4.807]",5000,90,0.06,"['emissivity_band10', 'emissivity_band11', 'emissivity_band12', 'emissivity_band13', 'emissivity_band14', 'temperature', 'ndvi']"
CO_Santa_Isabel_E,CO_Santa_Isabel_E.tif,1,"[-75.357, 4.82]",5000,90,0.06,"['emissivity_band10', 'emissivity_band11', 'emissivity_band12', 'emissivity_band13', 'emissivity_band14', 'temperature', 'ndvi']"
CO_Santa_Isabel_W,CO_Santa_Isabel_W.tif,1,"[-75.383, 4.82]",5000,90,0.06,"['emissivity_band10', 'emissivity_band11', 'emissivity_band12', 'emissivity_band13', 'emissivity_band14', 'temperature', 'ndvi']"
CO_Santa_Isabel_NE,CO_Santa_Isabel_NE.tif,1,"[-75.357, 4.833]",5000,90,0.06,"['emissivity_band10', 'emissivity_band11', 'emissivity_band12', 'emissivity_band13', 'emissivity_band14', 'temperature', 'ndvi']"
CO_Santa_Isabel_NW,CO_Santa_Isabel_NW.tif,1,"[-75.383, 4.833]",5000,90,0.06,"['emissivity_band10', 'emissivity_band11', 'emissivity_band12', 'emissivity_band13', 'emissivity_band14', 'temperature', 'ndvi']"
CO_Santa_Isabel_SE,CO_Santa_Isabel_SE.tif,1,"[-75.357, 4.807]",5000,90,0.06,"['emissivity_band10', 'emissivity_band11', 'emissivity_band12', 'emissivity_band13', 'emissivity_band14', 'temperature', 'ndvi']"
CO_Santa_Isabel_SW,CO_Santa_Isabel_SW.tif,1,"[-75.383, 4.807]",5000,90,0.06,"['emissivity_band10', 'emissivity_band11', 'emissivity_band12', 'emissivity_band13', 'emissivity_band14', 'temperature', 'ndvi']"
CO_Tolima_center,CO_Tolima_center.tif,1,"[-75.33, 4.66]",5000,90,0.06,"['emissivity_band10', 'emissivity_band11', 'emissivity_band12', 'emissivity_band13', 'emissivity_band14', 'temperature', 'ndvi']"
CO_Tolima_N,CO_Tolima_N.tif,1,"[-75.33, 4.673]",5000,90,0.06,"['emissivity_band10', 'emissivity_band11', 'emissivity_band12', 'emissivity_band13', 'emissivity_band14', 'temperature', 'ndvi']"
CO_Tolima_S,CO_Tolima_S.tif,1,"[-75.33, 4.647]",5000,90,0.06,"['emissivity_band10', 'emissivity_band11', 'emissivity_band12', 'emissivity_band13', 'emissivity_band14', 'temperature', 'ndvi']"
CO_Tolima_E,CO_Tolima_E.tif,1,"[-75.317, 4.66]",5000,90,0.06,"['emissivity_band10', 'emissivity_band11', 'emissivity_band12', 'emissivity_band13', 'emissivity_band14', 'temperature', 'ndvi']"
CO_Tolima_W,CO_Tolima_W.tif,1,"[-75.343, 4.66]",5000,90,0.06,"['emissivity_band10', 'emissivity_band11', 'emissivity_band12', 'emissivity_band13', 'emissivity_band14', 'temperature', 'ndvi']"
CO_Tolima_NE,CO_Tolima_NE.tif,1,"[-75.317, 4.673]",5000,90,0.06,"['emissivity_band10', 'emissivity_band11', 'emissivity_band12', 'emissivity_band13', 'emissivity_band14', 'temperature', 'ndvi']"
CO_Tolima_NW,CO_Tolima_NW.tif,1,"[-75.343, 4.673]",5000,90,0.06,"['emissivity_band10', 'emissivity_band11', 'emissivity_band12', 'emissivity_band13', 'emissivity_band14', 'temperature', 'ndvi']"
CO_Tolima_SE,CO_Tolima_SE.tif,1,"[-75.317, 4.647]",5000,90,0.06,"['emissivity_band10', 'emissivity_band11', 'emissivity_band12', 'emissivity_band13', 'emissivity_band14', 'temperature', 'ndvi']"
CO_Tolima_SW,CO_Tolima_SW.tif,1,"[-75.343, 4.647]",5000,90,0.06,"['emissivity_band10', 'emissivity_band11', 'emissivity_band12', 'emissivity_band13', 'emissivity_band14', 'temperature', 'ndvi']"
CO_Huila_center,CO_Huila_center.tif,1,"[-75.58, 2.93]",5000,90,0.06,"['emissivity_band10', 'emissivity_band11', 'emissivity_band12', 'emissivity_band13', 'emissivity_band14', 'temperature', 'ndvi']"
CO_Huila_N,CO_Huila_N.tif,1,"[-75.58, 2.943]",5000,90,0.06,"['emissivity_band10', 'emissivity_band11', 'emissivity_band12', 'emissivity_band13', 'emissivity_band14', 'temperature', 'ndvi']"
CO_Huila_S,CO_Huila_S.tif,1,"[-75.58, 2.917]",5000,90,0.06,"['emissivity_band10', 'emissivity_band11', 'emissivity_band12', 'emissivity_band13', 'emissivity_band14', 'temperature', 'ndvi']"
CO_Huila_E,CO_Huila_E.tif,1,"[-75.567, 2.93]",5000,90,0.06,"['emissivity_band10', 'emissivity_band11', 'emissivity_band12', 'emissivity_band13', 'emissivity_band14', 'temperature', 'ndvi']"
CO_Huila_W,CO_Huila_W.tif,1,"[-75.593, 2.93]",5000,90,0.06,"['emissivity_band10', 'emissivity_band11', 'emissivity_band12', 'emissivity_band13', 'emissivity_band14', 'temperature', 'ndvi']"
CO_Huila_NE,CO_Huila_NE.tif,1,"[-75.567, 2.943]",5000,90,0.06,"['emissivity_band10', 'emissivity_band11', 'emissivity_band12', 'emissivity_band13', 'emissivity_band14', 'temperature', 'ndvi']"
CO_Huila_NW,CO_Huila_NW.tif,1,"[-75.593, 2.943]",5000,90,0.06,"['emissivity_band10', 'emissivity_band11', 'emissivity_band12', 'emissivity_band13', 'emissivity_band14', 'temperature', 'ndvi']"
CO_Huila_SE,CO_Huila_SE.tif,1,"[-75.567, 2.917]",5000,90,0.06,"['emissivity_band10', 'emissivity_band11', 'emissivity_band12', 'emissivity_band13', 'emissivity_band14', 'temperature', 'ndvi']"
CO_Huila_SW,CO_Huila_SW.tif,1,"[-75.593, 2.917]",5000,90,0.06,"['emissivity_band10', 'emissivity_band11', 'emissivity_band12', 'emissivity_band13', 'emissivity_band14', 'temperature', 'ndvi']"
CO_Chiles_center,CO_Chiles_center.tif,1,"[-77.94, 0.82]",5000,90,0.06,"['emissivity_band10', 'emissivity_band11', 'emissivity_band12', 'emissivity_band13', 'emissivity_band14', 'temperature', 'ndvi']"
CO_Chiles_N,CO_Chiles_N.tif,1,"[-77.94, 0.833]",5000,90,0.06,"['emissivity_band10', 'emissivity_band11', 'emissivity_band12', 'emissivity_band13', 'emissivity_band14', 'temperature', 'ndvi']"
CO_Chiles_S,CO_Chiles_S.tif,1,"[-77.94, 0.807]",5000,90,0.06,"['emissivity_band10', 'emissivity_band11', 'emissivity_band12', 'emissivity_band13', 'emissivity_band14', 'temperature', 'ndvi']"
CO_Chiles_E,CO_Chiles_E.tif,1,"[-77.927, 0.82]",5000,90,0.06,"['emissivity_band10', 'emissivity_band11', 'emissivity_band12', 'emissivity_band13', 'emissivity_band14', 'temperature', 'ndvi']"
CO_Chiles_W,CO_Chiles_W.tif,1,"[-77.953, 0.82]",5000,90,0.06,"['emissivity_band10', 'emissivity_band11', 'emissivity_band12', 'emissivity_band13', 'emissivity_band14', 'temperature', 'ndvi']"
CO_Chiles_NE,CO_Chiles_NE.tif,1,"[-77.927, 0.833]",5000,90,0.06,"['emissivity_band10', 'emissivity_band11', 'emissivity_band12', 'emissivity_band13', 'emissivity_band14', 'temperature', 'ndvi']"
CO_Chiles_NW,CO_Chiles_NW.tif,1,"[-77.953, 0.833]",5000,90,0.06,"['emissivity_band10', 'emissivity_band11', 'emissivity_band12', 'emissivity_band13', 'emissivity_band14', 'temperature', 'ndvi']"
CO_Chiles_SE,CO_Chiles_SE.tif,1,"[-77.927, 0.807]",5000,90,0.06,"['emissivity_band10', 'emissivity_band11', 'emissivity_band12', 'emissivity_band13', 'emissivity_band14', 'temperature', 'ndvi']"
CO_Chiles_SW,CO_Chiles_SW.tif,1,"[-77.953, 0.807]",5000,90,0.06,"['emissivity_band10', 'emissivity_band11', 'emissivity_band12', 'emissivity_band13', 'emissivity_band14', 'temperature', 'ndvi']"
CO_Cerro_Machin_center,CO_Cerro_Machin_center.tif,1,"[-75.39, 4.485]",5000,90,0.06,"['emissivity_band10', 'emissivity_band11', 'emissivity_band12', 'emissivity_band13', 'emissivity_band14', 'temperature', 'ndvi']"
CO_Cerro_Machin_N,CO_Cerro_Machin_N.tif,1,"[-75.39, 4.498]",5000,90,0.06,"['emissivity_band10', 'emissivity_band11', 'emissivity_band12', 'emissivity_band13', 'emissivity_band14', 'temperature', 'ndvi']"
CO_Cerro_Machin_S,CO_Cerro_Machin_S.tif,1,"[-75.39, 4.472]",5000,90,0.06,"['emissivity_band10', 'emissivity_band11', 'emissivity_band12', 'emissivity_band13', 'emissivity_band14', 'temperature', 'ndvi']"
CO_Cerro_Machin_E,CO_Cerro_Machin_E.tif,1,"[-75.377, 4.485]",5000,90,0.06,"['emissivity_band10', 'emissivity_band11', 'emissivity_band12', 'emissivity_band13', 'emissivity_band14', 'temperature', 'ndvi']"
CO_Cerro_Machin_W,CO_Cerro_Machin_W.tif,1,"[-75.403, 4.485]",5000,90,0.06,"['emissivity_band10', 'emissivity_band11', 'emissivity_band12', 'emissivity_band13', 'emissivity_band14', 'temperature', 'ndvi']"
CO_Cerro_Machin_NE,CO_Cerro_Machin_NE.tif,1,"[-75.377, 4.498]",5000,90,0.06,"['emissivity_band10', 'emissivity_band11', 'emissivity_band12', 'emissivity_band13', 'emissivity_band14', 'temperature', 'ndvi']"
CO_Cerro_Machin_NW,CO_Cerro_Machin_NW.tif,1,"[-75.403, 4.498]",5000,90,0.06,"['emissivity_band10', 'emissivity_band11', 'emissivity_band12', 'emissivity_band13', 'emissivity_band14', 'temperature', 'ndvi']"
CO_Cerro_Machin_SE,CO_Cerro_Machin_SE.tif,1,"[-75.377, 4.472]",5000,90,0.06,"['emissivity_band10', 'emissivity_band11', 'emissivity_band12', 'emissivity_band13', 'emissivity_band14', 'temperature', 'ndvi']"
CO_Cerro_Machin_SW,CO_Cerro_Machin_SW.tif,1,"[-75.403, 4.472]",5000,90,0.06,"['emissivity_band10', 'emissivity_band11', 'emissivity_band12', 'emissivity_band13', 'emissivity_band14', 'temperature', 'ndvi']"
CO_Romeral_center,CO_Romeral_center.tif,1,"[-75.364, 4.937]",5000,90,0.07,"['emissivity_band10', 'emissivity_band11', 'emissivity_band12', 'emissivity_band13', 'emissivity_band14', 'temperature', 'ndvi']"
CO_Romeral_N,CO_Romeral_N.tif,1,"[-75.364, 4.95]",5000,90,0.06,"['emissivity_band10', 'emissivity_band11', 'emissivity_band12', 'emissivity_band13', 'emissivity_band14', 'temperature', 'ndvi']"
CO_Romeral_S,CO_Romeral_S.tif,1,"[-75.364, 4.924]",5000,90,0.07,"['emissivity_band10', 'emissivity_band11', 'emissivity_band12', 'emissivity_band13', 'emissivity_band14', 'temperature', 'ndvi']"
CO_Romeral_E,CO_Romeral_E.tif,1,"[-75.351, 4.937]",5000,90,0.07,"['emissivity_band10', 'emissivity_band11', 'emissivity_band12', 'emissivity_band13', 'emissivity_band14', 'temperature', 'ndvi']"
CO_Romeral_W,CO_Romeral_W.tif,1,"[-75.377, 4.937]",5000,90,0.06,"['emissivity_band10', 'emissivity_band11', 'emissivity_band12', 'emissivity_band13', 'emissivity_band14', 'temperature', 'ndvi']"
CO_Romeral_NE,CO_Romeral_NE.tif,1,"[-75.351, 4.95]",5000,90,0.06,"['emissivity_band10', 'emissivity_band11', 'emissivity_band12', 'emissivity_band13', 'emissivity_band14', 'temperature', 'ndvi']"
CO_Romeral_NW,CO_Romeral_NW.tif,1,"[-75.377, 4.95]",5000,90,0.06,"['emissivity_band10', 'emissivity_band11', 'emissivity_band12', 'emissivity_band13', 'emissivity_band14', 'temperature', 'ndvi']"
CO_Romeral_SE,CO_Romeral_SE.tif,1,"[-75.351, 4.924]",5000,90,0.07,"['emissivity_band10', 'emissivity_band11', 'emissivity_band12', 'emissivity_band13', 'emissivity_band14', 'temperature', 'ndvi']"
CO_Romeral_SW,CO_Romeral_SW.tif,1,"[-75.377, 4.924]",5000,90,0.07,"['emissivity_band10', 'emissivity_band11', 'emissivity_band12', 'emissivity_band13', 'emissivity_band14', 'temperature', 'ndvi']"
CO_Cisne_center,CO_Cisne_center.tif,1,"[-75.337, 4.837]",5000,90,0.07,"['emissivity_band10', 'emissivity_band11', 'emissivity_band12', 'emissivity_band13', 'emissivity_band14', 'temperature', 'ndvi']"
CO_Cisne_N,CO_Cisne_N.tif,1,"[-75.337, 4.85]",5000,90,0.07,"['emissivity_band10', 'emissivity_band11', 'emissivity_band12', 'emissivity_band13', 'emissivity_band14', 'temperature', 'ndvi']"
CO_Cisne_S,CO_Cisne_S.tif,1,"[-75.337, 4.824]",5000,90,0.06,"['emissivity_band10', 'emissivity_band11', 'emissivity_band12', 'emissivity_band13', 'emissivity_band14', 'temperature', 'ndvi']"
CO_Cisne_E,CO_Cisne_E.tif,1,"[-75.324, 4.837]",5000,90,0.06,"['emissivity_band10', 'emissivity_band11', 'emissivity_band12', 'emissivity_band13', 'emissivity_band14', 'temperature', 'ndvi']"
CO_Cisne_W,CO_Cisne_W.tif,1,"[-75.35, 4.837]",5000,90,0.07,"['emissivity_band10', 'emissivity_band11', 'emissivity_band12', 'emissivity_band13', 'emissivity_band14', 'temperature', 'ndvi']"
CO_Cisne_NE,CO_Cisne_NE.tif,1,"[-75.324, 4.85]",5000,90,0.07,"['emissivity_band10', 'emissivity_band11', 'emissivity_band12', 'emissivity_band13', 'emissivity_band14', 'temperature', 'ndvi']"
CO_Cisne_NW,CO_Cisne_NW.tif,1,"[-75.35, 4.85]",5000,90,0.07,"['emissivity_band10', 'emissivity_band11', 'emissivity_band12', 'emissivity_band13', 'emissivity_band14', 'temperature', 'ndvi']"
CO_Cisne_SE,CO_Cisne_SE.tif,1,"[-75.324, 4.824]",5000,90,0.06,"['emissivity_band10', 'emissivity_band11', 'emissivity_band12', 'emissivity_band13', 'emissivity_band14', 'temperature', 'ndvi']"
CO_Cisne_SW,CO_Cisne_SW.tif,1,"[-75.35, 4.824]",5000,90,0.06,"['emissivity_band10', 'emissivity_band11', 'emissivity_band12', 'emissivity_band13', 'emissivity_band14', 'temperature', 'ndvi']"
CO_Santa_Rosa_Termas_center,CO_Santa_Rosa_Termas_center.tif,1,"[-75.62, 4.87]",5000,90,0.06,"['emissivity_band10', 'emissivity_band11', 'emissivity_band12', 'emissivity_band13', 'emissivity_band14', 'temperature', 'ndvi']"
CO_Santa_Rosa_Termas_N,CO_Santa_Rosa_Termas_N.tif,1,"[-75.62, 4.883]",5000,90,0.06,"['emissivity_band10', 'emissivity_band11', 'emissivity_band12', 'emissivity_band13', 'emissivity_band14', 'temperature', 'ndvi']"
CO_Santa_Rosa_Termas_S,CO_Santa_Rosa_Termas_S.tif,1,"[-75.62, 4.857]",5000,90,0.06,"['emissivity_band10', 'emissivity_band11', 'emissivity_band12', 'emissivity_band13', 'emissivity_band14', 'temperature', 'ndvi']"
CO_Santa_Rosa_Termas_E,CO_Santa_Rosa_Termas_E.tif,1,"[-75.607, 4.87]",5000,90,0.06,"['emissivity_band10', 'emissivity_band11', 'emissivity_band12', 'emissivity_band13', 'emissivity_band14', 'temperature', 'ndvi']"
CO_Santa_Rosa_Termas_W,CO_Santa_Rosa_Termas_W.tif,1,"[-75.633, 4.87]",5000,90,0.06,"['emissivity_band10', 'emissivity_band11', 'emissivity_band12', 'emissivity_band13', 'emissivity_band14', 'temperature', 'ndvi']"
CO_Santa_Rosa_Termas_NE,CO_Santa_Rosa_Termas_NE.tif,1,"[-75.607, 4.883]",5000,90,0.06,"['emissivity_band10', 'emissivity_band11', 'emissivity_band12', 'emissivity_band13', 'emissivity_band14', 'temperature', 'ndvi']"
CO_Santa_Rosa_Termas_NW,CO_Santa_Rosa_Termas_NW.tif,1,"[-75.633, 4.883]",5000,90,0.06,"['emissivity_band10', 'emissivity_band11', 'emissivity_band12', 'emissivity_band13', 'emissivity_band14', 'temperature', 'ndvi']"
CO_Santa_Rosa_Termas_SE,CO_Santa_Rosa_Termas_SE.tif,1,"[-75.607, 4.857]",5000,90,0.06,"['emissivity_band10', 'emissivity_band11', 'emissivity_band12', 'emissivity_band13', 'emissivity_band14', 'temperature', 'ndvi']"
CO_Santa_Rosa_Termas_SW,CO_Santa_Rosa_Termas_SW.tif,1,"[-75.633, 4.857]",5000,90,0.06,"['emissivity_band10', 'emissivity_band11', 'emissivity_band12', 'emissivity_band13', 'emissivity_band14', 'temperature', 'ndvi']"
CO_San_Vicente_Termas_center,CO_San_Vicente_Termas_center.tif,1,"[-73.41, 6.08]",5000,90,0.05,"['emissivity_band10', 'emissivity_band11', 'emissivity_band12', 'emissivity_band13', 'emissivity_band14', 'temperature', 'ndvi']"
CO_San_Vicente_Termas_N,CO_San_Vicente_Termas_N.tif,1,"[-73.41, 6.093]",5000,90,0.05,"['emissivity_band10', 'emissivity_band11', 'emissivity_band12', 'emissivity_band13', 'emissivity_band14', 'temperature', 'ndvi']"
CO_San_Vicente_Termas_S,CO_San_Vicente_Termas_S.tif,1,"[-73.41, 6.067]",5000,90,0.05,"['emissivity_band10', 'emissivity_band11', 'emissivity_band12', 'emissivity_band13', 'emissivity_band14', 'temperature', 'ndvi']"
CO_San_Vicente_Termas_E,CO_San_Vicente_Termas_E.tif,1,"[-73.397, 6.08]",5000,90,0.05,"['emissivity_band10', 'emissivity_band11', 'emissivity_band12', 'emissivity_band13', 'emissivity_band14', 'temperature', 'ndvi']"
CO_San_Vicente_Termas_W,CO_San_Vicente_Termas_W.tif,1,"[-73.423, 6.08]",5000,90,0.05,"['emissivity_band10', 'emissivity_band11', 'emissivity_band12', 'emissivity_band13', 'emissivity_band14', 'temperature', 'ndvi']"
CO_San_Vicente_Termas_NE,CO_San_Vicente_Termas_NE.tif,1,"[-73.397, 6.093]",5000,90,0.05,"['emissivity_band10', 'emissivity_band11', 'emissivity_band12', 'emissivity_band13', 'emissivity_band14', 'temperature', 'ndvi']"
CO_San_Vicente_Termas_NW,CO_San_Vicente_Termas_NW.tif,1,"[-73.423, 6.093]",5000,90,0.05,"['emissivity_band10', 'emissivity_band11', 'emissivity_band12', 'emissivity_band13', 'emissivity_band14', 'temperature', 'ndvi']"
CO_San_Vicente_Termas_SE,CO_San_Vicente_Termas_SE.tif,1,"[-73.397, 6.067]",5000,90,0.05,"['emissivity_band10', 'emissivity_band11', 'emissivity_band12', 'emissivity_band13', 'emissivity_band14', 'temperature', 'ndvi']"
CO_San_Vicente_Termas_SW,CO_San_Vicente_Termas_SW.tif,1,"[-73.423, 6.067]",5000,90,0.05,"['emissivity_band10', 'emissivity_band11', 'emissivity_band12', 'emissivity_band13', 'emissivity_band14', 'temperature', 'ndvi']"
CO_Paipa_Termas_center,CO_Paipa_Termas_center.tif,1,"[-73.11, 5.78]",5000,90,0.06,"['emissivity_band10', 'emissivity_band11', 'emissivity_band12', 'emissivity_band13', 'emissivity_band14', 'temperature', 'ndvi']"
CO_Paipa_Termas_N,CO_Paipa_Termas_N.tif,1,"[-73.11, 5.793]",5000,90,0.06,"['emissivity_band10', 'emissivity_band11', 'emissivity_band12', 'emissivity_band13', 'emissivity_band14', 'temperature', 'ndvi']"
CO_Paipa_Termas_S,CO_Paipa_Termas_S.tif,1,"[-73.11, 5.767]",5000,90,0.06,"['emissivity_band10', 'emissivity_band11', 'emissivity_band12', 'emissivity_band13', 'emissivity_band14', 'temperature', 'ndvi']"
CO_Paipa_Termas_E,CO_Paipa_Termas_E.tif,1,"[-73.097, 5.78]",5000,90,0.06,"['emissivity_band10', 'emissivity_band11', 'emissivity_band12', 'emissivity_band13', 'emissivity_band14', 'temperature', 'ndvi']"
CO_Paipa_Termas_W,CO_Paipa_Termas_W.tif,1,"[-73.123, 5.78]",5000,90,0.06,"['emissivity_band10', 'emissivity_band11', 'emissivity_band12', 'emissivity_band13', 'emissivity_band14', 'temperature', 'ndvi']"
CO_Paipa_Termas_NE,CO_Paipa_Termas_NE.tif,1,"[-73.097, 5.793]",5000,90,0.06,"['emissivity_band10', 'emissivity_band11', 'emissivity_band12', 'emissivity_band13', 'emissivity_band14', 'temperature', 'ndvi']"
CO_Paipa_Termas_NW,CO_Paipa_Termas_NW.tif,1,"[-73.123, 5.793]",5000,90,0.06,"['emissivity_band10', 'emissivity_band11', 'emissivity_band12', 'emissivity_band13', 'emissivity_band14', 'temperature', 'ndvi']"
CO_Paipa_Termas_SE,CO_Paipa_Termas_SE.tif,1,"[-73.097, 5.767]",5000,90,0.05,"['emissivity_band10', 'emissivity_band11', 'emissivity_band12', 'emissivity_band13', 'emissivity_band14', 'temperature', 'ndvi']"
CO_Paipa_Termas_SW,CO_Paipa_Termas_SW.tif,1,"[-73.123, 5.767]",5000,90,0.06,"['emissivity_band10', 'emissivity_band11', 'emissivity_band12', 'emissivity_band13', 'emissivity_band14', 'temperature', 'ndvi']"
CO_Tabio_Termas_center,CO_Tabio_Termas_center.tif,1,"[-74.09, 4.92]",5000,90,0.06,"['emissivity_band10', 'emissivity_band11', 'emissivity_band12', 'emissivity_band13', 'emissivity_band14', 'temperature', 'ndvi']"
CO_Tabio_Termas_N,CO_Tabio_Termas_N.tif,1,"[-74.09, 4.933]",5000,90,0.06,"['emissivity_band10', 'emissivity_band11', 'emissivity_band12', 'emissivity_band13', 'emissivity_band14', 'temperature', 'ndvi']"
CO_Tabio_Termas_S,CO_Tabio_Termas_S.tif,1,"[-74.09, 4.907]",5000,90,0.06,"['emissivity_band10', 'emissivity_band11', 'emissivity_band12', 'emissivity_band13', 'emissivity_band14', 'temperature', 'ndvi']"
CO_Tabio_Termas_E,CO_Tabio_Termas_E.tif,1,"[-74.077, 4.92]",5000,90,0.06,"['emissivity_band10', 'emissivity_band11', 'emissivity_band12', 'emissivity_band13', 'emissivity_band14', 'temperature', 'ndvi']"
CO_Tabio_Termas_W,CO_Tabio_Termas_W.tif,1,"[-74.103, 4.92]",5000,90,0.06,"['emissivity_band10', 'emissivity_band11', 'emissivity_band12', 'emissivity_band13', 'emissivity_band14', 'temperature', 'ndvi']"
CO_Tabio_Termas_NE,CO_Tabio_Termas_NE.tif,1,"[-74.077, 4.933]",5000,90,0.06,"['emissivity_band10', 'emissivity_band11', 'emissivity_band12', 'emissivity_band13', 'emissivity_band14', 'temperature', 'ndvi']"
CO_Tabio_Termas_NW,CO_Tabio_Termas_NW.tif,1,"[-74.103, 4.933]",5000,90,0.06,"['emissivity_band10', 'emissivity_band11', 'emissivity_band12', 'emissivity_band13', 'emissivity_band14', 'temperature', 'ndvi']"
CO_Tabio_Termas_SE,CO_Tabio_Termas_SE.tif,1,"[-74.077, 4.907]",5000,90,0.06,"['emissivity_band10', 'emissivity_band11', 'emissivity_band12', 'emissivity_band13', 'emissivity_band14', 'temperature', 'ndvi']"
CO_Tabio_Termas_SW,CO_Tabio_Termas_SW.tif,1,"[-74.103, 4.907]",5000,90,0.06,"['emissivity_band10', 'emissivity_band11', 'emissivity_band12', 'emissivity_band13', 'emissivity_band14', 'temperature', 'ndvi']"
CO_Coconucos_center,CO_Coconucos_center.tif,1,"[-76.466, 2.27]",5000,90,0.05,"['emissivity_band10', 'emissivity_band11', 'emissivity_band12', 'emissivity_band13', 'emissivity_band14', 'temperature', 'ndvi']"
CO_Coconucos_N,CO_Coconucos_N.tif,1,"[-76.466, 2.283]",5000,90,0.05,"['emissivity_band10', 'emissivity_band11', 'emissivity_band12', 'emissivity_band13', 'emissivity_band14', 'temperature', 'ndvi']"
CO_Coconucos_S,CO_Coconucos_S.tif,1,"[-76.466, 2.257]",5000,90,0.06,"['emissivity_band10', 'emissivity_band11', 'emissivity_band12', 'emissivity_band13', 'emissivity_band14', 'temperature', 'ndvi']"
CO_Coconucos_E,CO_Coconucos_E.tif,1,"[-76.453, 2.27]",5000,90,0.06,"['emissivity_band10', 'emissivity_band11', 'emissivity_band12', 'emissivity_band13', 'emissivity_band14', 'temperature', 'ndvi']"
CO_Coconucos_W,CO_Coconucos_W.tif,1,"[-76.479, 2.27]",5000,90,0.05,"['emissivity_band10', 'emissivity_band11', 'emissivity_band12', 'emissivity_band13', 'emissivity_band14', 'temperature', 'ndvi']"
CO_Coconucos_NE,CO_Coconucos_NE.tif,1,"[-76.453, 2.283]",5000,90,0.05,"['emissivity_band10', 'emissivity_band11', 'emissivity_band12', 'emissivity_band13', 'emissivity_band14', 'temperature', 'ndvi']"
CO_Coconucos_NW,CO_Coconucos_NW.tif,1,"[-76.479, 2.283]",5000,90,0.05,"['emissivity_band10', 'emissivity_band11', 'emissivity_band12', 'emissivity_band13', 'emissivity_band14', 'temperature', 'ndvi']"
CO_Coconucos_SE,CO_Coconucos_SE.tif,1,"[-76.453, 2.257]",5000,90,0.06,"['emissivity_band10', 'emissivity_band11', 'emissivity_band12', 'emissivity_band13', 'emissivity_band14', 'temperature', 'ndvi']"
CO_Coconucos_SW,CO_Coconucos_SW.tif,1,"[-76.479, 2.257]",5000,90,0.05,"['emissivity_band10', 'emissivity_band11', 'emissivity_band12', 'emissivity_band13', 'emissivity_band14', 'temperature', 'ndvi']"
CO_Dona_Juana_E_center,CO_Dona_Juana_E_center.tif,1,"[-76.9, 1.52]",5000,90,0.06,"['emissivity_band10', 'emissivity_band11', 'emissivity_band12', 'emissivity_band13', 'emissivity_band14', 'temperature', 'ndvi']"
CO_Dona_Juana_E_N,CO_Dona_Juana_E_N.tif,1,"[-76.9, 1.533]",5000,90,0.06,"['emissivity_band10', 'emissivity_band11', 'emissivity_band12', 'emissivity_band13', 'emissivity_band14', 'temperature', 'ndvi']"
CO_Dona_Juana_E_S,CO_Dona_Juana_E_S.tif,1,"[-76.9, 1.507]",5000,90,0.07,"['emissivity_band10', 'emissivity_band11', 'emissivity_band12', 'emissivity_band13', 'emissivity_band14', 'temperature', 'ndvi']"
CO_Dona_Juana_E_E,CO_Dona_Juana_E_E.tif,1,"[-76.887, 1.52]",5000,90,0.06,"['emissivity_band10', 'emissivity_band11', 'emissivity_band12', 'emissivity_band13', 'emissivity_band14', 'temperature', 'ndvi']"
CO_Dona_Juana_E_W,CO_Dona_Juana_E_W.tif,1,"[-76.913, 1.52]",5000,90,0.06,"['emissivity_band10', 'emissivity_band11', 'emissivity_band12', 'emissivity_band13', 'emissivity_band14', 'temperature', 'ndvi']"
CO_Dona_Juana_E_NE,CO_Dona_Juana_E_NE.tif,1,"[-76.887, 1.533]",5000,90,0.06,"['emissivity_band10', 'emissivity_band11', 'emissivity_band12', 'emissivity_band13', 'emissivity_band14', 'temperature', 'ndvi']"
CO_Dona_Juana_E_NW,CO_Dona_Juana_E_NW.tif,1,"[-76.913, 1.533]",5000,90,0.06,"['emissivity_band10', 'emissivity_band11', 'emissivity_band12', 'emissivity_band13', 'emissivity_band14', 'temperature', 'ndvi']"
CO_Dona_Juana_E_SE,CO_Dona_Juana_E_SE.tif,1,"[-76.887, 1.507]",5000,90,0.07,"['emissivity_band10', 'emissivity_band11', 'emissivity_band12', 'emissivity_band13', 'emissivity_band14', 'temperature', 'ndvi']"
CO_Dona_Juana_E_SW,CO_Dona_Juana_E_SW.tif,1,"[-76.913, 1.507]",5000,90,0.06,"['emissivity_band10', 'emissivity_band11', 'emissivity_band12', 'emissivity_band13', 'emissivity_band14', 'temperature', 'ndvi']"
CO_Azufral_Mayasquer_center,CO_Azufral_Mayasquer_center.tif,1,"[-77.73, 0.98]",5000,90,0.06,"['emissivity_band10', 'emissivity_band11', 'emissivity_band12', 'emissivity_band13', 'emissivity_band14', 'temperature', 'ndvi']"
CO_Azufral_Mayasquer_N,CO_Azufral_Mayasquer_N.tif,1,"[-77.73, 0.993]",5000,90,0.06,"['emissivity_band10', 'emissivity_band11', 'emissivity_band12', 'emissivity_band13', 'emissivity_band14', 'temperature', 'ndvi']"
CO_Azufral_Mayasquer_S,CO_Azufral_Mayasquer_S.tif,1,"[-77.73, 0.967]",5000,90,0.06,"['emissivity_band10', 'emissivity_band11', 'emissivity_band12', 'emissivity_band13', 'emissivity_band14', 'temperature', 'ndvi']"
CO_Azufral_Mayasquer_E,CO_Azufral_Mayasquer_E.tif,1,"[-77.717, 0.98]",5000,90,0.06,"['emissivity_band10', 'emissivity_band11', 'emissivity_band12', 'emissivity_band13', 'emissivity_band14', 'temperature', 'ndvi']"
CO_Azufral_Mayasquer_W,CO_Azufral_Mayasquer_W.tif,1,"[-77.743, 0.98]",5000,90,0.06,"['emissivity_band10', 'emissivity_band11', 'emissivity_band12', 'emissivity_band13', 'emissivity_band14', 'temperature', 'ndvi']"
CO_Azufral_Mayasquer_NE,CO_Azufral_Mayasquer_NE.tif,1,"[-77.717, 0.993]",5000,90,0.06,"['emissivity_band10', 'emissivity_band11', 'emissivity_band12', 'emissivity_band13', 'emissivity_band14', 'temperature', 'ndvi']"
CO_Azufral_Mayasquer_NW,CO_Azufral_Mayasquer_NW.tif,1,"[-77.743, 0.993]",5000,90,0.06,"['emissivity_band10', 'emissivity_band11', 'emissivity_band12', 'emissivity_band13', 'emissivity_band14', 'temperature', 'ndvi']"
CO_Azufral_Mayasquer_SE,CO_Azufral_Mayasquer_SE.tif,1,"[-77.717, 0.967]",5000,90,0.06,"['emissivity_band10', 'emissivity_band11', 'emissivity_band12', 'emissivity_band13', 'emissivity_band14', 'temperature', 'ndvi']"
CO_Azufral_Mayasquer_SW,CO_Azufral_Mayasquer_SW.tif,1,"[-77.743, 0.967]",5000,90,0.06,"['emissivity_band10', 'emissivity_band11', 'emissivity_band12', 'emissivity_band13', 'emissivity_band14', 'temperature', 'ndvi']"
EC_Pichincha_V_center,EC_Pichincha_V_center.tif,1,"[-78.598, -0.172]",5000,90,0.06,"['emissivity_band10', 'emissivity_band11', 'emissivity_band12', 'emissivity_band13', 'emissivity_band14', 'temperature', 'ndvi']"
EC_Pichincha_V_N,EC_Pichincha_V_N.tif,1,"[-78.598, -0.159]",5000,90,0.06,"['emissivity_band10', 'emissivity_band11', 'emissivity_band12', 'emissivity_band13', 'emissivity_band14', 'temperature', 'ndvi']"
EC_Pichincha_V_S,EC_Pichincha_V_S.tif,1,"[-78.598, -0.185]",5000,90,0.06,"['emissivity_band10', 'emissivity_band11', 'emissivity_band12', 'emissivity_band13', 'emissivity_band14', 'temperature', 'ndvi']"
EC_Pichincha_V_E,EC_Pichincha_V_E.tif,1,"[-78.585, -0.172]",5000,90,0.06,"['emissivity_band10', 'emissivity_band11', 'emissivity_band12', 'emissivity_band13', 'emissivity_band14', 'temperature', 'ndvi']"
EC_Pichincha_V_W,EC_Pichincha_V_W.tif,1,"[-78.611, -0.172]",5000,90,0.06,"['emissivity_band10', 'emissivity_band11', 'emissivity_band12', 'emissivity_band13', 'emissivity_band14', 'temperature', 'ndvi']"
EC_Pichincha_V_NE,EC_Pichincha_V_NE.tif,1,"[-78.585, -0.159]",5000,90,0.06,"['emissivity_band10', 'emissivity_band11', 'emissivity_band12', 'emissivity_band13', 'emissivity_band14', 'temperature', 'ndvi']"
EC_Pichincha_V_NW,EC_Pichincha_V_NW.tif,1,"[-78.611, -0.159]",5000,90,0.06,"['emissivity_band10', 'emissivity_band11', 'emissivity_band12', 'emissivity_band13', 'emissivity_band14', 'temperature', 'ndvi']"
EC_Pichincha_V_SE,EC_Pichincha_V_SE.tif,1,"[-78.585, -0.185]",5000,90,0.06,"['emissivity_band10', 'emissivity_band11', 'emissivity_band12', 'emissivity_band13', 'emissivity_band14', 'temperature', 'ndvi']"
EC_Pichincha_V_SW,EC_Pichincha_V_SW.tif,1,"[-78.611, -0.185]",5000,90,0.06,"['emissivity_band10', 'emissivity_band11', 'emissivity_band12', 'emissivity_band13', 'emissivity_band14', 'temperature', 'ndvi']"
EC_Atacazo_N,EC_Atacazo_N.tif,1,"[-78.617, -0.34]",5000,90,0.06,"['emissivity_band10', 'emissivity_band11', 'emissivity_band12', 'emissivity_band13', 'emissivity_band14', 'temperature', 'ndvi']"
EC_Atacazo_S,EC_Atacazo_S.tif,1,"[-78.617, -0.366]",5000,90,0.06,"['emissivity_band10', 'emissivity_band11', 'emissivity_band12', 'emissivity_band13', 'emissivity_band14', 'temperature', 'ndvi']"
EC_Atacazo_E,EC_Atacazo_E.tif,1,"[-78.604, -0.353]",5000,90,0.06,"['emissivity_band10', 'emissivity_band11', 'emissivity_band12', 'emissivity_band13', 'emissivity_band14', 'temperature', 'ndvi']"
EC_Atacazo_W,EC_Atacazo_W.tif,1,"[-78.63, -0.353]",5000,90,0.06,"['emissivity_band10', 'emissivity_band11', 'emissivity_band12', 'emissivity_band13', 'emissivity_band14', 'temperature', 'ndvi']"
EC_Atacazo_NE,EC_Atacazo_NE.tif,1,"[-78.604, -0.34]",5000,90,0.06,"['emissivity_band10', 'emissivity_band11', 'emissivity_band12', 'emissivity_band13', 'emissivity_band14', 'temperature', 'ndvi']"
EC_Atacazo_NW,EC_Atacazo_NW.tif,1,"[-78.63, -0.34]",5000,90,0.06,"['emissivity_band10', 'emissivity_band11', 'emissivity_band12', 'emissivity_band13', 'emissivity_band14', 'temperature', 'ndvi']"
EC_Atacazo_SE,EC_Atacazo_SE.tif,1,"[-78.604, -0.366]",5000,90,0.06,"['emissivity_band10', 'emissivity_band11', 'emissivity_band12', 'emissivity_band13', 'emissivity_band14', 'temperature', 'ndvi']"
EC_Atacazo_SW,EC_Atacazo_SW.tif,1,"[-78.63, -0.366]",5000,90,0.06,"['emissivity_band10', 'emissivity_band11', 'emissivity_band12', 'emissivity_band13', 'emissivity_band14', 'temperature', 'ndvi']"
EC_Sumaco_center,EC_Sumaco_center.tif,1,"[-77.63, -0.54]",5000,90,0.05,"['emissivity_band10', 'emissivity_band11', 'emissivity_band12', 'emissivity_band13', 'emissivity_band14', 'temperature', 'ndvi']"
EC_Sumaco_N,EC_Sumaco_N.tif,1,"[-77.63, -0.527]",5000,90,0.05,"['emissivity_band10', 'emissivity_band11', 'emissivity_band12', 'emissivity_band13', 'emissivity_band14', 'temperature', 'ndvi']"
EC_Sumaco_S,EC_Sumaco_S.tif,1,"[-77.63, -0.553]",5000,90,0.05,"['emissivity_band10', 'emissivity_band11', 'emissivity_band12', 'emissivity_band13', 'emissivity_band14', 'temperature', 'ndvi']"
EC_Sumaco_E,EC_Sumaco_E.tif,1,"[-77.617, -0.54]",5000,90,0.05,"['emissivity_band10', 'emissivity_band11', 'emissivity_band12', 'emissivity_band13', 'emissivity_band14', 'temperature', 'ndvi']"
EC_Sumaco_W,EC_Sumaco_W.tif,1,"[-77.643, -0.54]",5000,90,0.05,"['emissivity_band10', 'emissivity_band11', 'emissivity_band12', 'emissivity_band13', 'emissivity_band14', 'temperature', 'ndvi']"
EC_Sumaco_NE,EC_Sumaco_NE.tif,1,"[-77.617, -0.527]",5000,90,0.05,"['emissivity_band10', 'emissivity_band11', 'emissivity_band12', 'emissivity_band13', 'emissivity_band14', 'temperature', 'ndvi']"
EC_Sumaco_NW,EC_Sumaco_NW.tif,1,"[-77.643, -0.527]",5000,90,0.05,"['emissivity_band10', 'emissivity_band11', 'emissivity_band12', 'emissivity_band13', 'emissivity_band14', 'temperature', 'ndvi']"
EC_Sumaco_SE,EC_Sumaco_SE.tif,1,"[-77.617, -0.553]",5000,90,0.05,"['emissivity_band10', 'emissivity_band11', 'emissivity_band12', 'emissivity_band13', 'emissivity_band14', 'temperature', 'ndvi']"
EC_Sumaco_SW,EC_Sumaco_SW.tif,1,"[-77.643, -0.553]",5000,90,0.05,"['emissivity_band10', 'emissivity_band11', 'emissivity_band12', 'emissivity_band13', 'emissivity_band14', 'temperature', 'ndvi']"
EC_Sangay_N,EC_Sangay_N.tif,1,"[-78.341, -1.992]",5000,90,0.05,"['emissivity_band10', 'emissivity_band11', 'emissivity_band12', 'emissivity_band13', 'emissivity_band14', 'temperature', 'ndvi']"
EC_Sangay_S,EC_Sangay_S.tif,1,"[-78.341, -2.018]",5000,90,0.04,"['emissivity_band10', 'emissivity_band11', 'emissivity_band12', 'emissivity_band13', 'emissivity_band14', 'temperature', 'ndvi']"
EC_Sangay_E,EC_Sangay_E.tif,1,"[-78.328, -2.005]",5000,90,0.05,"['emissivity_band10', 'emissivity_band11', 'emissivity_band12', 'emissivity_band13', 'emissivity_band14', 'temperature', 'ndvi']"
EC_Sangay_W,EC_Sangay_W.tif,1,"[-78.354, -2.005]",5000,90,0.05,"['emissivity_band10', 'emissivity_band11', 'emissivity_band12', 'emissivity_band13', 'emissivity_band14', 'temperature', 'ndvi']"
EC_Sangay_NW,EC_Sangay_NW.tif,1,"[-78.354, -1.992]",5000,90,0.05,"['emissivity_band10', 'emissivity_band11', 'emissivity_band12', 'emissivity_band13', 'emissivity_band14', 'temperature', 'ndvi']"
EC_Sangay_SE,EC_Sangay_SE.tif,1,"[-78.328, -2.018]",5000,90,0.04,"['emissivity_band10', 'emissivity_band11', 'emissivity_band12', 'emissivity_band13', 'emissivity_band14', 'temperature', 'ndvi']"
EC_El_Altar_center,EC_El_Altar_center.tif,1,"[-78.42, -1.68]",5000,90,0.05,"['emissivity_band10', 'emissivity_band11', 'emissivity_band12', 'emissivity_band13', 'emissivity_band14', 'temperature', 'ndvi']"
EC_El_Altar_N,EC_El_Altar_N.tif,1,"[-78.42, -1.667]",5000,90,0.05,"['emissivity_band10', 'emissivity_band11', 'emissivity_band12', 'emissivity_band13', 'emissivity_band14', 'temperature', 'ndvi']"
EC_El_Altar_S,EC_El_Altar_S.tif,1,"[-78.42, -1.693]",5000,90,0.05,"['emissivity_band10', 'emissivity_band11', 'emissivity_band12', 'emissivity_band13', 'emissivity_band14', 'temperature', 'ndvi']"
EC_El_Altar_E,EC_El_Altar_E.tif,1,"[-78.407, -1.68]",5000,90,0.05,"['emissivity_band10', 'emissivity_band11', 'emissivity_band12', 'emissivity_band13', 'emissivity_band14', 'temperature', 'ndvi']"
EC_El_Altar_W,EC_El_Altar_W.tif,1,"[-78.433, -1.68]",5000,90,0.05,"['emissivity_band10', 'emissivity_band11', 'emissivity_band12', 'emissivity_band13', 'emissivity_band14', 'temperature', 'ndvi']"
EC_El_Altar_NE,EC_El_Altar_NE.tif,1,"[-78.407, -1.667]",5000,90,0.04,"['emissivity_band10', 'emissivity_band11', 'emissivity_band12', 'emissivity_band13', 'emissivity_band14', 'temperature', 'ndvi']"
EC_El_Altar_NW,EC_El_Altar_NW.tif,1,"[-78.433, -1.667]",5000,90,0.05,"['emissivity_band10', 'emissivity_band11', 'emissivity_band12', 'emissivity_band13', 'emissivity_band14', 'temperature', 'ndvi']"
EC_El_Altar_SE,EC_El_Altar_SE.tif,1,"[-78.407, -1.693]",5000,90,0.04,"['emissivity_band10', 'emissivity_band11', 'emissivity_band12', 'emissivity_band13', 'emissivity_band14', 'temperature', 'ndvi']"
EC_El_Altar_SW,EC_El_Altar_SW.tif,1,"[-78.433, -1.693]",5000,90,0.05,"['emissivity_band10', 'emissivity_band11', 'emissivity_band12', 'emissivity_band13', 'emissivity_band14', 'temperature', 'ndvi']"
EC_Cayambe_N,EC_Cayambe_N.tif,1,"[-77.986, 0.042]",5000,90,0.06,"['emissivity_band10', 'emissivity_band11', 'emissivity_band12', 'emissivity_band13', 'emissivity_band14', 'temperature', 'ndvi']"
EC_Cayambe_S,EC_Cayambe_S.tif,1,"[-77.986, 0.016]",5000,90,0.06,"['emissivity_band10', 'emissivity_band11', 'emissivity_band12', 'emissivity_band13', 'emissivity_band14', 'temperature', 'ndvi']"
EC_Cayambe_E,EC_Cayambe_E.tif,1,"[-77.973, 0.029]",5000,90,0.06,"['emissivity_band10', 'emissivity_band11', 'emissivity_band12', 'emissivity_band13', 'emissivity_band14', 'temperature', 'ndvi']"
EC_Cayambe_W,EC_Cayambe_W.tif,1,"[-77.999, 0.029]",5000,90,0.06,"['emissivity_band10', 'emissivity_band11', 'emissivity_band12', 'emissivity_band13', 'emissivity_band14', 'temperature', 'ndvi']"
EC_Cayambe_NE,EC_Cayambe_NE.tif,1,"[-77.973, 0.042]",5000,90,0.06,"['emissivity_band10', 'emissivity_band11', 'emissivity_band12', 'emissivity_band13', 'emissivity_band14', 'temperature', 'ndvi']"
EC_Cayambe_NW,EC_Cayambe_NW.tif,1,"[-77.999, 0.042]",5000,90,0.06,"['emissivity_band10', 'emissivity_band11', 'emissivity_band12', 'emissivity_band13', 'emissivity_band14', 'temperature', 'ndvi']"
EC_Cayambe_SE,EC_Cayambe_SE.tif,1,"[-77.973, 0.016]",5000,90,0.06,"['emissivity_band10', 'emissivity_band11', 'emissivity_band12', 'emissivity_band13', 'emissivity_band14', 'temperature', 'ndvi']"
EC_Cayambe_SW,EC_Cayambe_SW.tif,1,"[-77.999, 0.016]",5000,90,0.06,"['emissivity_band10', 'emissivity_band11', 'emissivity_band12', 'emissivity_band13', 'emissivity_band14', 'temperature', 'ndvi']"
EC_Illiniza_N,EC_Illiniza_N.tif,1,"[-78.714, -0.646]",5000,90,0.06,"['emissivity_band10', 'emissivity_band11', 'emissivity_band12', 'emissivity_band13', 'emissivity_band14', 'temperature', 'ndvi']"
EC_Illiniza_S,EC_Illiniza_S.tif,1,"[-78.714, -0.672]",5000,90,0.06,"['emissivity_band10', 'emissivity_band11', 'emissivity_band12', 'emissivity_band13', 'emissivity_band14', 'temperature', 'ndvi']"
EC_Illiniza_E,EC_Illiniza_E.tif,1,"[-78.701, -0.659]",5000,90,0.06,"['emissivity_band10', 'emissivity_band11', 'emissivity_band12', 'emissivity_band13', 'emissivity_band14', 'temperature', 'ndvi']"
EC_Illiniza_W,EC_Illiniza_W.tif,1,"[-78.727, -0.659]",5000,90,0.06,"['emissivity_band10', 'emissivity_band11', 'emissivity_band12', 'emissivity_band13', 'emissivity_band14', 'temperature', 'ndvi']"
EC_Illiniza_NE,EC_Illiniza_NE.tif,1,"[-78.701, -0.646]",5000,90,0.06,"['emissivity_band10', 'emissivity_band11', 'emissivity_band12', 'emissivity_band13', 'emissivity_band14', 'temperature', 'ndvi']"
EC_Illiniza_NW,EC_Illiniza_NW.tif,1,"[-78.727, -0.646]",5000,90,0.06,"['emissivity_band10', 'emissivity_band11', 'emissivity_band12', 'emissivity_band13', 'emissivity_band14', 'temperature', 'ndvi']"
EC_Illiniza_SE,EC_Illiniza_SE.tif,1,"[-78.701, -0.672]",5000,90,0.06,"['emissivity_band10', 'emissivity_band11', 'emissivity_band12', 'emissivity_band13', 'emissivity_band14', 'temperature', 'ndvi']"
EC_Illiniza_SW,EC_Illiniza_SW.tif,1,"[-78.727, -0.672]",5000,90,0.06,"['emissivity_band10', 'emissivity_band11', 'emissivity_band12', 'emissivity_band13', 'emissivity_band14', 'temperature', 'ndvi']"
EC_Corazon_center,EC_Corazon_center.tif,1,"[-78.66, -0.54]",5000,90,0.06,"['emissivity_band10', 'emissivity_band11', 'emissivity_band12', 'emissivity_band13', 'emissivity_band14', 'temperature', 'ndvi']"
EC_Corazon_N,EC_Corazon_N.tif,1,"[-78.66, -0.527]",5000,90,0.06,"['emissivity_band10', 'emissivity_band11', 'emissivity_band12', 'emissivity_band13', 'emissivity_band14', 'temperature', 'ndvi']"
EC_Corazon_S,EC_Corazon_S.tif,1,"[-78.66, -0.553]",5000,90,0.06,"['emissivity_band10', 'emissivity_band11', 'emissivity_band12', 'emissivity_band13', 'emissivity_band14', 'temperature', 'ndvi']"
EC_Corazon_E,EC_Corazon_E.tif,1,"[-78.647, -0.54]",5000,90,0.06,"['emissivity_band10', 'emissivity_band11', 'emissivity_band12', 'emissivity_band13', 'emissivity_band14', 'temperature', 'ndvi']"
EC_Corazon_W,EC_Corazon_W.tif,1,"[-78.673, -0.54]",5000,90,0.06,"['emissivity_band10', 'emissivity_band11', 'emissivity_band12', 'emissivity_band13', 'emissivity_band14', 'temperature', 'ndvi']"
EC_Corazon_NE,EC_Corazon_NE.tif,1,"[-78.647, -0.527]",5000,90,0.06,"['emissivity_band10', 'emissivity_band11', 'emissivity_band12', 'emissivity_band13', 'emissivity_band14', 'temperature', 'ndvi']"
EC_Corazon_NW,EC_Corazon_NW.tif,1,"[-78.673, -0.527]",5000,90,0.06,"['emissivity_band10', 'emissivity_band11', 'emissivity_band12', 'emissivity_band13', 'emissivity_band14', 'temperature', 'ndvi']"
EC_Corazon_SE,EC_Corazon_SE.tif,1,"[-78.647, -0.553]",5000,90,0.06,"['emissivity_band10', 'emissivity_band11', 'emissivity_band12', 'emissivity_band13', 'emissivity_band14', 'temperature', 'ndvi']"
EC_Corazon_SW,EC_Corazon_SW.tif,1,"[-78.673, -0.553]",5000,90,0.06,"['emissivity_band10', 'emissivity_band11', 'emissivity_band12', 'emissivity_band13', 'emissivity_band14', 'temperature', 'ndvi']"
EC_Imbabura_V_center,EC_Imbabura_V_center.tif,1,"[-78.183, 0.258]",5000,90,0.06,"['emissivity_band10', 'emissivity_band11', 'emissivity_band12', 'emissivity_band13', 'emissivity_band14', 'temperature', 'ndvi']"
EC_Imbabura_V_N,EC_Imbabura_V_N.tif,1,"[-78.183, 0.271]",5000,90,0.06,"['emissivity_band10', 'emissivity_band11', 'emissivity_band12', 'emissivity_band13', 'emissivity_band14', 'temperature', 'ndvi']"
EC_Imbabura_V_S,EC_Imbabura_V_S.tif,1,"[-78.183, 0.245]",5000,90,0.06,"['emissivity_band10', 'emissivity_band11', 'emissivity_band12', 'emissivity_band13', 'emissivity_band14', 'temperature', 'ndvi']"
EC_Imbabura_V_E,EC_Imbabura_V_E.tif,1,"[-78.17, 0.258]",5000,90,0.06,"['emissivity_band10', 'emissivity_band11', 'emissivity_band12', 'emissivity_band13', 'emissivity_band14', 'temperature', 'ndvi']"
EC_Imbabura_V_W,EC_Imbabura_V_W.tif,1,"[-78.196, 0.258]",5000,90,0.06,"['emissivity_band10', 'emissivity_band11', 'emissivity_band12', 'emissivity_band13', 'emissivity_band14', 'temperature', 'ndvi']"
EC_Imbabura_V_NE,EC_Imbabura_V_NE.tif,1,"[-78.17, 0.271]",5000,90,0.06,"['emissivity_band10', 'emissivity_band11', 'emissivity_band12', 'emissivity_band13', 'emissivity_band14', 'temperature', 'ndvi']"
EC_Imbabura_V_NW,EC_Imbabura_V_NW.tif,1,"[-78.196, 0.271]",5000,90,0.06,"['emissivity_band10', 'emissivity_band11', 'emissivity_band12', 'emissivity_band13', 'emissivity_band14', 'temperature', 'ndvi']"
EC_Imbabura_V_SE,EC_Imbabura_V_SE.tif,1,"[-78.17, 0.245]",5000,90,0.06,"['emissivity_band10', 'emissivity_band11', 'emissivity_band12', 'emissivity_band13', 'emissivity_band14', 'temperature', 'ndvi']"
EC_Imbabura_V_SW,EC_Imbabura_V_SW.tif,1,"[-78.196, 0.245]",5000,90,0.06,"['emissivity_band10', 'emissivity_band11', 'emissivity_band12', 'emissivity_band13', 'emissivity_band14', 'temperature', 'ndvi']"
EC_Mojanda_N,EC_Mojanda_N.tif,1,"[-78.27, 0.143]",5000,90,0.06,"['emissivity_band10', 'emissivity_band11', 'emissivity_band12', 'emissivity_band13', 'emissivity_band14', 'temperature', 'ndvi']"
EC_Mojanda_S,EC_Mojanda_S.tif,1,"[-78.27, 0.117]",5000,90,0.06,"['emissivity_band10', 'emissivity_band11', 'emissivity_band12', 'emissivity_band13', 'emissivity_band14', 'temperature', 'ndvi']"
EC_Mojanda_E,EC_Mojanda_E.tif,1,"[-78.257, 0.13]",5000,90,0.06,"['emissivity_band10', 'emissivity_band11', 'emissivity_band12', 'emissivity_band13', 'emissivity_band14', 'temperature', 'ndvi']"
EC_Mojanda_W,EC_Mojanda_W.tif,1,"[-78.283, 0.13]",5000,90,0.06,"['emissivity_band10', 'emissivity_band11', 'emissivity_band12', 'emissivity_band13', 'emissivity_band14', 'temperature', 'ndvi']"
EC_Mojanda_NE,EC_Mojanda_NE.tif,1,"[-78.257, 0.143]",5000,90,0.06,"['emissivity_band10', 'emissivity_band11', 'emissivity_band12', 'emissivity_band13', 'emissivity_band14', 'temperature', 'ndvi']"
EC_Mojanda_NW,EC_Mojanda_NW.tif,1,"[-78.283, 0.143]",5000,90,0.06,"['emissivity_band10', 'emissivity_band11', 'emissivity_band12', 'emissivity_band13', 'emissivity_band14', 'temperature', 'ndvi']"
EC_Mojanda_SE,EC_Mojanda_SE.tif,1,"[-78.257, 0.117]",5000,90,0.06,"['emissivity_band10', 'emissivity_band11', 'emissivity_band12', 'emissivity_band13', 'emissivity_band14', 'temperature', 'ndvi']"
EC_Mojanda_SW,EC_Mojanda_SW.tif,1,"[-78.283, 0.117]",5000,90,0.06,"['emissivity_band10', 'emissivity_band11', 'emissivity_band12', 'emissivity_band13', 'emissivity_band14', 'temperature', 'ndvi']"
EC_Carihuairazo_center,EC_Carihuairazo_center.tif,1,"[-78.75, -1.4]",5000,90,0.06,"['emissivity_band10', 'emissivity_band11', 'emissivity_band12', 'emissivity_band13', 'emissivity_band14', 'temperature', 'ndvi']"
EC_Carihuairazo_N,EC_Carihuairazo_N.tif,1,"[-78.75, -1.387]",5000,90,0.06,"['emissivity_band10', 'emissivity_band11', 'emissivity_band12', 'emissivity_band13', 'emissivity_band14', 'temperature', 'ndvi']"
EC_Carihuairazo_S,EC_Carihuairazo_S.tif,1,"[-78.75, -1.413]",5000,90,0.06,"['emissivity_band10', 'emissivity_band11', 'emissivity_band12', 'emissivity_band13', 'emissivity_band14', 'temperature', 'ndvi']"
EC_Carihuairazo_E,EC_Carihuairazo_E.tif,1,"[-78.737, -1.4]",5000,90,0.06,"['emissivity_band10', 'emissivity_band11', 'emissivity_band12', 'emissivity_band13', 'emissivity_band14', 'temperature', 'ndvi']"
EC_Carihuairazo_W,EC_Carihuairazo_W.tif,1,"[-78.763, -1.4]",5000,90,0.06,"['emissivity_band10', 'emissivity_band11', 'emissivity_band12', 'emissivity_band13', 'emissivity_band14', 'temperature', 'ndvi']"
EC_Carihuairazo_NE,EC_Carihuairazo_NE.tif,1,"[-78.737, -1.387]",5000,90,0.06,"['emissivity_band10', 'emissivity_band11', 'emissivity_band12', 'emissivity_band13', 'emissivity_band14', 'temperature', 'ndvi']"
EC_Carihuairazo_NW,EC_Carihuairazo_NW.tif,1,"[-78.763, -1.387]",5000,90,0.06,"['emissivity_band10', 'emissivity_band11', 'emissivity_band12', 'emissivity_band13', 'emissivity_band14', 'temperature', 'ndvi']"
EC_Carihuairazo_SE,EC_Carihuairazo_SE.tif,1,"[-78.737, -1.413]",5000,90,0.06,"['emissivity_band10', 'emissivity_band11', 'emissivity_band12', 'emissivity_band13', 'emissivity_band14', 'temperature', 'ndvi']"
EC_Carihuairazo_SW,EC_Carihuairazo_SW.tif,1,"[-78.763, -1.413]",5000,90,0.06,"['emissivity_band10', 'emissivity_band11', 'emissivity_band12', 'emissivity_band13', 'emissivity_band14', 'temperature', 'ndvi']"
EC_Guagua_Pichincha_center,EC_Guagua_Pichincha_center.tif,1,"[-78.6, -0.171]",5000,90,0.06,"['emissivity_band10', 'emissivity_band11', 'emissivity_band12', 'emissivity_band13', 'emissivity_band14', 'temperature', 'ndvi']"
EC_Guagua_Pichincha_N,EC_Guagua_Pichincha_N.tif,1,"[-78.6, -0.158]",5000,90,0.06,"['emissivity_band10', 'emissivity_band11', 'emissivity_band12', 'emissivity_band13', 'emissivity_band14', 'temperature', 'ndvi']"
EC_Guagua_Pichincha_S,EC_Guagua_Pichincha_S.tif,1,"[-78.6, -0.184]",5000,90,0.06,"['emissivity_band10', 'emissivity_band11', 'emissivity_band12', 'emissivity_band13', 'emissivity_band14', 'temperature', 'ndvi']"
EC_Guagua_Pichincha_E,EC_Guagua_Pichincha_E.tif,1,"[-78.587, -0.171]",5000,90,0.06,"['emissivity_band10', 'emissivity_band11', 'emissivity_band12', 'emissivity_band13', 'emissivity_band14', 'temperature', 'ndvi']"
EC_Guagua_Pichincha_W,EC_Guagua_Pichincha_W.tif,1,"[-78.613, -0.171]",5000,90,0.06,"['emissivity_band10', 'emissivity_band11', 'emissivity_band12', 'emissivity_band13', 'emissivity_band14', 'temperature', 'ndvi']"
EC_Guagua_Pichincha_NE,EC_Guagua_Pichincha_NE.tif,1,"[-78.587, -0.158]",5000,90,0.06,"['emissivity_band10', 'emissivity_band11', 'emissivity_band12', 'emissivity_band13', 'emissivity_band14', 'temperature', 'ndvi']"
EC_Guagua_Pichincha_NW,EC_Guagua_Pichincha_NW.tif,1,"[-78.613, -0.158]",5000,90,0.06,"['emissivity_band10', 'emissivity_band11', 'emissivity_band12', 'emissivity_band13', 'emissivity_band14', 'temperature', 'ndvi']"
EC_Guagua_Pichincha_SE,EC_Guagua_Pichincha_SE.tif,1,"[-78.587, -0.184]",5000,90,0.06,"['emissivity_band10', 'emissivity_band11', 'emissivity_band12', 'emissivity_band13', 'emissivity_band14', 'temperature', 'ndvi']"
EC_Guagua_Pichincha_SW,EC_Guagua_Pichincha_SW.tif,1,"[-78.613, -0.184]",5000,90,0.06,"['emissivity_band10', 'emissivity_band11', 'emissivity_band12', 'emissivity_band13', 'emissivity_band14', 'temperature', 'ndvi']"
EC_Cerro_Hermoso_center,EC_Cerro_Hermoso_center.tif,1,"[-77.5, -0.48]",5000,90,0.05,"['emissivity_band10', 'emissivity_band11', 'emissivity_band12', 'emissivity_band13', 'emissivity_band14', 'temperature', 'ndvi']"
EC_Cerro_Hermoso_N,EC_Cerro_Hermoso_N.tif,1,"[-77.5, -0.467]",5000,90,0.05,"['emissivity_band10', 'emissivity_band11', 'emissivity_band12', 'emissivity_band13', 'emissivity_band14', 'temperature', 'ndvi']"
EC_Cerro_Hermoso_S,EC_Cerro_Hermoso_S.tif,1,"[-77.5, -0.493]",5000,90,0.05,"['emissivity_band10', 'emissivity_band11', 'emissivity_band12', 'emissivity_band13', 'emissivity_band14', 'temperature', 'ndvi']"
EC_Cerro_Hermoso_E,EC_Cerro_Hermoso_E.tif,1,"[-77.487, -0.48]",5000,90,0.06,"['emissivity_band10', 'emissivity_band11', 'emissivity_band12', 'emissivity_band13', 'emissivity_band14', 'temperature', 'ndvi']"
EC_Cerro_Hermoso_W,EC_Cerro_Hermoso_W.tif,1,"[-77.513, -0.48]",5000,90,0.05,"['emissivity_band10', 'emissivity_band11', 'emissivity_band12', 'emissivity_band13', 'emissivity_band14', 'temperature', 'ndvi']"
EC_Cerro_Hermoso_NE,EC_Cerro_Hermoso_NE.tif,1,"[-77.487, -0.467]",5000,90,0.06,"['emissivity_band10', 'emissivity_band11', 'emissivity_band12', 'emissivity_band13', 'emissivity_band14', 'temperature', 'ndvi']"
EC_Cerro_Hermoso_NW,EC_Cerro_Hermoso_NW.tif,1,"[-77.513, -0.467]",5000,90,0.05,"['emissivity_band10', 'emissivity_band11', 'emissivity_band12', 'emissivity_band13', 'emissivity_band14', 'temperature', 'ndvi']"
EC_Cerro_Hermoso_SE,EC_Cerro_Hermoso_SE.tif,1,"[-77.487, -0.493]",5000,90,0.06,"['emissivity_band10', 'emissivity_band11', 'emissivity_band12', 'emissivity_band13', 'emissivity_band14', 'temperature', 'ndvi']"
EC_Cerro_Hermoso_SW,EC_Cerro_Hermoso_SW.tif,1,"[-77.513, -0.493]",5000,90,0.05,"['emissivity_band10', 'emissivity_band11', 'emissivity_band12', 'emissivity_band13', 'emissivity_band14', 'temperature', 'ndvi']"
EC_Sarahurco_center,EC_Sarahurco_center.tif,1,"[-78.23, -0.33]",5000,90,0.06,"['emissivity_band10', 'emissivity_band11', 'emissivity_band12', 'emissivity_band13', 'emissivity_band14', 'temperature', 'ndvi']"
EC_Sarahurco_N,EC_Sarahurco_N.tif,1,"[-78.23, -0.317]",5000,90,0.06,"['emissivity_band10', 'emissivity_band11', 'emissivity_band12', 'emissivity_band13', 'emissivity_band14', 'temperature', 'ndvi']"
EC_Sarahurco_S,EC_Sarahurco_S.tif,1,"[-78.23, -0.343]",5000,90,0.06,"['emissivity_band10', 'emissivity_band11', 'emissivity_band12', 'emissivity_band13', 'emissivity_band14', 'temperature', 'ndvi']"
EC_Sarahurco_E,EC_Sarahurco_E.tif,1,"[-78.217, -0.33]",5000,90,0.06,"['emissivity_band10', 'emissivity_band11', 'emissivity_band12', 'emissivity_band13', 'emissivity_band14', 'temperature', 'ndvi']"
EC_Sarahurco_W,EC_Sarahurco_W.tif,1,"[-78.243, -0.33]",5000,90,0.06,"['emissivity_band10', 'emissivity_band11', 'emissivity_band12', 'emissivity_band13', 'emissivity_band14', 'temperature', 'ndvi']"
EC_Sarahurco_NE,EC_Sarahurco_NE.tif,1,"[-78.217, -0.317]",5000,90,0.06,"['emissivity_band10', 'emissivity_band11', 'emissivity_band12', 'emissivity_band13', 'emissivity_band14', 'temperature', 'ndvi']"
EC_Sarahurco_NW,EC_Sarahurco_NW.tif,1,"[-78.243, -0.317]",5000,90,0.06,"['emissivity_band10', 'emissivity_band11', 'emissivity_band12', 'emissivity_band13', 'emissivity_band14', 'temperature', 'ndvi']"
EC_Sarahurco_SE,EC_Sarahurco_SE.tif,1,"[-78.217, -0.343]",5000,90,0.06,"['emissivity_band10', 'emissivity_band11', 'emissivity_band12', 'emissivity_band13', 'emissivity_band14', 'temperature', 'ndvi']"
EC_Sarahurco_SW,EC_Sarahurco_SW.tif,1,"[-78.243, -0.343]",5000,90,0.06,"['emissivity_band10', 'emissivity_band11', 'emissivity_band12', 'emissivity_band13', 'emissivity_band14', 'temperature', 'ndvi']"
EC_Cuicocha_N,EC_Cuicocha_N.tif,1,"[-78.364, 0.321]",5000,90,0.06,"['emissivity_band10', 'emissivity_band11', 'emissivity_band12', 'emissivity_band13', 'emissivity_band14', 'temperature', 'ndvi']"
EC_Cuicocha_S,EC_Cuicocha_S.tif,1,"[-78.364, 0.295]",5000,90,0.06,"['emissivity_band10', 'emissivity_band11', 'emissivity_band12', 'emissivity_band13', 'emissivity_band14', 'temperature', 'ndvi']"
EC_Cuicocha_E,EC_Cuicocha_E.tif,1,"[-78.351, 0.308]",5000,90,0.06,"['emissivity_band10', 'emissivity_band11', 'emissivity_band12', 'emissivity_band13', 'emissivity_band14', 'temperature', 'ndvi']"
EC_Cuicocha_W,EC_Cuicocha_W.tif,1,"[-78.377, 0.308]",5000,90,0.06,"['emissivity_band10', 'emissivity_band11', 'emissivity_band12', 'emissivity_band13', 'emissivity_band14', 'temperature', 'ndvi']"
EC_Cuicocha_NE,EC_Cuicocha_NE.tif,1,"[-78.351, 0.321]",5000,90,0.06,"['emissivity_band10', 'emissivity_band11', 'emissivity_band12', 'emissivity_band13', 'emissivity_band14', 'temperature', 'ndvi']"
EC_Cuicocha_NW,EC_Cuicocha_NW.tif,1,"[-78.377, 0.321]",5000,90,0.06,"['emissivity_band10', 'emissivity_band11', 'emissivity_band12', 'emissivity_band13', 'emissivity_band14', 'temperature', 'ndvi']"
EC_Cuicocha_SE,EC_Cuicocha_SE.tif,1,"[-78.351, 0.295]",5000,90,0.06,"['emissivity_band10', 'emissivity_band11', 'emissivity_band12', 'emissivity_band13', 'emissivity_band14', 'temperature', 'ndvi']"
EC_Cuicocha_SW,EC_Cuicocha_SW.tif,1,"[-78.377, 0.295]",5000,90,0.06,"['emissivity_band10', 'emissivity_band11', 'emissivity_band12', 'emissivity_band13', 'emissivity_band14', 'temperature', 'ndvi']"
EC_Pululahua_center,EC_Pululahua_center.tif,1,"[-78.464, -0.038]",5000,90,0.06,"['emissivity_band10', 'emissivity_band11', 'emissivity_band12', 'emissivity_band13', 'emissivity_band14', 'temperature', 'ndvi']"
EC_Pululahua_N,EC_Pululahua_N.tif,1,"[-78.464, -0.025]",5000,90,0.06,"['emissivity_band10', 'emissivity_band11', 'emissivity_band12', 'emissivity_band13', 'emissivity_band14', 'temperature', 'ndvi']"
EC_Pululahua_S,EC_Pululahua_S.tif,1,"[-78.464, -0.051]",5000,90,0.06,"['emissivity_band10', 'emissivity_band11', 'emissivity_band12', 'emissivity_band13', 'emissivity_band14', 'temperature', 'ndvi']"
EC_Pululahua_E,EC_Pululahua_E.tif,1,"[-78.451, -0.038]",5000,90,0.06,"['emissivity_band10', 'emissivity_band11', 'emissivity_band12', 'emissivity_band13', 'emissivity_band14', 'temperature', 'ndvi']"
EC_Pululahua_W,EC_Pululahua_W.tif,1,"[-78.477, -0.038]",5000,90,0.06,"['emissivity_band10', 'emissivity_band11', 'emissivity_band12', 'emissivity_band13', 'emissivity_band14', 'temperature', 'ndvi']"
EC_Pululahua_NE,EC_Pululahua_NE.tif,1,"[-78.451, -0.025]",5000,90,0.06,"['emissivity_band10', 'emissivity_band11', 'emissivity_band12', 'emissivity_band13', 'emissivity_band14', 'temperature', 'ndvi']"
EC_Pululahua_NW,EC_Pululahua_NW.tif,1,"[-78.477, -0.025]",5000,90,0.06,"['emissivity_band10', 'emissivity_band11', 'emissivity_band12', 'emissivity_band13', 'emissivity_band14', 'temperature', 'ndvi']"
EC_Pululahua_SE,EC_Pululahua_SE.tif,1,"[-78.451, -0.051]",5000,90,0.06,"['emissivity_band10', 'emissivity_band11', 'emissivity_band12', 'emissivity_band13', 'emissivity_band14', 'temperature', 'ndvi']"
EC_Pululahua_SW,EC_Pululahua_SW.tif,1,"[-78.477, -0.051]",5000,90,0.06,"['emissivity_band10', 'emissivity_band11', 'emissivity_band12', 'emissivity_band13', 'emissivity_band14', 'temperature', 'ndvi']"
EC_Papallacta_Termas_center,EC_Papallacta_Termas_center.tif,1,"[-78.14, -0.373]",5000,90,0.06,"['emissivity_band10', 'emissivity_band11', 'emissivity_band12', 'emissivity_band13', 'emissivity_band14', 'temperature', 'ndvi']"
EC_Papallacta_Termas_N,EC_Papallacta_Termas_N.tif,1,"[-78.14, -0.36]",5000,90,0.06,"['emissivity_band10', 'emissivity_band11', 'emissivity_band12', 'emissivity_band13', 'emissivity_band14', 'temperature', 'ndvi']"
EC_Papallacta_Termas_S,EC_Papallacta_Termas_S.tif,1,"[-78.14, -0.386]",5000,90,0.06,"['emissivity_band10', 'emissivity_band11', 'emissivity_band12', 'emissivity_band13', 'emissivity_band14', 'temperature', 'ndvi']"
EC_Papallacta_Termas_E,EC_Papallacta_Termas_E.tif,1,"[-78.127, -0.373]",5000,90,0.06,"['emissivity_band10', 'emissivity_band11', 'emissivity_band12', 'emissivity_band13', 'emissivity_band14', 'temperature', 'ndvi']"
EC_Papallacta_Termas_W,EC_Papallacta_Termas_W.tif,1,"[-78.153, -0.373]",5000,90,0.06,"['emissivity_band10', 'emissivity_band11', 'emissivity_band12', 'emissivity_band13', 'emissivity_band14', 'temperature', 'ndvi']"
EC_Papallacta_Termas_NE,EC_Papallacta_Termas_NE.tif,1,"[-78.127, -0.36]",5000,90,0.06,"['emissivity_band10', 'emissivity_band11', 'emissivity_band12', 'emissivity_band13', 'emissivity_band14', 'temperature', 'ndvi']"
EC_Papallacta_Termas_NW,EC_Papallacta_Termas_NW.tif,1,"[-78.153, -0.36]",5000,90,0.06,"['emissivity_band10', 'emissivity_band11', 'emissivity_band12', 'emissivity_band13', 'emissivity_band14', 'temperature', 'ndvi']"
EC_Papallacta_Termas_SE,EC_Papallacta_Termas_SE.tif,1,"[-78.127, -0.386]",5000,90,0.06,"['emissivity_band10', 'emissivity_band11', 'emissivity_band12', 'emissivity_band13', 'emissivity_band14', 'temperature', 'ndvi']"
EC_Papallacta_Termas_SW,EC_Papallacta_Termas_SW.tif,1,"[-78.153, -0.386]",5000,90,0.06,"['emissivity_band10', 'emissivity_band11', 'emissivity_band12', 'emissivity_band13', 'emissivity_band14', 'temperature', 'ndvi']"
EC_Banos_Cuenca_Termas_center,EC_Banos_Cuenca_Termas_center.tif,1,"[-78.92, -2.93]",5000,90,0.06,"['emissivity_band10', 'emissivity_band11', 'emissivity_band12', 'emissivity_band13', 'emissivity_band14', 'temperature', 'ndvi']"
EC_Banos_Cuenca_Termas_N,EC_Banos_Cuenca_Termas_N.tif,1,"[-78.92, -2.917]",5000,90,0.06,"['emissivity_band10', 'emissivity_band11', 'emissivity_band12', 'emissivity_band13', 'emissivity_band14', 'temperature', 'ndvi']"
EC_Banos_Cuenca_Termas_S,EC_Banos_Cuenca_Termas_S.tif,1,"[-78.92, -2.943]",5000,90,0.06,"['emissivity_band10', 'emissivity_band11', 'emissivity_band12', 'emissivity_band13', 'emissivity_band14', 'temperature', 'ndvi']"
EC_Banos_Cuenca_Termas_E,EC_Banos_Cuenca_Termas_E.tif,1,"[-78.907, -2.93]",5000,90,0.06,"['emissivity_band10', 'emissivity_band11', 'emissivity_band12', 'emissivity_band13', 'emissivity_band14', 'temperature', 'ndvi']"
EC_Banos_Cuenca_Termas_W,EC_Banos_Cuenca_Termas_W.tif,1,"[-78.933, -2.93]",5000,90,0.06,"['emissivity_band10', 'emissivity_band11', 'emissivity_band12', 'emissivity_band13', 'emissivity_band14', 'temperature', 'ndvi']"
EC_Banos_Cuenca_Termas_NE,EC_Banos_Cuenca_Termas_NE.tif,1,"[-78.907, -2.917]",5000,90,0.06,"['emissivity_band10', 'emissivity_band11', 'emissivity_band12', 'emissivity_band13', 'emissivity_band14', 'temperature', 'ndvi']"
EC_Banos_Cuenca_Termas_NW,EC_Banos_Cuenca_Termas_NW.tif,1,"[-78.933, -2.917]",5000,90,0.06,"['emissivity_band10', 'emissivity_band11', 'emissivity_band12', 'emissivity_band13', 'emissivity_band14', 'temperature', 'ndvi']"
EC_Banos_Cuenca_Termas_SE,EC_Banos_Cuenca_Termas_SE.tif,1,"[-78.907, -2.943]",5000,90,0.06,"['emissivity_band10', 'emissivity_band11', 'emissivity_band12', 'emissivity_band13', 'emissivity_band14', 'temperature', 'ndvi']"
EC_Banos_Cuenca_Termas_SW,EC_Banos_Cuenca_Termas_SW.tif,1,"[-78.933, -2.943]",5000,90,0.06,"['emissivity_band10', 'emissivity_band11', 'emissivity_band12', 'emissivity_band13', 'emissivity_band14', 'temperature', 'ndvi']"
PE_Ampato_N,PE_Ampato_N.tif,1,"[-71.89, -15.807]",5000,90,0.06,"['emissivity_band10', 'emissivity_band11', 'emissivity_band12', 'emissivity_band13', 'emissivity_band14', 'temperature', 'ndvi']"
PE_Ampato_S,PE_Ampato_S.tif,1,"[-71.89, -15.833]",5000,90,0.06,"['emissivity_band10', 'emissivity_band11', 'emissivity_band12', 'emissivity_band13', 'emissivity_band14', 'temperature', 'ndvi']"
PE_Ampato_E,PE_Ampato_E.tif,1,"[-71.877, -15.82]",5000,90,0.06,"['emissivity_band10', 'emissivity_band11', 'emissivity_band12', 'emissivity_band13', 'emissivity_band14', 'temperature', 'ndvi']"
PE_Ampato_W,PE_Ampato_W.tif,1,"[-71.903, -15.82]",5000,90,0.06,"['emissivity_band10', 'emissivity_band11', 'emissivity_band12', 'emissivity_band13', 'emissivity_band14', 'temperature', 'ndvi']"
PE_Ampato_NE,PE_Ampato_NE.tif,1,"[-71.877, -15.807]",5000,90,0.06,"['emissivity_band10', 'emissivity_band11', 'emissivity_band12', 'emissivity_band13', 'emissivity_band14', 'temperature', 'ndvi']"
PE_Ampato_NW,PE_Ampato_NW.tif,1,"[-71.903, -15.807]",5000,90,0.06,"['emissivity_band10', 'emissivity_band11', 'emissivity_band12', 'emissivity_band13', 'emissivity_band14', 'temperature', 'ndvi']"
PE_Ampato_SE,PE_Ampato_SE.tif,1,"[-71.877, -15.833]",5000,90,0.06,"['emissivity_band10', 'emissivity_band11', 'emissivity_band12', 'emissivity_band13', 'emissivity_band14', 'temperature', 'ndvi']"
PE_Ampato_SW,PE_Ampato_SW.tif,1,"[-71.903, -15.833]",5000,90,0.06,"['emissivity_band10', 'emissivity_band11', 'emissivity_band12', 'emissivity_band13', 'emissivity_band14', 'temperature', 'ndvi']"
PE_Huaynaputina_N,PE_Huaynaputina_N.tif,1,"[-70.85, -16.595]",5000,90,0.05,"['emissivity_band10', 'emissivity_band11', 'emissivity_band12', 'emissivity_band13', 'emissivity_band14', 'temperature', 'ndvi']"
PE_Huaynaputina_S,PE_Huaynaputina_S.tif,1,"[-70.85, -16.621]",5000,90,0.05,"['emissivity_band10', 'emissivity_band11', 'emissivity_band12', 'emissivity_band13', 'emissivity_band14', 'temperature', 'ndvi']"
PE_Huaynaputina_E,PE_Huaynaputina_E.tif,1,"[-70.837, -16.608]",5000,90,0.05,"['emissivity_band10', 'emissivity_band11', 'emissivity_band12', 'emissivity_band13', 'emissivity_band14', 'temperature', 'ndvi']"
PE_Huaynaputina_W,PE_Huaynaputina_W.tif,1,"[-70.863, -16.608]",5000,90,0.05,"['emissivity_band10', 'emissivity_band11', 'emissivity_band12', 'emissivity_band13', 'emissivity_band14', 'temperature', 'ndvi']"
PE_Huaynaputina_NE,PE_Huaynaputina_NE.tif,1,"[-70.837, -16.595]",5000,90,0.05,"['emissivity_band10', 'emissivity_band11', 'emissivity_band12', 'emissivity_band13', 'emissivity_band14', 'temperature', 'ndvi']"
PE_Huaynaputina_NW,PE_Huaynaputina_NW.tif,1,"[-70.863, -16.595]",5000,90,0.05,"['emissivity_band10', 'emissivity_band11', 'emissivity_band12', 'emissivity_band13', 'emissivity_band14', 'temperature', 'ndvi']"
PE_Huaynaputina_SE,PE_Huaynaputina_SE.tif,1,"[-70.837, -16.621]",5000,90,0.05,"['emissivity_band10', 'emissivity_band11', 'emissivity_band12', 'emissivity_band13', 'emissivity_band14', 'temperature', 'ndvi']"
PE_Huaynaputina_SW,PE_Huaynaputina_SW.tif,1,"[-70.863, -16.621]",5000,90,0.05,"['emissivity_band10', 'emissivity_band11', 'emissivity_band12', 'emissivity_band13', 'emissivity_band14', 'temperature', 'ndvi']"
PE_Ticsani_N,PE_Ticsani_N.tif,1,"[-70.595, -16.742]",5000,90,0.06,"['emissivity_band10', 'emissivity_band11', 'emissivity_band12', 'emissivity_band13', 'emissivity_band14', 'temperature', 'ndvi']"
PE_Ticsani_S,PE_Ticsani_S.tif,1,"[-70.595, -16.768]",5000,90,0.05,"['emissivity_band10', 'emissivity_band11', 'emissivity_band12', 'emissivity_band13', 'emissivity_band14', 'temperature', 'ndvi']"
PE_Ticsani_E,PE_Ticsani_E.tif,1,"[-70.582, -16.755]",5000,90,0.05,"['emissivity_band10', 'emissivity_band11', 'emissivity_band12', 'emissivity_band13', 'emissivity_band14', 'temperature', 'ndvi']"
PE_Ticsani_W,PE_Ticsani_W.tif,1,"[-70.608, -16.755]",5000,90,0.06,"['emissivity_band10', 'emissivity_band11', 'emissivity_band12', 'emissivity_band13', 'emissivity_band14', 'temperature', 'ndvi']"
PE_Ticsani_NE,PE_Ticsani_NE.tif,1,"[-70.582, -16.742]",5000,90,0.05,"['emissivity_band10', 'emissivity_band11', 'emissivity_band12', 'emissivity_band13', 'emissivity_band14', 'temperature', 'ndvi']"
PE_Ticsani_NW,PE_Ticsani_NW.tif,1,"[-70.608, -16.742]",5000,90,0.06,"['emissivity_band10', 'emissivity_band11', 'emissivity_band12', 'emissivity_band13', 'emissivity_band14', 'temperature', 'ndvi']"
PE_Ticsani_SE,PE_Ticsani_SE.tif,1,"[-70.582, -16.768]",5000,90,0.05,"['emissivity_band10', 'emissivity_band11', 'emissivity_band12', 'emissivity_band13', 'emissivity_band14', 'temperature', 'ndvi']"
PE_Ticsani_SW,PE_Ticsani_SW.tif,1,"[-70.608, -16.768]",5000,90,0.05,"['emissivity_band10', 'emissivity_band11', 'emissivity_band12', 'emissivity_band13', 'emissivity_band14', 'temperature', 'ndvi']"
PE_Tutupaca_N,PE_Tutupaca_N.tif,1,"[-70.36, -17.012]",5000,90,0.06,"['emissivity_band10', 'emissivity_band11', 'emissivity_band12', 'emissivity_band13', 'emissivity_band14', 'temperature', 'ndvi']"
PE_Tutupaca_S,PE_Tutupaca_S.tif,1,"[-70.36, -17.038]",5000,90,0.06,"['emissivity_band10', 'emissivity_band11', 'emissivity_band12', 'emissivity_band13', 'emissivity_band14', 'temperature', 'ndvi']"
PE_Tutupaca_E,PE_Tutupaca_E.tif,1,"[-70.347, -17.025]",5000,90,0.06,"['emissivity_band10', 'emissivity_band11', 'emissivity_band12', 'emissivity_band13', 'emissivity_band14', 'temperature', 'ndvi']"
PE_Tutupaca_W,PE_Tutupaca_W.tif,1,"[-70.373, -17.025]",5000,90,0.06,"['emissivity_band10', 'emissivity_band11', 'emissivity_band12', 'emissivity_band13', 'emissivity_band14', 'temperature', 'ndvi']"
PE_Tutupaca_NE,PE_Tutupaca_NE.tif,1,"[-70.347, -17.012]",5000,90,0.06,"['emissivity_band10', 'emissivity_band11', 'emissivity_band12', 'emissivity_band13', 'emissivity_band14', 'temperature', 'ndvi']"
PE_Tutupaca_NW,PE_Tutupaca_NW.tif,1,"[-70.373, -17.012]",5000,90,0.06,"['emissivity_band10', 'emissivity_band11', 'emissivity_band12', 'emissivity_band13', 'emissivity_band14', 'temperature', 'ndvi']"
PE_Tutupaca_SE,PE_Tutupaca_SE.tif,1,"[-70.347, -17.038]",5000,90,0.06,"['emissivity_band10', 'emissivity_band11', 'emissivity_band12', 'emissivity_band13', 'emissivity_band14', 'temperature', 'ndvi']"
PE_Tutupaca_SW,PE_Tutupaca_SW.tif,1,"[-70.373, -17.038]",5000,90,0.06,"['emissivity_band10', 'emissivity_band11', 'emissivity_band12', 'emissivity_band13', 'emissivity_band14', 'temperature', 'ndvi']"
PE_Yucamane_N,PE_Yucamane_N.tif,1,"[-70.202, -17.167]",5000,90,0.06,"['emissivity_band10', 'emissivity_band11', 'emissivity_band12', 'emissivity_band13', 'emissivity_band14', 'temperature', 'ndvi']"
PE_Yucamane_S,PE_Yucamane_S.tif,1,"[-70.202, -17.193]",5000,90,0.06,"['emissivity_band10', 'emissivity_band11', 'emissivity_band12', 'emissivity_band13', 'emissivity_band14', 'temperature', 'ndvi']"
PE_Yucamane_E,PE_Yucamane_E.tif,1,"[-70.189, -17.18]",5000,90,0.06,"['emissivity_band10', 'emissivity_band11', 'emissivity_band12', 'emissivity_band13', 'emissivity_band14', 'temperature', 'ndvi']"
PE_Yucamane_W,PE_Yucamane_W.tif,1,"[-70.215, -17.18]",5000,90,0.06,"['emissivity_band10', 'emissivity_band11', 'emissivity_band12', 'emissivity_band13', 'emissivity_band14', 'temperature', 'ndvi']"
PE_Yucamane_NE,PE_Yucamane_NE.tif,1,"[-70.189, -17.167]",5000,90,0.06,"['emissivity_band10', 'emissivity_band11', 'emissivity_band12', 'emissivity_band13', 'emissivity_band14', 'temperature', 'ndvi']"
PE_Yucamane_NW,PE_Yucamane_NW.tif,1,"[-70.215, -17.167]",5000,90,0.06,"['emissivity_band10', 'emissivity_band11', 'emissivity_band12', 'emissivity_band13', 'emissivity_band14', 'temperature', 'ndvi']"
PE_Yucamane_SE,PE_Yucamane_SE.tif,1,"[-70.189, -17.193]",5000,90,0.05,"['emissivity_band10', 'emissivity_band11', 'emissivity_band12', 'emissivity_band13', 'emissivity_band14', 'temperature', 'ndvi']"
PE_Yucamane_SW,PE_Yucamane_SW.tif,1,"[-70.215, -17.193]",5000,90,0.06,"['emissivity_band10', 'emissivity_band11', 'emissivity_band12', 'emissivity_band13', 'emissivity_band14', 'temperature', 'ndvi']"
PE_Coropuna_N,PE_Coropuna_N.tif,1,"[-72.653, -15.507]",5000,90,0.06,"['emissivity_band10', 'emissivity_band11', 'emissivity_band12', 'emissivity_band13', 'emissivity_band14', 'temperature', 'ndvi']"
PE_Coropuna_S,PE_Coropuna_S.tif,1,"[-72.653, -15.533]",5000,90,0.06,"['emissivity_band10', 'emissivity_band11', 'emissivity_band12', 'emissivity_band13', 'emissivity_band14', 'temperature', 'ndvi']"
PE_Coropuna_E,PE_Coropuna_E.tif,1,"[-72.64, -15.52]",5000,90,0.06,"['emissivity_band10', 'emissivity_band11', 'emissivity_band12', 'emissivity_band13', 'emissivity_band14', 'temperature', 'ndvi']"
PE_Coropuna_W,PE_Coropuna_W.tif,1,"[-72.666, -15.52]",5000,90,0.06,"['emissivity_band10', 'emissivity_band11', 'emissivity_band12', 'emissivity_band13', 'emissivity_band14', 'temperature', 'ndvi']"
PE_Coropuna_NE,PE_Coropuna_NE.tif,1,"[-72.64, -15.507]",5000,90,0.06,"['emissivity_band10', 'emissivity_band11', 'emissivity_band12', 'emissivity_band13', 'emissivity_band14', 'temperature', 'ndvi']"
PE_Coropuna_NW,PE_Coropuna_NW.tif,1,"[-72.666, -15.507]",5000,90,0.06,"['emissivity_band10', 'emissivity_band11', 'emissivity_band12', 'emissivity_band13', 'emissivity_band14', 'temperature', 'ndvi']"
PE_Coropuna_SE,PE_Coropuna_SE.tif,1,"[-72.64, -15.533]",5000,90,0.06,"['emissivity_band10', 'emissivity_band11', 'emissivity_band12', 'emissivity_band13', 'emissivity_band14', 'temperature', 'ndvi']"
PE_Coropuna_SW,PE_Coropuna_SW.tif,1,"[-72.666, -15.533]",5000,90,0.06,"['emissivity_band10', 'emissivity_band11', 'emissivity_band12', 'emissivity_band13', 'emissivity_band14', 'temperature', 'ndvi']"
PE_Sara_Sara_N,PE_Sara_Sara_N.tif,1,"[-73.45, -15.313]",5000,90,0.06,"['emissivity_band10', 'emissivity_band11', 'emissivity_band12', 'emissivity_band13', 'emissivity_band14', 'temperature', 'ndvi']"
PE_Sara_Sara_S,PE_Sara_Sara_S.tif,1,"[-73.45, -15.339]",5000,90,0.06,"['emissivity_band10', 'emissivity_band11', 'emissivity_band12', 'emissivity_band13', 'emissivity_band14', 'temperature', 'ndvi']"
PE_Sara_Sara_E,PE_Sara_Sara_E.tif,1,"[-73.437, -15.326]",5000,90,0.06,"['emissivity_band10', 'emissivity_band11', 'emissivity_band12', 'emissivity_band13', 'emissivity_band14', 'temperature', 'ndvi']"
PE_Sara_Sara_W,PE_Sara_Sara_W.tif,1,"[-73.463, -15.326]",5000,90,0.06,"['emissivity_band10', 'emissivity_band11', 'emissivity_band12', 'emissivity_band13', 'emissivity_band14', 'temperature', 'ndvi']"
PE_Sara_Sara_NE,PE_Sara_Sara_NE.tif,1,"[-73.437, -15.313]",5000,90,0.06,"['emissivity_band10', 'emissivity_band11', 'emissivity_band12', 'emissivity_band13', 'emissivity_band14', 'temperature', 'ndvi']"
PE_Sara_Sara_NW,PE_Sara_Sara_NW.tif,1,"[-73.463, -15.313]",5000,90,0.06,"['emissivity_band10', 'emissivity_band11', 'emissivity_band12', 'emissivity_band13', 'emissivity_band14', 'temperature', 'ndvi']"
PE_Sara_Sara_SE,PE_Sara_Sara_SE.tif,1,"[-73.437, -15.339]",5000,90,0.06,"['emissivity_band10', 'emissivity_band11', 'emissivity_band12', 'emissivity_band13', 'emissivity_band14', 'temperature', 'ndvi']"
PE_Sara_Sara_SW,PE_Sara_Sara_SW.tif,1,"[-73.463, -15.339]",5000,90,0.06,"['emissivity_band10', 'emissivity_band11', 'emissivity_band12', 'emissivity_band13', 'emissivity_band14', 'temperature', 'ndvi']"
PE_Solimana_center,PE_Solimana_center.tif,1,"[-72.89, -15.41]",5000,90,0.06,"['emissivity_band10', 'emissivity_band11', 'emissivity_band12', 'emissivity_band13', 'emissivity_band14', 'temperature', 'ndvi']"
PE_Solimana_N,PE_Solimana_N.tif,1,"[-72.89, -15.397]",5000,90,0.06,"['emissivity_band10', 'emissivity_band11', 'emissivity_band12', 'emissivity_band13', 'emissivity_band14', 'temperature', 'ndvi']"
PE_Solimana_S,PE_Solimana_S.tif,1,"[-72.89, -15.423]",5000,90,0.06,"['emissivity_band10', 'emissivity_band11', 'emissivity_band12', 'emissivity_band13', 'emissivity_band14', 'temperature', 'ndvi']"
PE_Solimana_E,PE_Solimana_E.tif,1,"[-72.877, -15.41]",5000,90,0.06,"['emissivity_band10', 'emissivity_band11', 'emissivity_band12', 'emissivity_band13', 'emissivity_band14', 'temperature', 'ndvi']"
PE_Solimana_W,PE_Solimana_W.tif,1,"[-72.903, -15.41]",5000,90,0.06,"['emissivity_band10', 'emissivity_band11', 'emissivity_band12', 'emissivity_band13', 'emissivity_band14', 'temperature', 'ndvi']"
PE_Solimana_NE,PE_Solimana_NE.tif,1,"[-72.877, -15.397]",5000,90,0.06,"['emissivity_band10', 'emissivity_band11', 'emissivity_band12', 'emissivity_band13', 'emissivity_band14', 'temperature', 'ndvi']"
PE_Solimana_NW,PE_Solimana_NW.tif,1,"[-72.903, -15.397]",5000,90,0.06,"['emissivity_band10', 'emissivity_band11', 'emissivity_band12', 'emissivity_band13', 'emissivity_band14', 'temperature', 'ndvi']"
PE_Solimana_SE,PE_Solimana_SE.tif,1,"[-72.877, -15.423]",5000,90,0.06,"['emissivity_band10', 'emissivity_band11', 'emissivity_band12', 'emissivity_band13', 'emissivity_band14', 'temperature', 'ndvi']"
PE_Solimana_SW,PE_Solimana_SW.tif,1,"[-72.903, -15.423]",5000,90,0.06,"['emissivity_band10', 'emissivity_band11', 'emissivity_band12', 'emissivity_band13', 'emissivity_band14', 'temperature', 'ndvi']"
PE_Chachani_N,PE_Chachani_N.tif,1,"[-71.532, -16.178]",5000,90,0.06,"['emissivity_band10', 'emissivity_band11', 'emissivity_band12', 'emissivity_band13', 'emissivity_band14', 'temperature', 'ndvi']"
PE_Chachani_S,PE_Chachani_S.tif,1,"[-71.532, -16.204]",5000,90,0.06,"['emissivity_band10', 'emissivity_band11', 'emissivity_band12', 'emissivity_band13', 'emissivity_band14', 'temperature', 'ndvi']"
PE_Chachani_E,PE_Chachani_E.tif,1,"[-71.519, -16.191]",5000,90,0.06,"['emissivity_band10', 'emissivity_band11', 'emissivity_band12', 'emissivity_band13', 'emissivity_band14', 'temperature', 'ndvi']"
PE_Chachani_W,PE_Chachani_W.tif,1,"[-71.545, -16.191]",5000,90,0.06,"['emissivity_band10', 'emissivity_band11', 'emissivity_band12', 'emissivity_band13', 'emissivity_band14', 'temperature', 'ndvi']"
PE_Chachani_NE,PE_Chachani_NE.tif,1,"[-71.519, -16.178]",5000,90,0.06,"['emissivity_band10', 'emissivity_band11', 'emissivity_band12', 'emissivity_band13', 'emissivity_band14', 'temperature', 'ndvi']"
PE_Chachani_NW,PE_Chachani_NW.tif,1,"[-71.545, -16.178]",5000,90,0.06,"['emissivity_band10', 'emissivity_band11', 'emissivity_band12', 'emissivity_band13', 'emissivity_band14', 'temperature', 'ndvi']"
PE_Chachani_SE,PE_Chachani_SE.tif,1,"[-71.519, -16.204]",5000,90,0.06,"['emissivity_band10', 'emissivity_band11', 'emissivity_band12', 'emissivity_band13', 'emissivity_band14', 'temperature', 'ndvi']"
PE_Chachani_SW,PE_Chachani_SW.tif,1,"[-71.545, -16.204]",5000,90,0.06,"['emissivity_band10', 'emissivity_band11', 'emissivity_band12', 'emissivity_band13', 'emissivity_band14', 'temperature', 'ndvi']"
PE_Pichu_Pichu_center,PE_Pichu_Pichu_center.tif,1,"[-71.23, -16.44]",5000,90,0.06,"['emissivity_band10', 'emissivity_band11', 'emissivity_band12', 'emissivity_band13', 'emissivity_band14', 'temperature', 'ndvi']"
PE_Pichu_Pichu_N,PE_Pichu_Pichu_N.tif,1,"[-71.23, -16.427]",5000,90,0.06,"['emissivity_band10', 'emissivity_band11', 'emissivity_band12', 'emissivity_band13', 'emissivity_band14', 'temperature', 'ndvi']"
PE_Pichu_Pichu_S,PE_Pichu_Pichu_S.tif,1,"[-71.23, -16.453]",5000,90,0.06,"['emissivity_band10', 'emissivity_band11', 'emissivity_band12', 'emissivity_band13', 'emissivity_band14', 'temperature', 'ndvi']"
PE_Pichu_Pichu_E,PE_Pichu_Pichu_E.tif,1,"[-71.217, -16.44]",5000,90,0.06,"['emissivity_band10', 'emissivity_band11', 'emissivity_band12', 'emissivity_band13', 'emissivity_band14', 'temperature', 'ndvi']"
PE_Pichu_Pichu_W,PE_Pichu_Pichu_W.tif,1,"[-71.243, -16.44]",5000,90,0.06,"['emissivity_band10', 'emissivity_band11', 'emissivity_band12', 'emissivity_band13', 'emissivity_band14', 'temperature', 'ndvi']"
PE_Pichu_Pichu_NE,PE_Pichu_Pichu_NE.tif,1,"[-71.217, -16.427]",5000,90,0.06,"['emissivity_band10', 'emissivity_band11', 'emissivity_band12', 'emissivity_band13', 'emissivity_band14', 'temperature', 'ndvi']"
PE_Pichu_Pichu_NW,PE_Pichu_Pichu_NW.tif,1,"[-71.243, -16.427]",5000,90,0.06,"['emissivity_band10', 'emissivity_band11', 'emissivity_band12', 'emissivity_band13', 'emissivity_band14', 'temperature', 'ndvi']"
PE_Pichu_Pichu_SE,PE_Pichu_Pichu_SE.tif,1,"[-71.217, -16.453]",5000,90,0.06,"['emissivity_band10', 'emissivity_band11', 'emissivity_band12', 'emissivity_band13', 'emissivity_band14', 'temperature', 'ndvi']"
PE_Pichu_Pichu_SW,PE_Pichu_Pichu_SW.tif,1,"[-71.243, -16.453]",5000,90,0.06,"['emissivity_band10', 'emissivity_band11', 'emissivity_band12', 'emissivity_band13', 'emissivity_band14', 'temperature', 'ndvi']"
PE_Calientes_Tacna_center,PE_Calientes_Tacna_center.tif,1,"[-70.08, -17.71]",5000,90,0.06,"['emissivity_band10', 'emissivity_band11', 'emissivity_band12', 'emissivity_band13', 'emissivity_band14', 'temperature', 'ndvi']"
PE_Calientes_Tacna_N,PE_Calientes_Tacna_N.tif,1,"[-70.08, -17.697]",5000,90,0.06,"['emissivity_band10', 'emissivity_band11', 'emissivity_band12', 'emissivity_band13', 'emissivity_band14', 'temperature', 'ndvi']"
PE_Calientes_Tacna_S,PE_Calientes_Tacna_S.tif,1,"[-70.08, -17.723]",5000,90,0.06,"['emissivity_band10', 'emissivity_band11', 'emissivity_band12', 'emissivity_band13', 'emissivity_band14', 'temperature', 'ndvi']"
PE_Calientes_Tacna_E,PE_Calientes_Tacna_E.tif,1,"[-70.067, -17.71]",5000,90,0.06,"['emissivity_band10', 'emissivity_band11', 'emissivity_band12', 'emissivity_band13', 'emissivity_band14', 'temperature', 'ndvi']"
PE_Calientes_Tacna_W,PE_Calientes_Tacna_W.tif,1,"[-70.093, -17.71]",5000,90,0.05,"['emissivity_band10', 'emissivity_band11', 'emissivity_band12', 'emissivity_band13', 'emissivity_band14', 'temperature', 'ndvi']"
PE_Calientes_Tacna_NE,PE_Calientes_Tacna_NE.tif,1,"[-70.067, -17.697]",5000,90,0.06,"['emissivity_band10', 'emissivity_band11', 'emissivity_band12', 'emissivity_band13', 'emissivity_band14', 'temperature', 'ndvi']"
PE_Calientes_Tacna_NW,PE_Calientes_Tacna_NW.tif,1,"[-70.093, -17.697]",5000,90,0.06,"['emissivity_band10', 'emissivity_band11', 'emissivity_band12', 'emissivity_band13', 'emissivity_band14', 'temperature', 'ndvi']"
PE_Calientes_Tacna_SE,PE_Calientes_Tacna_SE.tif,1,"[-70.067, -17.723]",5000,90,0.06,"['emissivity_band10', 'emissivity_band11', 'emissivity_band12', 'emissivity_band13', 'emissivity_band14', 'temperature', 'ndvi']"
PE_Calientes_Tacna_SW,PE_Calientes_Tacna_SW.tif,1,"[-70.093, -17.723]",5000,90,0.06,"['emissivity_band10', 'emissivity_band11', 'emissivity_band12', 'emissivity_band13', 'emissivity_band14', 'temperature', 'ndvi']"
PE_Churin_Termas_center,PE_Churin_Termas_center.tif,1,"[-76.88, -10.82]",5000,90,0.06,"['emissivity_band10', 'emissivity_band11', 'emissivity_band12', 'emissivity_band13', 'emissivity_band14', 'temperature', 'ndvi']"
PE_Churin_Termas_N,PE_Churin_Termas_N.tif,1,"[-76.88, -10.807]",5000,90,0.06,"['emissivity_band10', 'emissivity_band11', 'emissivity_band12', 'emissivity_band13', 'emissivity_band14', 'temperature', 'ndvi']"
PE_Churin_Termas_S,PE_Churin_Termas_S.tif,1,"[-76.88, -10.833]",5000,90,0.06,"['emissivity_band10', 'emissivity_band11', 'emissivity_band12', 'emissivity_band13', 'emissivity_band14', 'temperature', 'ndvi']"
PE_Churin_Termas_E,PE_Churin_Termas_E.tif,1,"[-76.867, -10.82]",5000,90,0.06,"['emissivity_band10', 'emissivity_band11', 'emissivity_band12', 'emissivity_band13', 'emissivity_band14', 'temperature', 'ndvi']"
PE_Churin_Termas_W,PE_Churin_Termas_W.tif,1,"[-76.893, -10.82]",5000,90,0.06,"['emissivity_band10', 'emissivity_band11', 'emissivity_band12', 'emissivity_band13', 'emissivity_band14', 'temperature', 'ndvi']"
PE_Churin_Termas_NE,PE_Churin_Termas_NE.tif,1,"[-76.867, -10.807]",5000,90,0.06,"['emissivity_band10', 'emissivity_band11', 'emissivity_band12', 'emissivity_band13', 'emissivity_band14', 'temperature', 'ndvi']"
PE_Churin_Termas_NW,PE_Churin_Termas_NW.tif,1,"[-76.893, -10.807]",5000,90,0.06,"['emissivity_band10', 'emissivity_band11', 'emissivity_band12', 'emissivity_band13', 'emissivity_band14', 'temperature', 'ndvi']"
PE_Churin_Termas_SE,PE_Churin_Termas_SE.tif,1,"[-76.867, -10.833]",5000,90,0.06,"['emissivity_band10', 'emissivity_band11', 'emissivity_band12', 'emissivity_band13', 'emissivity_band14', 'temperature', 'ndvi']"
PE_Churin_Termas_SW,PE_Churin_Termas_SW.tif,1,"[-76.893, -10.833]",5000,90,0.06,"['emissivity_band10', 'emissivity_band11', 'emissivity_band12', 'emissivity_band13', 'emissivity_band14', 'temperature', 'ndvi']"
PE_La_Calera_Termas_center,PE_La_Calera_Termas_center.tif,1,"[-71.59, -15.66]",5000,90,0.06,"['emissivity_band10', 'emissivity_band11', 'emissivity_band12', 'emissivity_band13', 'emissivity_band14', 'temperature', 'ndvi']"
PE_La_Calera_Termas_N,PE_La_Calera_Termas_N.tif,1,"[-71.59, -15.647]",5000,90,0.06,"['emissivity_band10', 'emissivity_band11', 'emissivity_band12', 'emissivity_band13', 'emissivity_band14', 'temperature', 'ndvi']"
PE_La_Calera_Termas_S,PE_La_Calera_Termas_S.tif,1,"[-71.59, -15.673]",5000,90,0.06,"['emissivity_band10', 'emissivity_band11', 'emissivity_band12', 'emissivity_band13', 'emissivity_band14', 'temperature', 'ndvi']"
PE_La_Calera_Termas_E,PE_La_Calera_Termas_E.tif,1,"[-71.577, -15.66]",5000,90,0.06,"['emissivity_band10', 'emissivity_band11', 'emissivity_band12', 'emissivity_band13', 'emissivity_band14', 'temperature', 'ndvi']"
PE_La_Calera_Termas_W,PE_La_Calera_Termas_W.tif,1,"[-71.603, -15.66]",5000,90,0.06,"['emissivity_band10', 'emissivity_band11', 'emissivity_band12', 'emissivity_band13', 'emissivity_band14', 'temperature', 'ndvi']"
PE_La_Calera_Termas_NE,PE_La_Calera_Termas_NE.tif,1,"[-71.577, -15.647]",5000,90,0.06,"['emissivity_band10', 'emissivity_band11', 'emissivity_band12', 'emissivity_band13', 'emissivity_band14', 'temperature', 'ndvi']"
PE_La_Calera_Termas_NW,PE_La_Calera_Termas_NW.tif,1,"[-71.603, -15.647]",5000,90,0.06,"['emissivity_band10', 'emissivity_band11', 'emissivity_band12', 'emissivity_band13', 'emissivity_band14', 'temperature', 'ndvi']"
PE_La_Calera_Termas_SE,PE_La_Calera_Termas_SE.tif,1,"[-71.577, -15.673]",5000,90,0.06,"['emissivity_band10', 'emissivity_band11', 'emissivity_band12', 'emissivity_band13', 'emissivity_band14', 'temperature', 'ndvi']"
PE_La_Calera_Termas_SW,PE_La_Calera_Termas_SW.tif,1,"[-71.603, -15.673]",5000,90,0.06,"['emissivity_band10', 'emissivity_band11', 'emissivity_band12', 'emissivity_band13', 'emissivity_band14', 'temperature', 'ndvi']"
PE_Chivay_Termas_center,PE_Chivay_Termas_center.tif,1,"[-71.6, -15.64]",5000,90,0.06,"['emissivity_band10', 'emissivity_band11', 'emissivity_band12', 'emissivity_band13', 'emissivity_band14', 'temperature', 'ndvi']"
PE_Chivay_Termas_N,PE_Chivay_Termas_N.tif,1,"[-71.6, -15.627]",5000,90,0.06,"['emissivity_band10', 'emissivity_band11', 'emissivity_band12', 'emissivity_band13', 'emissivity_band14', 'temperature', 'ndvi']"
PE_Chivay_Termas_S,PE_Chivay_Termas_S.tif,1,"[-71.6, -15.653]",5000,90,0.06,"['emissivity_band10', 'emissivity_band11', 'emissivity_band12', 'emissivity_band13', 'emissivity_band14', 'temperature', 'ndvi']"
PE_Chivay_Termas_E,PE_Chivay_Termas_E.tif,1,"[-71.587, -15.64]",5000,90,0.06,"['emissivity_band10', 'emissivity_band11', 'emissivity_band12', 'emissivity_band13', 'emissivity_band14', 'temperature', 'ndvi']"
PE_Chivay_Termas_W,PE_Chivay_Termas_W.tif,1,"[-71.613, -15.64]",5000,90,0.05,"['emissivity_band10', 'emissivity_band11', 'emissivity_band12', 'emissivity_band13', 'emissivity_band14', 'temperature', 'ndvi']"
PE_Chivay_Termas_NE,PE_Chivay_Termas_NE.tif,1,"[-71.587, -15.627]",5000,90,0.06,"['emissivity_band10', 'emissivity_band11', 'emissivity_band12', 'emissivity_band13', 'emissivity_band14', 'temperature', 'ndvi']"
PE_Chivay_Termas_NW,PE_Chivay_Termas_NW.tif,1,"[-71.613, -15.627]",5000,90,0.05,"['emissivity_band10', 'emissivity_band11', 'emissivity_band12', 'emissivity_band13', 'emissivity_band14', 'temperature', 'ndvi']"
PE_Chivay_Termas_SE,PE_Chivay_Termas_SE.tif,1,"[-71.587, -15.653]",5000,90,0.06,"['emissivity_band10', 'emissivity_band11', 'emissivity_band12', 'emissivity_band13', 'emissivity_band14', 'temperature', 'ndvi']"
PE_Chivay_Termas_SW,PE_Chivay_Termas_SW.tif,1,"[-71.613, -15.653]",5000,90,0.05,"['emissivity_band10', 'emissivity_band11', 'emissivity_band12', 'emissivity_band13', 'emissivity_band14', 'temperature', 'ndvi']"
PE_Jesus_Termas_center,PE_Jesus_Termas_center.tif,1,"[-71.42, -15.97]",5000,90,0.06,"['emissivity_band10', 'emissivity_band11', 'emissivity_band12', 'emissivity_band13', 'emissivity_band14', 'temperature', 'ndvi']"
PE_Jesus_Termas_N,PE_Jesus_Termas_N.tif,1,"[-71.42, -15.957]",5000,90,0.06,"['emissivity_band10', 'emissivity_band11', 'emissivity_band12', 'emissivity_band13', 'emissivity_band14', 'temperature', 'ndvi']"
PE_Jesus_Termas_S,PE_Jesus_Termas_S.tif,1,"[-71.42, -15.983]",5000,90,0.06,"['emissivity_band10', 'emissivity_band11', 'emissivity_band12', 'emissivity_band13', 'emissivity_band14', 'temperature', 'ndvi']"
PE_Jesus_Termas_E,PE_Jesus_Termas_E.tif,1,"[-71.407, -15.97]",5000,90,0.06,"['emissivity_band10', 'emissivity_band11', 'emissivity_band12', 'emissivity_band13', 'emissivity_band14', 'temperature', 'ndvi']"
PE_Jesus_Termas_W,PE_Jesus_Termas_W.tif,1,"[-71.433, -15.97]",5000,90,0.05,"['emissivity_band10', 'emissivity_band11', 'emissivity_band12', 'emissivity_band13', 'emissivity_band14', 'temperature', 'ndvi']"
PE_Jesus_Termas_NE,PE_Jesus_Termas_NE.tif,1,"[-71.407, -15.957]",5000,90,0.06,"['emissivity_band10', 'emissivity_band11', 'emissivity_band12', 'emissivity_band13', 'emissivity_band14', 'temperature', 'ndvi']"
PE_Jesus_Termas_NW,PE_Jesus_Termas_NW.tif,1,"[-71.433, -15.957]",5000,90,0.06,"['emissivity_band10', 'emissivity_band11', 'emissivity_band12', 'emissivity_band13', 'emissivity_band14', 'temperature', 'ndvi']"
PE_Jesus_Termas_SE,PE_Jesus_Termas_SE.tif,1,"[-71.407, -15.983]",5000,90,0.06,"['emissivity_band10', 'emissivity_band11', 'emissivity_band12', 'emissivity_band13', 'emissivity_band14', 'temperature', 'ndvi']"
PE_Jesus_Termas_SW,PE_Jesus_Termas_SW.tif,1,"[-71.433, -15.983]",5000,90,0.05,"['emissivity_band10', 'emissivity_band11', 'emissivity_band12', 'emissivity_band13', 'emissivity_band14', 'temperature', 'ndvi']"
PE_Cayani_center,PE_Cayani_center.tif,1,"[-70.3, -16.85]",5000,90,0.05,"['emissivity_band10', 'emissivity_band11', 'emissivity_band12', 'emissivity_band13', 'emissivity_band14', 'temperature', 'ndvi']"
PE_Cayani_N,PE_Cayani_N.tif,1,"[-70.3, -16.837]",5000,90,0.05,"['emissivity_band10', 'emissivity_band11', 'emissivity_band12', 'emissivity_band13', 'emissivity_band14', 'temperature', 'ndvi']"
PE_Cayani_S,PE_Cayani_S.tif,1,"[-70.3, -16.863]",5000,90,0.05,"['emissivity_band10', 'emissivity_band11', 'emissivity_band12', 'emissivity_band13', 'emissivity_band14', 'temperature', 'ndvi']"
PE_Cayani_E,PE_Cayani_E.tif,1,"[-70.287, -16.85]",5000,90,0.05,"['emissivity_band10', 'emissivity_band11', 'emissivity_band12', 'emissivity_band13', 'emissivity_band14', 'temperature', 'ndvi']"
PE_Cayani_W,PE_Cayani_W.tif,1,"[-70.313, -16.85]",5000,90,0.05,"['emissivity_band10', 'emissivity_band11', 'emissivity_band12', 'emissivity_band13', 'emissivity_band14', 'temperature', 'ndvi']"
PE_Cayani_NE,PE_Cayani_NE.tif,1,"[-70.287, -16.837]",5000,90,0.05,"['emissivity_band10', 'emissivity_band11', 'emissivity_band12', 'emissivity_band13', 'emissivity_band14', 'temperature', 'ndvi']"
PE_Cayani_NW,PE_Cayani_NW.tif,1,"[-70.313, -16.837]",5000,90,0.05,"['emissivity_band10', 'emissivity_band11', 'emissivity_band12', 'emissivity_band13', 'emissivity_band14', 'temperature', 'ndvi']"
PE_Cayani_SE,PE_Cayani_SE.tif,1,"[-70.287, -16.863]",5000,90,0.05,"['emissivity_band10', 'emissivity_band11', 'emissivity_band12', 'emissivity_band13', 'emissivity_band14', 'temperature', 'ndvi']"
PE_Cayani_SW,PE_Cayani_SW.tif,1,"[-70.313, -16.863]",5000,90,0.05,"['emissivity_band10', 'emissivity_band11', 'emissivity_band12', 'emissivity_band13', 'emissivity_band14', 'temperature', 'ndvi']"
PE_Salinas_Laguna_center,PE_Salinas_Laguna_center.tif,1,"[-71.133, -16.256]",5000,90,0.05,"['emissivity_band10', 'emissivity_band11', 'emissivity_band12', 'emissivity_band13', 'emissivity_band14', 'temperature', 'ndvi']"
PE_Salinas_Laguna_N,PE_Salinas_Laguna_N.tif,1,"[-71.133, -16.243]",5000,90,0.05,"['emissivity_band10', 'emissivity_band11', 'emissivity_band12', 'emissivity_band13', 'emissivity_band14', 'temperature', 'ndvi']"
PE_Salinas_Laguna_S,PE_Salinas_Laguna_S.tif,1,"[-71.133, -16.269]",5000,90,0.05,"['emissivity_band10', 'emissivity_band11', 'emissivity_band12', 'emissivity_band13', 'emissivity_band14', 'temperature', 'ndvi']"
PE_Salinas_Laguna_E,PE_Salinas_Laguna_E.tif,1,"[-71.12, -16.256]",5000,90,0.05,"['emissivity_band10', 'emissivity_band11', 'emissivity_band12', 'emissivity_band13', 'emissivity_band14', 'temperature', 'ndvi']"
PE_Salinas_Laguna_W,PE_Salinas_Laguna_W.tif,1,"[-71.146, -16.256]",5000,90,0.05,"['emissivity_band10', 'emissivity_band11', 'emissivity_band12', 'emissivity_band13', 'emissivity_band14', 'temperature', 'ndvi']"
PE_Salinas_Laguna_NE,PE_Salinas_Laguna_NE.tif,1,"[-71.12, -16.243]",5000,90,0.05,"['emissivity_band10', 'emissivity_band11', 'emissivity_band12', 'emissivity_band13', 'emissivity_band14', 'temperature', 'ndvi']"
PE_Salinas_Laguna_NW,PE_Salinas_Laguna_NW.tif,1,"[-71.146, -16.243]",5000,90,0.05,"['emissivity_band10', 'emissivity_band11', 'emissivity_band12', 'emissivity_band13', 'emissivity_band14', 'temperature', 'ndvi']"
PE_Salinas_Laguna_SE,PE_Salinas_Laguna_SE.tif,1,"[-71.12, -16.269]",5000,90,0.05,"['emissivity_band10', 'emissivity_band11', 'emissivity_band12', 'emissivity_band13', 'emissivity_band14', 'temperature', 'ndvi']"
PE_Salinas_Laguna_SW,PE_Salinas_Laguna_SW.tif,1,"[-71.146, -16.269]",5000,90,0.05,"['emissivity_band10', 'emissivity_band11', 'emissivity_band12', 'emissivity_band13', 'emissivity_band14', 'temperature', 'ndvi']"
PE_Nicholson_center,PE_Nicholson_center.tif,1,"[-70.7, -16.75]",5000,90,0.06,"['emissivity_band10', 'emissivity_band11', 'emissivity_band12', 'emissivity_band13', 'emissivity_band14', 'temperature', 'ndvi']"
PE_Nicholson_N,PE_Nicholson_N.tif,1,"[-70.7, -16.737]",5000,90,0.06,"['emissivity_band10', 'emissivity_band11', 'emissivity_band12', 'emissivity_band13', 'emissivity_band14', 'temperature', 'ndvi']"
PE_Nicholson_S,PE_Nicholson_S.tif,1,"[-70.7, -16.763]",5000,90,0.06,"['emissivity_band10', 'emissivity_band11', 'emissivity_band12', 'emissivity_band13', 'emissivity_band14', 'temperature', 'ndvi']"
PE_Nicholson_E,PE_Nicholson_E.tif,1,"[-70.687, -16.75]",5000,90,0.06,"['emissivity_band10', 'emissivity_band11', 'emissivity_band12', 'emissivity_band13', 'emissivity_band14', 'temperature', 'ndvi']"
PE_Nicholson_W,PE_Nicholson_W.tif,1,"[-70.713, -16.75]",5000,90,0.06,"['emissivity_band10', 'emissivity_band11', 'emissivity_band12', 'emissivity_band13', 'emissivity_band14', 'temperature', 'ndvi']"
PE_Nicholson_NE,PE_Nicholson_NE.tif,1,"[-70.687, -16.737]",5000,90,0.06,"['emissivity_band10', 'emissivity_band11', 'emissivity_band12', 'emissivity_band13', 'emissivity_band14', 'temperature', 'ndvi']"
PE_Nicholson_NW,PE_Nicholson_NW.tif,1,"[-70.713, -16.737]",5000,90,0.06,"['emissivity_band10', 'emissivity_band11', 'emissivity_band12', 'emissivity_band13', 'emissivity_band14', 'temperature', 'ndvi']"
PE_Nicholson_SE,PE_Nicholson_SE.tif,1,"[-70.687, -16.763]",5000,90,0.06,"['emissivity_band10', 'emissivity_band11', 'emissivity_band12', 'emissivity_band13', 'emissivity_band14', 'temperature', 'ndvi']"
PE_Nicholson_SW,PE_Nicholson_SW.tif,1,"[-70.713, -16.763]",5000,90,0.06,"['emissivity_band10', 'emissivity_band11', 'emissivity_band12', 'emissivity_band13', 'emissivity_band14', 'temperature', 'ndvi']"
CL_Irruputuncu_N,CL_Irruputuncu_N.tif,1,"[-68.56, -20.727]",5000,90,0.06,"['emissivity_band10', 'emissivity_band11', 'emissivity_band12', 'emissivity_band13', 'emissivity_band14', 'temperature', 'ndvi']"
CL_Irruputuncu_S,CL_Irruputuncu_S.tif,1,"[-68.56, -20.753]",5000,90,0.05,"['emissivity_band10', 'emissivity_band11', 'emissivity_band12', 'emissivity_band13', 'emissivity_band14', 'temperature', 'ndvi']"
CL_Irruputuncu_E,CL_Irruputuncu_E.tif,1,"[-68.547, -20.74]",5000,90,0.06,"['emissivity_band10', 'emissivity_band11', 'emissivity_band12', 'emissivity_band13', 'emissivity_band14', 'temperature', 'ndvi']"
CL_Irruputuncu_W,CL_Irruputuncu_W.tif,1,"[-68.573, -20.74]",5000,90,0.05,"['emissivity_band10', 'emissivity_band11', 'emissivity_band12', 'emissivity_band13', 'emissivity_band14', 'temperature', 'ndvi']"
CL_Irruputuncu_NE,CL_Irruputuncu_NE.tif,1,"[-68.547, -20.727]",5000,90,0.06,"['emissivity_band10', 'emissivity_band11', 'emissivity_band12', 'emissivity_band13', 'emissivity_band14', 'temperature', 'ndvi']"
CL_Irruputuncu_NW,CL_Irruputuncu_NW.tif,1,"[-68.573, -20.727]",5000,90,0.05,"['emissivity_band10', 'emissivity_band11', 'emissivity_band12', 'emissivity_band13', 'emissivity_band14', 'temperature', 'ndvi']"
CL_Irruputuncu_SE,CL_Irruputuncu_SE.tif,1,"[-68.547, -20.753]",5000,90,0.05,"['emissivity_band10', 'emissivity_band11', 'emissivity_band12', 'emissivity_band13', 'emissivity_band14', 'temperature', 'ndvi']"
CL_Irruputuncu_SW,CL_Irruputuncu_SW.tif,1,"[-68.573, -20.753]",5000,90,0.05,"['emissivity_band10', 'emissivity_band11', 'emissivity_band12', 'emissivity_band13', 'emissivity_band14', 'temperature', 'ndvi']"
CL_Olague_center,CL_Olague_center.tif,1,"[-68.18, -21.3]",5000,90,0.06,"['emissivity_band10', 'emissivity_band11', 'emissivity_band12', 'emissivity_band13', 'emissivity_band14', 'temperature', 'ndvi']"
CL_Olague_N,CL_Olague_N.tif,1,"[-68.18, -21.287]",5000,90,0.05,"['emissivity_band10', 'emissivity_band11', 'emissivity_band12', 'emissivity_band13', 'emissivity_band14', 'temperature', 'ndvi']"
CL_Olague_S,CL_Olague_S.tif,1,"[-68.18, -21.313]",5000,90,0.06,"['emissivity_band10', 'emissivity_band11', 'emissivity_band12', 'emissivity_band13', 'emissivity_band14', 'temperature', 'ndvi']"
CL_Olague_E,CL_Olague_E.tif,1,"[-68.167, -21.3]",5000,90,0.06,"['emissivity_band10', 'emissivity_band11', 'emissivity_band12', 'emissivity_band13', 'emissivity_band14', 'temperature', 'ndvi']"
CL_Olague_W,CL_Olague_W.tif,1,"[-68.193, -21.3]",5000,90,0.06,"['emissivity_band10', 'emissivity_band11', 'emissivity_band12', 'emissivity_band13', 'emissivity_band14', 'temperature', 'ndvi']"
CL_Olague_NE,CL_Olague_NE.tif,1,"[-68.167, -21.287]",5000,90,0.05,"['emissivity_band10', 'emissivity_band11', 'emissivity_band12', 'emissivity_band13', 'emissivity_band14', 'temperature', 'ndvi']"
CL_Olague_NW,CL_Olague_NW.tif,1,"[-68.193, -21.287]",5000,90,0.05,"['emissivity_band10', 'emissivity_band11', 'emissivity_band12', 'emissivity_band13', 'emissivity_band14', 'temperature', 'ndvi']"
CL_Olague_SE,CL_Olague_SE.tif,1,"[-68.167, -21.313]",5000,90,0.06,"['emissivity_band10', 'emissivity_band11', 'emissivity_band12', 'emissivity_band13', 'emissivity_band14', 'temperature', 'ndvi']"
CL_Olague_SW,CL_Olague_SW.tif,1,"[-68.193, -21.313]",5000,90,0.06,"['emissivity_band10', 'emissivity_band11', 'emissivity_band12', 'emissivity_band13', 'emissivity_band14', 'temperature', 'ndvi']"
CL_San_Pedro_V_center,CL_San_Pedro_V_center.tif,1,"[-68.396, -21.88]",5000,90,0.05,"['emissivity_band10', 'emissivity_band11', 'emissivity_band12', 'emissivity_band13', 'emissivity_band14', 'temperature', 'ndvi']"
CL_San_Pedro_V_N,CL_San_Pedro_V_N.tif,1,"[-68.396, -21.867]",5000,90,0.05,"['emissivity_band10', 'emissivity_band11', 'emissivity_band12', 'emissivity_band13', 'emissivity_band14', 'temperature', 'ndvi']"
CL_San_Pedro_V_S,CL_San_Pedro_V_S.tif,1,"[-68.396, -21.893]",5000,90,0.05,"['emissivity_band10', 'emissivity_band11', 'emissivity_band12', 'emissivity_band13', 'emissivity_band14', 'temperature', 'ndvi']"
CL_San_Pedro_V_E,CL_San_Pedro_V_E.tif,1,"[-68.383, -21.88]",5000,90,0.05,"['emissivity_band10', 'emissivity_band11', 'emissivity_band12', 'emissivity_band13', 'emissivity_band14', 'temperature', 'ndvi']"
CL_San_Pedro_V_W,CL_San_Pedro_V_W.tif,1,"[-68.409, -21.88]",5000,90,0.05,"['emissivity_band10', 'emissivity_band11', 'emissivity_band12', 'emissivity_band13', 'emissivity_band14', 'temperature', 'ndvi']"
CL_San_Pedro_V_NE,CL_San_Pedro_V_NE.tif,1,"[-68.383, -21.867]",5000,90,0.05,"['emissivity_band10', 'emissivity_band11', 'emissivity_band12', 'emissivity_band13', 'emissivity_band14', 'temperature', 'ndvi']"
CL_San_Pedro_V_NW,CL_San_Pedro_V_NW.tif,1,"[-68.409, -21.867]",5000,90,0.05,"['emissivity_band10', 'emissivity_band11', 'emissivity_band12', 'emissivity_band13', 'emissivity_band14', 'temperature', 'ndvi']"
CL_San_Pedro_V_SE,CL_San_Pedro_V_SE.tif,1,"[-68.383, -21.893]",5000,90,0.05,"['emissivity_band10', 'emissivity_band11', 'emissivity_band12', 'emissivity_band13', 'emissivity_band14', 'temperature', 'ndvi']"
CL_San_Pedro_V_SW,CL_San_Pedro_V_SW.tif,1,"[-68.409, -21.893]",5000,90,0.05,"['emissivity_band10', 'emissivity_band11', 'emissivity_band12', 'emissivity_band13', 'emissivity_band14', 'temperature', 'ndvi']"
CL_Putana_N,CL_Putana_N.tif,1,"[-67.856, -22.555]",5000,90,0.06,"['emissivity_band10', 'emissivity_band11', 'emissivity_band12', 'emissivity_band13', 'emissivity_band14', 'temperature', 'ndvi']"
CL_Putana_S,CL_Putana_S.tif,1,"[-67.856, -22.581]",5000,90,0.06,"['emissivity_band10', 'emissivity_band11', 'emissivity_band12', 'emissivity_band13', 'emissivity_band14', 'temperature', 'ndvi']"
CL_Putana_E,CL_Putana_E.tif,1,"[-67.843, -22.568]",5000,90,0.06,"['emissivity_band10', 'emissivity_band11', 'emissivity_band12', 'emissivity_band13', 'emissivity_band14', 'temperature', 'ndvi']"
CL_Putana_W,CL_Putana_W.tif,1,"[-67.869, -22.568]",5000,90,0.06,"['emissivity_band10', 'emissivity_band11', 'emissivity_band12', 'emissivity_band13', 'emissivity_band14', 'temperature', 'ndvi']"
CL_Putana_NE,CL_Putana_NE.tif,1,"[-67.843, -22.555]",5000,90,0.06,"['emissivity_band10', 'emissivity_band11', 'emissivity_band12', 'emissivity_band13', 'emissivity_band14', 'temperature', 'ndvi']"
CL_Putana_NW,CL_Putana_NW.tif,1,"[-67.869, -22.555]",5000,90,0.06,"['emissivity_band10', 'emissivity_band11', 'emissivity_band12', 'emissivity_band13', 'emissivity_band14', 'temperature', 'ndvi']"
CL_Putana_SE,CL_Putana_SE.tif,1,"[-67.843, -22.581]",5000,90,0.06,"['emissivity_band10', 'emissivity_band11', 'emissivity_band12', 'emissivity_band13', 'emissivity_band14', 'temperature', 'ndvi']"
CL_Putana_SW,CL_Putana_SW.tif,1,"[-67.869, -22.581]",5000,90,0.06,"['emissivity_band10', 'emissivity_band11', 'emissivity_band12', 'emissivity_band13', 'emissivity_band14', 'temperature', 'ndvi']"
CL_Guallatiri_N,CL_Guallatiri_N.tif,1,"[-69.092, -18.41]",5000,90,0.06,"['emissivity_band10', 'emissivity_band11', 'emissivity_band12', 'emissivity_band13', 'emissivity_band14', 'temperature', 'ndvi']"
CL_Guallatiri_S,CL_Guallatiri_S.tif,1,"[-69.092, -18.436]",5000,90,0.05,"['emissivity_band10', 'emissivity_band11', 'emissivity_band12', 'emissivity_band13', 'emissivity_band14', 'temperature', 'ndvi']"
CL_Guallatiri_E,CL_Guallatiri_E.tif,1,"[-69.079, -18.423]",5000,90,0.06,"['emissivity_band10', 'emissivity_band11', 'emissivity_band12', 'emissivity_band13', 'emissivity_band14', 'temperature', 'ndvi']"
CL_Guallatiri_W,CL_Guallatiri_W.tif,1,"[-69.105, -18.423]",5000,90,0.06,"['emissivity_band10', 'emissivity_band11', 'emissivity_band12', 'emissivity_band13', 'emissivity_band14', 'temperature', 'ndvi']"
CL_Guallatiri_NE,CL_Guallatiri_NE.tif,1,"[-69.079, -18.41]",5000,90,0.06,"['emissivity_band10', 'emissivity_band11', 'emissivity_band12', 'emissivity_band13', 'emissivity_band14', 'temperature', 'ndvi']"
CL_Guallatiri_NW,CL_Guallatiri_NW.tif,1,"[-69.105, -18.41]",5000,90,0.06,"['emissivity_band10', 'emissivity_band11', 'emissivity_band12', 'emissivity_band13', 'emissivity_band14', 'temperature', 'ndvi']"
CL_Guallatiri_SE,CL_Guallatiri_SE.tif,1,"[-69.079, -18.436]",5000,90,0.06,"['emissivity_band10', 'emissivity_band11', 'emissivity_band12', 'emissivity_band13', 'emissivity_band14', 'temperature', 'ndvi']"
CL_Guallatiri_SW,CL_Guallatiri_SW.tif,1,"[-69.105, -18.436]",5000,90,0.06,"['emissivity_band10', 'emissivity_band11', 'emissivity_band12', 'emissivity_band13', 'emissivity_band14', 'temperature', 'ndvi']"
CL_Parinacota_N,CL_Parinacota_N.tif,1,"[-69.142, -18.157]",5000,90,0.05,"['emissivity_band10', 'emissivity_band11', 'emissivity_band12', 'emissivity_band13', 'emissivity_band14', 'temperature', 'ndvi']"
CL_Parinacota_S,CL_Parinacota_S.tif,1,"[-69.142, -18.183]",5000,90,0.05,"['emissivity_band10', 'emissivity_band11', 'emissivity_band12', 'emissivity_band13', 'emissivity_band14', 'temperature', 'ndvi']"
CL_Parinacota_E,CL_Parinacota_E.tif,1,"[-69.129, -18.17]",5000,90,0.05,"['emissivity_band10', 'emissivity_band11', 'emissivity_band12', 'emissivity_band13', 'emissivity_band14', 'temperature', 'ndvi']"
CL_Parinacota_W,CL_Parinacota_W.tif,1,"[-69.155, -18.17]",5000,90,0.06,"['emissivity_band10', 'emissivity_band11', 'emissivity_band12', 'emissivity_band13', 'emissivity_band14', 'temperature', 'ndvi']"
CL_Parinacota_NE,CL_Parinacota_NE.tif,1,"[-69.129, -18.157]",5000,90,0.05,"['emissivity_band10', 'emissivity_band11', 'emissivity_band12', 'emissivity_band13', 'emissivity_band14', 'temperature', 'ndvi']"
CL_Parinacota_NW,CL_Parinacota_NW.tif,1,"[-69.155, -18.157]",5000,90,0.06,"['emissivity_band10', 'emissivity_band11', 'emissivity_band12', 'emissivity_band13', 'emissivity_band14', 'temperature', 'ndvi']"
CL_Parinacota_SE,CL_Parinacota_SE.tif,1,"[-69.129, -18.183]",5000,90,0.05,"['emissivity_band10', 'emissivity_band11', 'emissivity_band12', 'emissivity_band13', 'emissivity_band14', 'temperature', 'ndvi']"
CL_Parinacota_SW,CL_Parinacota_SW.tif,1,"[-69.155, -18.183]",5000,90,0.05,"['emissivity_band10', 'emissivity_band11', 'emissivity_band12', 'emissivity_band13', 'emissivity_band14', 'temperature', 'ndvi']"
CL_Isluga_N,CL_Isluga_N.tif,1,"[-68.831, -19.137]",5000,90,0.06,"['emissivity_band10', 'emissivity_band11', 'emissivity_band12', 'emissivity_band13', 'emissivity_band14', 'temperature', 'ndvi']"
CL_Isluga_S,CL_Isluga_S.tif,1,"[-68.831, -19.163]",5000,90,0.06,"['emissivity_band10', 'emissivity_band11', 'emissivity_band12', 'emissivity_band13', 'emissivity_band14', 'temperature', 'ndvi']"
CL_Isluga_E,CL_Isluga_E.tif,1,"[-68.818, -19.15]",5000,90,0.06,"['emissivity_band10', 'emissivity_band11', 'emissivity_band12', 'emissivity_band13', 'emissivity_band14', 'temperature', 'ndvi']"
CL_Isluga_W,CL_Isluga_W.tif,1,"[-68.844, -19.15]",5000,90,0.06,"['emissivity_band10', 'emissivity_band11', 'emissivity_band12', 'emissivity_band13', 'emissivity_band14', 'temperature', 'ndvi']"
CL_Isluga_NE,CL_Isluga_NE.tif,1,"[-68.818, -19.137]",5000,90,0.06,"['emissivity_band10', 'emissivity_band11', 'emissivity_band12', 'emissivity_band13', 'emissivity_band14', 'temperature', 'ndvi']"
CL_Isluga_NW,CL_Isluga_NW.tif,1,"[-68.844, -19.137]",5000,90,0.06,"['emissivity_band10', 'emissivity_band11', 'emissivity_band12', 'emissivity_band13', 'emissivity_band14', 'temperature', 'ndvi']"
CL_Isluga_SE,CL_Isluga_SE.tif,1,"[-68.818, -19.163]",5000,90,0.06,"['emissivity_band10', 'emissivity_band11', 'emissivity_band12', 'emissivity_band13', 'emissivity_band14', 'temperature', 'ndvi']"
CL_Isluga_SW,CL_Isluga_SW.tif,1,"[-68.844, -19.163]",5000,90,0.06,"['emissivity_band10', 'emissivity_band11', 'emissivity_band12', 'emissivity_band13', 'emissivity_band14', 'temperature', 'ndvi']"
CL_Tacora_N,CL_Tacora_N.tif,1,"[-69.771, -17.707]",5000,90,0.06,"['emissivity_band10', 'emissivity_band11', 'emissivity_band12', 'emissivity_band13', 'emissivity_band14', 'temperature', 'ndvi']"
CL_Tacora_S,CL_Tacora_S.tif,1,"[-69.771, -17.733]",5000,90,0.05,"['emissivity_band10', 'emissivity_band11', 'emissivity_band12', 'emissivity_band13', 'emissivity_band14', 'temperature', 'ndvi']"
CL_Tacora_E,CL_Tacora_E.tif,1,"[-69.758, -17.72]",5000,90,0.05,"['emissivity_band10', 'emissivity_band11', 'emissivity_band12', 'emissivity_band13', 'emissivity_band14', 'temperature', 'ndvi']"
CL_Tacora_W,CL_Tacora_W.tif,1,"[-69.784, -17.72]",5000,90,0.06,"['emissivity_band10', 'emissivity_band11', 'emissivity_band12', 'emissivity_band13', 'emissivity_band14', 'temperature', 'ndvi']"
CL_Tacora_NE,CL_Tacora_NE.tif,1,"[-69.758, -17.707]",5000,90,0.06,"['emissivity_band10', 'emissivity_band11', 'emissivity_band12', 'emissivity_band13', 'emissivity_band14', 'temperature', 'ndvi']"
CL_Tacora_NW,CL_Tacora_NW.tif,1,"[-69.784, -17.707]",5000,90,0.06,"['emissivity_band10', 'emissivity_band11', 'emissivity_band12', 'emissivity_band13', 'emissivity_band14', 'temperature', 'ndvi']"
CL_Tacora_SE,CL_Tacora_SE.tif,1,"[-69.758, -17.733]",5000,90,0.05,"['emissivity_band10', 'emissivity_band11', 'emissivity_band12', 'emissivity_band13', 'emissivity_band14', 'temperature', 'ndvi']"
CL_Tacora_SW,CL_Tacora_SW.tif,1,"[-69.784, -17.733]",5000,90,0.06,"['emissivity_band10', 'emissivity_band11', 'emissivity_band12', 'emissivity_band13', 'emissivity_band14', 'temperature', 'ndvi']"
CL_Cerro_Pabellon_N,CL_Cerro_Pabellon_N.tif,1,"[-68.15, -22.297]",5000,90,0.05,"['emissivity_band10', 'emissivity_band11', 'emissivity_band12', 'emissivity_band13', 'emissivity_band14', 'temperature', 'ndvi']"
CL_Cerro_Pabellon_S,CL_Cerro_Pabellon_S.tif,1,"[-68.15, -22.323]",5000,90,0.05,"['emissivity_band10', 'emissivity_band11', 'emissivity_band12', 'emissivity_band13', 'emissivity_band14', 'temperature', 'ndvi']"
CL_Cerro_Pabellon_E,CL_Cerro_Pabellon_E.tif,1,"[-68.137, -22.31]",5000,90,0.05,"['emissivity_band10', 'emissivity_band11', 'emissivity_band12', 'emissivity_band13', 'emissivity_band14', 'temperature', 'ndvi']"
CL_Cerro_Pabellon_W,CL_Cerro_Pabellon_W.tif,1,"[-68.163, -22.31]",5000,90,0.05,"['emissivity_band10', 'emissivity_band11', 'emissivity_band12', 'emissivity_band13', 'emissivity_band14', 'temperature', 'ndvi']"
CL_Cerro_Pabellon_NW,CL_Cerro_Pabellon_NW.tif,1,"[-68.163, -22.297]",5000,90,0.05,"['emissivity_band10', 'emissivity_band11', 'emissivity_band12', 'emissivity_band13', 'emissivity_band14', 'temperature', 'ndvi']"
CL_Cerro_Pabellon_SE,CL_Cerro_Pabellon_SE.tif,1,"[-68.137, -22.323]",5000,90,0.05,"['emissivity_band10', 'emissivity_band11', 'emissivity_band12', 'emissivity_band13', 'emissivity_band14', 'temperature', 'ndvi']"
CL_Apacheta_center,CL_Apacheta_center.tif,1,"[-68.18, -22.22]",5000,90,0.05,"['emissivity_band10', 'emissivity_band11', 'emissivity_band12', 'emissivity_band13', 'emissivity_band14', 'temperature', 'ndvi']"
CL_Apacheta_N,CL_Apacheta_N.tif,1,"[-68.18, -22.207]",5000,90,0.05,"['emissivity_band10', 'emissivity_band11', 'emissivity_band12', 'emissivity_band13', 'emissivity_band14', 'temperature', 'ndvi']"
CL_Apacheta_S,CL_Apacheta_S.tif,1,"[-68.18, -22.233]",5000,90,0.05,"['emissivity_band10', 'emissivity_band11', 'emissivity_band12', 'emissivity_band13', 'emissivity_band14', 'temperature', 'ndvi']"
CL_Apacheta_E,CL_Apacheta_E.tif,1,"[-68.167, -22.22]",5000,90,0.05,"['emissivity_band10', 'emissivity_band11', 'emissivity_band12', 'emissivity_band13', 'emissivity_band14', 'temperature', 'ndvi']"
CL_Apacheta_W,CL_Apacheta_W.tif,1,"[-68.193, -22.22]",5000,90,0.05,"['emissivity_band10', 'emissivity_band11', 'emissivity_band12', 'emissivity_band13', 'emissivity_band14', 'temperature', 'ndvi']"
CL_Apacheta_NE,CL_Apacheta_NE.tif,1,"[-68.167, -22.207]",5000,90,0.05,"['emissivity_band10', 'emissivity_band11', 'emissivity_band12', 'emissivity_band13', 'emissivity_band14', 'temperature', 'ndvi']"
CL_Apacheta_NW,CL_Apacheta_NW.tif,1,"[-68.193, -22.207]",5000,90,0.05,"['emissivity_band10', 'emissivity_band11', 'emissivity_band12', 'emissivity_band13', 'emissivity_band14', 'temperature', 'ndvi']"
CL_Apacheta_SE,CL_Apacheta_SE.tif,1,"[-68.167, -22.233]",5000,90,0.05,"['emissivity_band10', 'emissivity_band11', 'emissivity_band12', 'emissivity_band13', 'emissivity_band14', 'temperature', 'ndvi']"
CL_Apacheta_SW,CL_Apacheta_SW.tif,1,"[-68.193, -22.233]",5000,90,0.05,"['emissivity_band10', 'emissivity_band11', 'emissivity_band12', 'emissivity_band13', 'emissivity_band14', 'temperature', 'ndvi']"
CL_Pampa_Lirima_center,CL_Pampa_Lirima_center.tif,1,"[-69.33, -19.82]",5000,90,0.05,"['emissivity_band10', 'emissivity_band11', 'emissivity_band12', 'emissivity_band13', 'emissivity_band14', 'temperature', 'ndvi']"
CL_Pampa_Lirima_N,CL_Pampa_Lirima_N.tif,1,"[-69.33, -19.807]",5000,90,0.05,"['emissivity_band10', 'emissivity_band11', 'emissivity_band12', 'emissivity_band13', 'emissivity_band14', 'temperature', 'ndvi']"
CL_Pampa_Lirima_S,CL_Pampa_Lirima_S.tif,1,"[-69.33, -19.833]",5000,90,0.05,"['emissivity_band10', 'emissivity_band11', 'emissivity_band12', 'emissivity_band13', 'emissivity_band14', 'temperature', 'ndvi']"
CL_Pampa_Lirima_E,CL_Pampa_Lirima_E.tif,1,"[-69.317, -19.82]",5000,90,0.05,"['emissivity_band10', 'emissivity_band11', 'emissivity_band12', 'emissivity_band13', 'emissivity_band14', 'temperature', 'ndvi']"
CL_Pampa_Lirima_W,CL_Pampa_Lirima_W.tif,1,"[-69.343, -19.82]",5000,90,0.05,"['emissivity_band10', 'emissivity_band11', 'emissivity_band12', 'emissivity_band13', 'emissivity_band14', 'temperature', 'ndvi']"
CL_Pampa_Lirima_NE,CL_Pampa_Lirima_NE.tif,1,"[-69.317, -19.807]",5000,90,0.05,"['emissivity_band10', 'emissivity_band11', 'emissivity_band12', 'emissivity_band13', 'emissivity_band14', 'temperature', 'ndvi']"
CL_Pampa_Lirima_NW,CL_Pampa_Lirima_NW.tif,1,"[-69.343, -19.807]",5000,90,0.05,"['emissivity_band10', 'emissivity_band11', 'emissivity_band12', 'emissivity_band13', 'emissivity_band14', 'temperature', 'ndvi']"
CL_Pampa_Lirima_SE,CL_Pampa_Lirima_SE.tif,1,"[-69.317, -19.833]",5000,90,0.05,"['emissivity_band10', 'emissivity_band11', 'emissivity_band12', 'emissivity_band13', 'emissivity_band14', 'temperature', 'ndvi']"
CL_Pampa_Lirima_SW,CL_Pampa_Lirima_SW.tif,1,"[-69.343, -19.833]",5000,90,0.05,"['emissivity_band10', 'emissivity_band11', 'emissivity_band12', 'emissivity_band13', 'emissivity_band14', 'temperature', 'ndvi']"
CL_Chaiten_center,CL_Chaiten_center.tif,1,"[-72.65, -42.83]",5000,90,0.06,"['emissivity_band10', 'emissivity_band11', 'emissivity_band12', 'emissivity_band13', 'emissivity_band14', 'temperature', 'ndvi']"
CL_Chaiten_N,CL_Chaiten_N.tif,1,"[-72.65, -42.817]",5000,90,0.06,"['emissivity_band10', 'emissivity_band11', 'emissivity_band12', 'emissivity_band13', 'emissivity_band14', 'temperature', 'ndvi']"
CL_Chaiten_S,CL_Chaiten_S.tif,1,"[-72.65, -42.843]",5000,90,0.07,"['emissivity_band10', 'emissivity_band11', 'emissivity_band12', 'emissivity_band13', 'emissivity_band14', 'temperature', 'ndvi']"
CL_Chaiten_E,CL_Chaiten_E.tif,1,"[-72.637, -42.83]",5000,90,0.06,"['emissivity_band10', 'emissivity_band11', 'emissivity_band12', 'emissivity_band13', 'emissivity_band14', 'temperature', 'ndvi']"
CL_Chaiten_W,CL_Chaiten_W.tif,1,"[-72.663, -42.83]",5000,90,0.06,"['emissivity_band10', 'emissivity_band11', 'emissivity_band12', 'emissivity_band13', 'emissivity_band14', 'temperature', 'ndvi']"
CL_Chaiten_NE,CL_Chaiten_NE.tif,1,"[-72.637, -42.817]",5000,90,0.06,"['emissivity_band10', 'emissivity_band11', 'emissivity_band12', 'emissivity_band13', 'emissivity_band14', 'temperature', 'ndvi']"
CL_Chaiten_NW,CL_Chaiten_NW.tif,1,"[-72.663, -42.817]",5000,90,0.06,"['emissivity_band10', 'emissivity_band11', 'emissivity_band12', 'emissivity_band13', 'emissivity_band14', 'temperature', 'ndvi']"
CL_Chaiten_SE,CL_Chaiten_SE.tif,1,"[-72.637, -42.843]",5000,90,0.07,"['emissivity_band10', 'emissivity_band11', 'emissivity_band12', 'emissivity_band13', 'emissivity_band14', 'temperature', 'ndvi']"
CL_Chaiten_SW,CL_Chaiten_SW.tif,1,"[-72.663, -42.843]",5000,90,0.07,"['emissivity_band10', 'emissivity_band11', 'emissivity_band12', 'emissivity_band13', 'emissivity_band14', 'temperature', 'ndvi']"
CL_Melimoyu_center,CL_Melimoyu_center.tif,1,"[-72.86, -44.07]",5000,90,0.08,"['emissivity_band10', 'emissivity_band11', 'emissivity_band12', 'emissivity_band13', 'emissivity_band14', 'temperature', 'ndvi']"
CL_Melimoyu_N,CL_Melimoyu_N.tif,1,"[-72.86, -44.057]",5000,90,0.08,"['emissivity_band10', 'emissivity_band11', 'emissivity_band12', 'emissivity_band13', 'emissivity_band14', 'temperature', 'ndvi']"
CL_Melimoyu_S,CL_Melimoyu_S.tif,1,"[-72.86, -44.083]",5000,90,0.08,"['emissivity_band10', 'emissivity_band11', 'emissivity_band12', 'emissivity_band13', 'emissivity_band14', 'temperature', 'ndvi']"
CL_Melimoyu_E,CL_Melimoyu_E.tif,1,"[-72.847, -44.07]",5000,90,0.08,"['emissivity_band10', 'emissivity_band11', 'emissivity_band12', 'emissivity_band13', 'emissivity_band14', 'temperature', 'ndvi']"
CL_Melimoyu_W,CL_Melimoyu_W.tif,1,"[-72.873, -44.07]",5000,90,0.08,"['emissivity_band10', 'emissivity_band11', 'emissivity_band12', 'emissivity_band13', 'emissivity_band14', 'temperature', 'ndvi']"
CL_Melimoyu_NE,CL_Melimoyu_NE.tif,1,"[-72.847, -44.057]",5000,90,0.08,"['emissivity_band10', 'emissivity_band11', 'emissivity_band12', 'emissivity_band13', 'emissivity_band14', 'temperature', 'ndvi']"
CL_Melimoyu_NW,CL_Melimoyu_NW.tif,1,"[-72.873, -44.057]",5000,90,0.08,"['emissivity_band10', 'emissivity_band11', 'emissivity_band12', 'emissivity_band13', 'emissivity_band14', 'temperature', 'ndvi']"
CL_Melimoyu_SE,CL_Melimoyu_SE.tif,1,"[-72.847, -44.083]",5000,90,0.08,"['emissivity_band10', 'emissivity_band11', 'emissivity_band12', 'emissivity_band13', 'emissivity_band14', 'temperature', 'ndvi']"
CL_Melimoyu_SW,CL_Melimoyu_SW.tif,1,"[-72.873, -44.083]",5000,90,0.08,"['emissivity_band10', 'emissivity_band11', 'emissivity_band12', 'emissivity_band13', 'emissivity_band14', 'temperature', 'ndvi']"
CL_Corcovado_center,CL_Corcovado_center.tif,1,"[-72.8, -43.19]",5000,90,0.07,"['emissivity_band10', 'emissivity_band11', 'emissivity_band12', 'emissivity_band13', 'emissivity_band14', 'temperature', 'ndvi']"
CL_Corcovado_N,CL_Corcovado_N.tif,1,"[-72.8, -43.177]",5000,90,0.07,"['emissivity_band10', 'emissivity_band11', 'emissivity_band12', 'emissivity_band13', 'emissivity_band14', 'temperature', 'ndvi']"
CL_Corcovado_S,CL_Corcovado_S.tif,1,"[-72.8, -43.203]",5000,90,0.07,"['emissivity_band10', 'emissivity_band11', 'emissivity_band12', 'emissivity_band13', 'emissivity_band14', 'temperature', 'ndvi']"
CL_Corcovado_E,CL_Corcovado_E.tif,1,"[-72.787, -43.19]",5000,90,0.07,"['emissivity_band10', 'emissivity_band11', 'emissivity_band12', 'emissivity_band13', 'emissivity_band14', 'temperature', 'ndvi']"
CL_Corcovado_W,CL_Corcovado_W.tif,1,"[-72.813, -43.19]",5000,90,0.07,"['emissivity_band10', 'emissivity_band11', 'emissivity_band12', 'emissivity_band13', 'emissivity_band14', 'temperature', 'ndvi']"
CL_Corcovado_NE,CL_Corcovado_NE.tif,1,"[-72.787, -43.177]",5000,90,0.07,"['emissivity_band10', 'emissivity_band11', 'emissivity_band12', 'emissivity_band13', 'emissivity_band14', 'temperature', 'ndvi']"
CL_Corcovado_NW,CL_Corcovado_NW.tif,1,"[-72.813, -43.177]",5000,90,0.07,"['emissivity_band10', 'emissivity_band11', 'emissivity_band12', 'emissivity_band13', 'emissivity_band14', 'temperature', 'ndvi']"
CL_Corcovado_SE,CL_Corcovado_SE.tif,1,"[-72.787, -43.203]",5000,90,0.07,"['emissivity_band10', 'emissivity_band11', 'emissivity_band12', 'emissivity_band13', 'emissivity_band14', 'temperature', 'ndvi']"
CL_Corcovado_SW,CL_Corcovado_SW.tif,1,"[-72.813, -43.203]",5000,90,0.07,"['emissivity_band10', 'emissivity_band11', 'emissivity_band12', 'emissivity_band13', 'emissivity_band14', 'temperature', 'ndvi']"
CL_Lonquimay_center,CL_Lonquimay_center.tif,1,"[-71.585, -38.379]",5000,90,0.07,"['emissivity_band10', 'emissivity_band11', 'emissivity_band12', 'emissivity_band13', 'emissivity_band14', 'temperature', 'ndvi']"
CL_Lonquimay_N,CL_Lonquimay_N.tif,1,"[-71.585, -38.366]",5000,90,0.07,"['emissivity_band10', 'emissivity_band11', 'emissivity_band12', 'emissivity_band13', 'emissivity_band14', 'temperature', 'ndvi']"
CL_Lonquimay_S,CL_Lonquimay_S.tif,1,"[-71.585, -38.392]",5000,90,0.07,"['emissivity_band10', 'emissivity_band11', 'emissivity_band12', 'emissivity_band13', 'emissivity_band14', 'temperature', 'ndvi']"
CL_Lonquimay_E,CL_Lonquimay_E.tif,1,"[-71.572, -38.379]",5000,90,0.07,"['emissivity_band10', 'emissivity_band11', 'emissivity_band12', 'emissivity_band13', 'emissivity_band14', 'temperature', 'ndvi']"
CL_Lonquimay_W,CL_Lonquimay_W.tif,1,"[-71.598, -38.379]",5000,90,0.07,"['emissivity_band10', 'emissivity_band11', 'emissivity_band12', 'emissivity_band13', 'emissivity_band14', 'temperature', 'ndvi']"
CL_Lonquimay_NE,CL_Lonquimay_NE.tif,1,"[-71.572, -38.366]",5000,90,0.07,"['emissivity_band10', 'emissivity_band11', 'emissivity_band12', 'emissivity_band13', 'emissivity_band14', 'temperature', 'ndvi']"
CL_Lonquimay_NW,CL_Lonquimay_NW.tif,1,"[-71.598, -38.366]",5000,90,0.07,"['emissivity_band10', 'emissivity_band11', 'emissivity_band12', 'emissivity_band13', 'emissivity_band14', 'temperature', 'ndvi']"
CL_Lonquimay_SE,CL_Lonquimay_SE.tif,1,"[-71.572, -38.392]",5000,90,0.07,"['emissivity_band10', 'emissivity_band11', 'emissivity_band12', 'emissivity_band13', 'emissivity_band14', 'temperature', 'ndvi']"
CL_Lonquimay_SW,CL_Lonquimay_SW.tif,1,"[-71.598, -38.392]",5000,90,0.07,"['emissivity_band10', 'emissivity_band11', 'emissivity_band12', 'emissivity_band13', 'emissivity_band14', 'temperature', 'ndvi']"
CL_Sollipulli_center,CL_Sollipulli_center.tif,1,"[-71.52, -38.97]",5000,90,0.07,"['emissivity_band10', 'emissivity_band11', 'emissivity_band12', 'emissivity_band13', 'emissivity_band14', 'temperature', 'ndvi']"
CL_Sollipulli_N,CL_Sollipulli_N.tif,1,"[-71.52, -38.957]",5000,90,0.07,"['emissivity_band10', 'emissivity_band11', 'emissivity_band12', 'emissivity_band13', 'emissivity_band14', 'temperature', 'ndvi']"
CL_Sollipulli_S,CL_Sollipulli_S.tif,1,"[-71.52, -38.983]",5000,90,0.07,"['emissivity_band10', 'emissivity_band11', 'emissivity_band12', 'emissivity_band13', 'emissivity_band14', 'temperature', 'ndvi']"
CL_Sollipulli_E,CL_Sollipulli_E.tif,1,"[-71.507, -38.97]",5000,90,0.07,"['emissivity_band10', 'emissivity_band11', 'emissivity_band12', 'emissivity_band13', 'emissivity_band14', 'temperature', 'ndvi']"
CL_Sollipulli_W,CL_Sollipulli_W.tif,1,"[-71.533, -38.97]",5000,90,0.07,"['emissivity_band10', 'emissivity_band11', 'emissivity_band12', 'emissivity_band13', 'emissivity_band14', 'temperature', 'ndvi']"
CL_Sollipulli_NE,CL_Sollipulli_NE.tif,1,"[-71.507, -38.957]",5000,90,0.07,"['emissivity_band10', 'emissivity_band11', 'emissivity_band12', 'emissivity_band13', 'emissivity_band14', 'temperature', 'ndvi']"
CL_Sollipulli_NW,CL_Sollipulli_NW.tif,1,"[-71.533, -38.957]",5000,90,0.07,"['emissivity_band10', 'emissivity_band11', 'emissivity_band12', 'emissivity_band13', 'emissivity_band14', 'temperature', 'ndvi']"
CL_Sollipulli_SE,CL_Sollipulli_SE.tif,1,"[-71.507, -38.983]",5000,90,0.07,"['emissivity_band10', 'emissivity_band11', 'emissivity_band12', 'emissivity_band13', 'emissivity_band14', 'temperature', 'ndvi']"
CL_Sollipulli_SW,CL_Sollipulli_SW.tif,1,"[-71.533, -38.983]",5000,90,0.07,"['emissivity_band10', 'emissivity_band11', 'emissivity_band12', 'emissivity_band13', 'emissivity_band14', 'temperature', 'ndvi']"
CL_Tolhuaca_N,CL_Tolhuaca_N.tif,1,"[-71.645, -38.297]",5000,90,0.07,"['emissivity_band10', 'emissivity_band11', 'emissivity_band12', 'emissivity_band13', 'emissivity_band14', 'temperature', 'ndvi']"
CL_Tolhuaca_S,CL_Tolhuaca_S.tif,1,"[-71.645, -38.323]",5000,90,0.07,"['emissivity_band10', 'emissivity_band11', 'emissivity_band12', 'emissivity_band13', 'emissivity_band14', 'temperature', 'ndvi']"
CL_Tolhuaca_E,CL_Tolhuaca_E.tif,1,"[-71.632, -38.31]",5000,90,0.07,"['emissivity_band10', 'emissivity_band11', 'emissivity_band12', 'emissivity_band13', 'emissivity_band14', 'temperature', 'ndvi']"
CL_Tolhuaca_W,CL_Tolhuaca_W.tif,1,"[-71.658, -38.31]",5000,90,0.07,"['emissivity_band10', 'emissivity_band11', 'emissivity_band12', 'emissivity_band13', 'emissivity_band14', 'temperature', 'ndvi']"
CL_Tolhuaca_NE,CL_Tolhuaca_NE.tif,1,"[-71.632, -38.297]",5000,90,0.07,"['emissivity_band10', 'emissivity_band11', 'emissivity_band12', 'emissivity_band13', 'emissivity_band14', 'temperature', 'ndvi']"
CL_Tolhuaca_NW,CL_Tolhuaca_NW.tif,1,"[-71.658, -38.297]",5000,90,0.07,"['emissivity_band10', 'emissivity_band11', 'emissivity_band12', 'emissivity_band13', 'emissivity_band14', 'temperature', 'ndvi']"
CL_Tolhuaca_SE,CL_Tolhuaca_SE.tif,1,"[-71.632, -38.323]",5000,90,0.07,"['emissivity_band10', 'emissivity_band11', 'emissivity_band12', 'emissivity_band13', 'emissivity_band14', 'temperature', 'ndvi']"
CL_Tolhuaca_SW,CL_Tolhuaca_SW.tif,1,"[-71.658, -38.323]",5000,90,0.07,"['emissivity_band10', 'emissivity_band11', 'emissivity_band12', 'emissivity_band13', 'emissivity_band14', 'temperature', 'ndvi']"
CL_Mocho_Choshuenco_center,CL_Mocho_Choshuenco_center.tif,1,"[-72.027, -39.927]",5000,90,0.07,"['emissivity_band10', 'emissivity_band11', 'emissivity_band12', 'emissivity_band13', 'emissivity_band14', 'temperature', 'ndvi']"
CL_Mocho_Choshuenco_N,CL_Mocho_Choshuenco_N.tif,1,"[-72.027, -39.914]",5000,90,0.07,"['emissivity_band10', 'emissivity_band11', 'emissivity_band12', 'emissivity_band13', 'emissivity_band14', 'temperature', 'ndvi']"
CL_Mocho_Choshuenco_S,CL_Mocho_Choshuenco_S.tif,1,"[-72.027, -39.94]",5000,90,0.07,"['emissivity_band10', 'emissivity_band11', 'emissivity_band12', 'emissivity_band13', 'emissivity_band14', 'temperature', 'ndvi']"
CL_Mocho_Choshuenco_E,CL_Mocho_Choshuenco_E.tif,1,"[-72.014, -39.927]",5000,90,0.07,"['emissivity_band10', 'emissivity_band11', 'emissivity_band12', 'emissivity_band13', 'emissivity_band14', 'temperature', 'ndvi']"
CL_Mocho_Choshuenco_W,CL_Mocho_Choshuenco_W.tif,1,"[-72.04, -39.927]",5000,90,0.07,"['emissivity_band10', 'emissivity_band11', 'emissivity_band12', 'emissivity_band13', 'emissivity_band14', 'temperature', 'ndvi']"
CL_Mocho_Choshuenco_NE,CL_Mocho_Choshuenco_NE.tif,1,"[-72.014, -39.914]",5000,90,0.07,"['emissivity_band10', 'emissivity_band11', 'emissivity_band12', 'emissivity_band13', 'emissivity_band14', 'temperature', 'ndvi']"
CL_Mocho_Choshuenco_NW,CL_Mocho_Choshuenco_NW.tif,1,"[-72.04, -39.914]",5000,90,0.07,"['emissivity_band10', 'emissivity_band11', 'emissivity_band12', 'emissivity_band13', 'emissivity_band14', 'temperature', 'ndvi']"
CL_Mocho_Choshuenco_SE,CL_Mocho_Choshuenco_SE.tif,1,"[-72.014, -39.94]",5000,90,0.07,"['emissivity_band10', 'emissivity_band11', 'emissivity_band12', 'emissivity_band13', 'emissivity_band14', 'temperature', 'ndvi']"
CL_Mocho_Choshuenco_SW,CL_Mocho_Choshuenco_SW.tif,1,"[-72.04, -39.94]",5000,90,0.07,"['emissivity_band10', 'emissivity_band11', 'emissivity_band12', 'emissivity_band13', 'emissivity_band14', 'temperature', 'ndvi']"
Casanare_Yopal,Casanare_Yopal.tif,0,"[-72.395, 5.3378]",5000,90,0.06,"['emissivity_band10', 'emissivity_band11', 'emissivity_band12', 'emissivity_band13', 'emissivity_band14', 'temperature', 'ndvi']"
Casanare_Paz_Ariporo,Casanare_Paz_Ariporo.tif,0,"[-71.88, 5.88]",5000,90,0.06,"['emissivity_band10', 'emissivity_band11', 'emissivity_band12', 'emissivity_band13', 'emissivity_band14', 'temperature', 'ndvi']"
Casanare_Hato_Corozal,Casanare_Hato_Corozal.tif,0,"[-71.76, 6.17]",5000,90,0.06,"['emissivity_band10', 'emissivity_band11', 'emissivity_band12', 'emissivity_band13', 'emissivity_band14', 'temperature', 'ndvi']"
Casanare_Trinidad,Casanare_Trinidad.tif,0,"[-71.66, 5.43]",5000,90,0.06,"['emissivity_band10', 'emissivity_band11', 'emissivity_band12', 'emissivity_band13', 'emissivity_band14', 'temperature', 'ndvi']"
Arauca_Arauca,Arauca_Arauca.tif,0,"[-70.76, 7.09]",5000,90,0.06,"['emissivity_band10', 'emissivity_band11', 'emissivity_band12', 'emissivity_band13', 'emissivity_band14', 'temperature', 'ndvi']"
Arauca_Saravena,Arauca_Saravena.tif,0,"[-71.88, 6.96]",5000,90,0.06,"['emissivity_band10', 'emissivity_band11', 'emissivity_band12', 'emissivity_band13', 'emissivity_band14', 'temperature', 'ndvi']"
Vichada_Puerto_Carreno,Vichada_Puerto_Carreno.tif,0,"[-67.49, 6.19]",5000,90,0.05,"['emissivity_band10', 'emissivity_band11', 'emissivity_band12', 'emissivity_band13', 'emissivity_band14', 'temperature', 'ndvi']"
Meta_Villavicencio,Meta_Villavicencio.tif,0,"[-73.62, 4.142]",5000,90,0.06,"['emissivity_band10', 'emissivity_band11', 'emissivity_band12', 'emissivity_band13', 'emissivity_band14', 'temperature', 'ndvi']"
Meta_Puerto_Lopez,Meta_Puerto_Lopez.tif,0,"[-72.96, 4.08]",5000,90,0.06,"['emissivity_band10', 'emissivity_band11', 'emissivity_band12', 'emissivity_band13', 'emissivity_band14', 'temperature', 'ndvi']"
Meta_Puerto_Gaitan,Meta_Puerto_Gaitan.tif,0,"[-72.08, 4.32]",5000,90,0.06,"['emissivity_band10', 'emissivity_band11', 'emissivity_band12', 'emissivity_band13', 'emissivity_band14', 'temperature', 'ndvi']"
Meta_Acacias,Meta_Acacias.tif,0,"[-73.76, 3.99]",5000,90,0.05,"['emissivity_band10', 'emissivity_band11', 'emissivity_band12', 'emissivity_band13', 'emissivity_band14', 'temperature', 'ndvi']"
Meta_Granada,Meta_Granada.tif,0,"[-73.7, 3.55]",5000,90,0.06,"['emissivity_band10', 'emissivity_band11', 'emissivity_band12', 'emissivity_band13', 'emissivity_band14', 'temperature', 'ndvi']"
Casanare_Aguazul,Casanare_Aguazul.tif,0,"[-72.55, 5.17]",5000,90,0.06,"['emissivity_band10', 'emissivity_band11', 'emissivity_band12', 'emissivity_band13', 'emissivity_band14', 'temperature', 'ndvi']"
Casanare_Villanueva,Casanare_Villanueva.tif,0,"[-72.92, 4.95]",5000,90,0.05,"['emissivity_band10', 'emissivity_band11', 'emissivity_band12', 'emissivity_band13', 'emissivity_band14', 'temperature', 'ndvi']"
Amazonas_Leticia,Amazonas_Leticia.tif,0,"[-69.94, -4.2153]",5000,90,0.06,"['emissivity_band10', 'emissivity_band11', 'emissivity_band12', 'emissivity_band13', 'emissivity_band14', 'temperature', 'ndvi']"
Amazonas_Puerto_Narino,Amazonas_Puerto_Narino.tif,0,"[-70.38, -3.77]",5000,90,0.06,"['emissivity_band10', 'emissivity_band11', 'emissivity_band12', 'emissivity_band13', 'emissivity_band14', 'temperature', 'ndvi']"
Caqueta_Florencia,Caqueta_Florencia.tif,0,"[-75.6144, 1.6144]",5000,90,0.06,"['emissivity_band10', 'emissivity_band11', 'emissivity_band12', 'emissivity_band13', 'emissivity_band14', 'temperature', 'ndvi']"
Caqueta_San_Vicente,Caqueta_San_Vicente.tif,0,"[-74.77, 0.64]",5000,90,0.05,"['emissivity_band10', 'emissivity_band11', 'emissivity_band12', 'emissivity_band13', 'emissivity_band14', 'temperature', 'ndvi']"
Putumayo_Mocoa,Putumayo_Mocoa.tif,0,"[-76.65, 1.15]",5000,90,0.05,"['emissivity_band10', 'emissivity_band11', 'emissivity_band12', 'emissivity_band13', 'emissivity_band14', 'temperature', 'ndvi']"
Putumayo_Puerto_Asis,Putumayo_Puerto_Asis.tif,0,"[-76.4989, 0.5054]",5000,90,0.06,"['emissivity_band10', 'emissivity_band11', 'emissivity_band12', 'emissivity_band13', 'emissivity_band14', 'temperature', 'ndvi']"
Guaviare_San_Jose,Guaviare_San_Jose.tif,0,"[-72.64, 2.57]",5000,90,0.06,"['emissivity_band10', 'emissivity_band11', 'emissivity_band12', 'emissivity_band13', 'emissivity_band14', 'temperature', 'ndvi']"
Vaupes_Mitu,Vaupes_Mitu.tif,0,"[-70.17, 1.25]",5000,90,0.04,"['emissivity_band10', 'emissivity_band11', 'emissivity_band12', 'emissivity_band13', 'emissivity_band14', 'temperature', 'ndvi']"
Guainia_Inirida,Guainia_Inirida.tif,0,"[-67.92, 3.87]",5000,90,0.06,"['emissivity_band10', 'emissivity_band11', 'emissivity_band12', 'emissivity_band13', 'emissivity_band14', 'temperature', 'ndvi']"
Amazonas_Tarapaca,Amazonas_Tarapaca.tif,0,"[-69.75, -2.88]",5000,90,0.06,"['emissivity_band10', 'emissivity_band11', 'emissivity_band12', 'emissivity_band13', 'emissivity_band14', 'temperature', 'ndvi']"
Atlantico_Barranquilla,Atlantico_Barranquilla.tif,0,"[-74.7813, 10.9639]",5000,90,0.06,"['emissivity_band10', 'emissivity_band11', 'emissivity_band12', 'emissivity_band13', 'emissivity_band14', 'temperature', 'ndvi']"
Magdalena_Santa_Marta,Magdalena_Santa_Marta.tif,0,"[-74.21, 11.2408]",5000,90,0.04,"['emissivity_band10', 'emissivity_band11', 'emissivity_band12', 'emissivity_band13', 'emissivity_band14', 'temperature', 'ndvi']"
Cesar_Valledupar,Cesar_Valledupar.tif,0,"[-73.25, 10.4631]",5000,90,0.05,"['emissivity_band10', 'emissivity_band11', 'emissivity_band12', 'emissivity_band13', 'emissivity_band14', 'temperature', 'ndvi']"
La_Guajira_Riohacha,La_Guajira_Riohacha.tif,0,"[-72.9072, 11.5444]",5000,90,0.05,"['emissivity_band10', 'emissivity_band11', 'emissivity_band12', 'emissivity_band13', 'emissivity_band14', 'temperature', 'ndvi']"
Cordoba_Monteria,Cordoba_Monteria.tif,0,"[-75.8814, 8.7479]",5000,90,0.06,"['emissivity_band10', 'emissivity_band11', 'emissivity_band12', 'emissivity_band13', 'emissivity_band14', 'temperature', 'ndvi']"
Sucre_Sincelejo,Sucre_Sincelejo.tif,0,"[-75.3978, 9.3047]",5000,90,0.06,"['emissivity_band10', 'emissivity_band11', 'emissivity_band12', 'emissivity_band13', 'emissivity_band14', 'temperature', 'ndvi']"
Bolivar_Cartagena,Bolivar_Cartagena.tif,0,"[-75.5144, 10.391]",5000,90,0.05,"['emissivity_band10', 'emissivity_band11', 'emissivity_band12', 'emissivity_band13', 'emissivity_band14', 'temperature', 'ndvi']"
Bolivar_Magangue,Bolivar_Magangue.tif,0,"[-74.7542, 9.2417]",5000,90,0.06,"['emissivity_band10', 'emissivity_band11', 'emissivity_band12', 'emissivity_band13', 'emissivity_band14', 'temperature', 'ndvi']"
La_Guajira_Maicao,La_Guajira_Maicao.tif,0,"[-72.24, 11.38]",5000,90,0.06,"['emissivity_band10', 'emissivity_band11', 'emissivity_band12', 'emissivity_band13', 'emissivity_band14', 'temperature', 'ndvi']"
Cesar_Aguachica,Cesar_Aguachica.tif,0,"[-73.62, 8.31]",5000,90,0.06,"['emissivity_band10', 'emissivity_band11', 'emissivity_band12', 'emissivity_band13', 'emissivity_band14', 'temperature', 'ndvi']"
Magdalena_Cienaga,Magdalena_Cienaga.tif,0,"[-74.25, 11.01]",5000,90,0.04,"['emissivity_band10', 'emissivity_band11', 'emissivity_band12', 'emissivity_band13', 'emissivity_band14', 'temperature', 'ndvi']"
Atlantico_Sabanalarga,Atlantico_Sabanalarga.tif,0,"[-74.92, 10.63]",5000,90,0.06,"['emissivity_band10', 'emissivity_band11', 'emissivity_band12', 'emissivity_band13', 'emissivity_band14', 'temperature', 'ndvi']"
Santander_Bucaramanga,Santander_Bucaramanga.tif,0,"[-73.1198, 7.1254]",5000,90,0.06,"['emissivity_band10', 'emissivity_band11', 'emissivity_band12', 'emissivity_band13', 'emissivity_band14', 'temperature', 'ndvi']"
Santander_Barrancabermeja,Santander_Barrancabermeja.tif,0,"[-73.8542, 7.0653]",5000,90,0.06,"['emissivity_band10', 'emissivity_band11', 'emissivity_band12', 'emissivity_band13', 'emissivity_band14', 'temperature', 'ndvi']"
Norte_Santander_Cucuta,Norte_Santander_Cucuta.tif,0,"[-72.5047, 7.8939]",5000,90,0.06,"['emissivity_band10', 'emissivity_band11', 'emissivity_band12', 'emissivity_band13', 'emissivity_band14', 'temperature', 'ndvi']"
Boyaca_Tunja,Boyaca_Tunja.tif,0,"[-73.3678, 5.5353]",5000,90,0.06,"['emissivity_band10', 'emissivity_band11', 'emissivity_band12', 'emissivity_band13', 'emissivity_band14', 'temperature', 'ndvi']"
Boyaca_Sogamoso,Boyaca_Sogamoso.tif,0,"[-72.9342, 5.7142]",5000,90,0.06,"['emissivity_band10', 'emissivity_band11', 'emissivity_band12', 'emissivity_band13', 'emissivity_band14', 'temperature', 'ndvi']"
Cundinamarca_Girardot,Cundinamarca_Girardot.tif,0,"[-74.8039, 4.3011]",5000,90,0.06,"['emissivity_band10', 'emissivity_band11', 'emissivity_band12', 'emissivity_band13', 'emissivity_band14', 'temperature', 'ndvi']"
Cundinamarca_Zipaquira,Cundinamarca_Zipaquira.tif,0,"[-74.0042, 5.0214]",5000,90,0.06,"['emissivity_band10', 'emissivity_band11', 'emissivity_band12', 'emissivity_band13', 'emissivity_band14', 'temperature', 'ndvi']"
Santander_San_Gil,Santander_San_Gil.tif,0,"[-73.13, 6.56]",5000,90,0.05,"['emissivity_band10', 'emissivity_band11', 'emissivity_band12', 'emissivity_band13', 'emissivity_band14', 'temperature', 'ndvi']"
Santander_Socorro,Santander_Socorro.tif,0,"[-73.26, 6.47]",5000,90,0.05,"['emissivity_band10', 'emissivity_band11', 'emissivity_band12', 'emissivity_band13', 'emissivity_band14', 'temperature', 'ndvi']"
Boyaca_Duitama,Boyaca_Duitama.tif,0,"[-73.03, 5.83]",5000,90,0.06,"['emissivity_band10', 'emissivity_band11', 'emissivity_band12', 'emissivity_band13', 'emissivity_band14', 'temperature', 'ndvi']"
Boyaca_Chiquinquira,Boyaca_Chiquinquira.tif,0,"[-73.82, 5.62]",5000,90,0.06,"['emissivity_band10', 'emissivity_band11', 'emissivity_band12', 'emissivity_band13', 'emissivity_band14', 'temperature', 'ndvi']"
Norte_Santander_Ocana,Norte_Santander_Ocana.tif,0,"[-73.36, 8.24]",5000,90,0.06,"['emissivity_band10', 'emissivity_band11', 'emissivity_band12', 'emissivity_band13', 'emissivity_band14', 'temperature', 'ndvi']"
Valle_Cali_norte,Valle_Cali_norte.tif,0,"[-76.5225, 3.5]",5000,90,0.06,"['emissivity_band10', 'emissivity_band11', 'emissivity_band12', 'emissivity_band13', 'emissivity_band14', 'temperature', 'ndvi']"
Valle_Palmira,Valle_Palmira.tif,0,"[-76.3036, 3.5394]",5000,90,0.06,"['emissivity_band10', 'emissivity_band11', 'emissivity_band12', 'emissivity_band13', 'emissivity_band14', 'temperature', 'ndvi']"
Valle_Tulua,Valle_Tulua.tif,0,"[-76.1953, 4.0864]",5000,90,0.06,"['emissivity_band10', 'emissivity_band11', 'emissivity_band12', 'emissivity_band13', 'emissivity_band14', 'temperature', 'ndvi']"
Valle_Buga,Valle_Buga.tif,0,"[-76.3, 3.9014]",5000,90,0.06,"['emissivity_band10', 'emissivity_band11', 'emissivity_band12', 'emissivity_band13', 'emissivity_band14', 'temperature', 'ndvi']"
Valle_Cartago,Valle_Cartago.tif,0,"[-75.9114, 4.7467]",5000,90,0.06,"['emissivity_band10', 'emissivity_band11', 'emissivity_band12', 'emissivity_band13', 'emissivity_band14', 'temperature', 'ndvi']"
Valle_Cali_sur,Valle_Cali_sur.tif,0,"[-76.54, 3.38]",5000,90,0.05,"['emissivity_band10', 'emissivity_band11', 'emissivity_band12', 'emissivity_band13', 'emissivity_band14', 'temperature', 'ndvi']"
Valle_Jamundi,Valle_Jamundi.tif,0,"[-76.54, 3.26]",5000,90,0.06,"['emissivity_band10', 'emissivity_band11', 'emissivity_band12', 'emissivity_band13', 'emissivity_band14', 'temperature', 'ndvi']"
Cauca_Popayan_control,Cauca_Popayan_control.tif,0,"[-76.61, 2.44]",5000,90,0.06,"['emissivity_band10', 'emissivity_band11', 'emissivity_band12', 'emissivity_band13', 'emissivity_band14', 'temperature', 'ndvi']"
Choco_Quibdo,Choco_Quibdo.tif,0,"[-76.6611, 5.6919]",5000,90,0.05,"['emissivity_band10', 'emissivity_band11', 'emissivity_band12', 'emissivity_band13', 'emissivity_band14', 'temperature', 'ndvi']"
Choco_Bahia_Solano,Choco_Bahia_Solano.tif,0,"[-77.4094, 6.1989]",5000,90,0.02,"['emissivity_band10', 'emissivity_band11', 'emissivity_band12', 'emissivity_band13', 'emissivity_band14', 'temperature', 'ndvi']"
Narino_Tumaco,Narino_Tumaco.tif,0,"[-78.77, 1.79]",5000,90,0.05,"['emissivity_band10', 'emissivity_band11', 'emissivity_band12', 'emissivity_band13', 'emissivity_band14', 'temperature', 'ndvi']"
Choco_Istmina,Choco_Istmina.tif,0,"[-76.68, 5.16]",5000,90,0.05,"['emissivity_band10', 'emissivity_band11', 'emissivity_band12', 'emissivity_band13', 'emissivity_band14', 'temperature', 'ndvi']"
Risaralda_Pereira_control,Risaralda_Pereira_control.tif,0,"[-75.69, 4.81]",5000,90,0.06,"['emissivity_band10', 'emissivity_band11', 'emissivity_band12', 'emissivity_band13', 'emissivity_band14', 'temperature', 'ndvi']"
Quindio_Armenia_control,Quindio_Armenia_control.tif,0,"[-75.681, 4.5339]",5000,90,0.06,"['emissivity_band10', 'emissivity_band11', 'emissivity_band12', 'emissivity_band13', 'emissivity_band14', 'temperature', 'ndvi']"
Caldas_La_Dorada,Caldas_La_Dorada.tif,0,"[-74.66, 5.45]",5000,90,0.06,"['emissivity_band10', 'emissivity_band11', 'emissivity_band12', 'emissivity_band13', 'emissivity_band14', 'temperature', 'ndvi']"
Antioquia_Medellin,Antioquia_Medellin.tif,0,"[-75.5636, 6.2442]",5000,90,0.06,"['emissivity_band10', 'emissivity_band11', 'emissivity_band12', 'emissivity_band13', 'emissivity_band14', 'temperature', 'ndvi']"
Antioquia_Rionegro,Antioquia_Rionegro.tif,0,"[-75.37, 6.15]",5000,90,0.06,"['emissivity_band10', 'emissivity_band11', 'emissivity_band12', 'emissivity_band13', 'emissivity_band14', 'temperature', 'ndvi']"
Antioquia_Turbo,Antioquia_Turbo.tif,0,"[-76.73, 8.09]",5000,90,0.04,"['emissivity_band10', 'emissivity_band11', 'emissivity_band12', 'emissivity_band13', 'emissivity_band14', 'temperature', 'ndvi']"
Bogota_centro,Bogota_centro.tif,0,"[-74.0721, 4.711]",5000,90,0.06,"['emissivity_band10', 'emissivity_band11', 'emissivity_band12', 'emissivity_band13', 'emissivity_band14', 'temperature', 'ndvi']"
Bogota_norte,Bogota_norte.tif,0,"[-74.03, 4.76]",5000,90,0.06,"['emissivity_band10', 'emissivity_band11', 'emissivity_band12', 'emissivity_band13', 'emissivity_band14', 'temperature', 'ndvi']"
Cundinamarca_Chia,Cundinamarca_Chia.tif,0,"[-74.06, 4.86]",5000,90,0.06,"['emissivity_band10', 'emissivity_band11', 'emissivity_band12', 'emissivity_band13', 'emissivity_band14', 'temperature', 'ndvi']"
Cundinamarca_Facatativa,Cundinamarca_Facatativa.tif,0,"[-74.36, 4.81]",5000,90,0.06,"['emissivity_band10', 'emissivity_band11', 'emissivity_band12', 'emissivity_band13', 'emissivity_band14', 'temperature', 'ndvi']"
Cundinamarca_Soacha,Cundinamarca_Soacha.tif,0,"[-74.22, 4.59]",5000,90,0.06,"['emissivity_band10', 'emissivity_band11', 'emissivity_band12', 'emissivity_band13', 'emissivity_band14', 'temperature', 'ndvi']"
Meta_San_Martin,Meta_San_Martin.tif,0,"[-73.69, 3.69]",5000,90,0.06,"['emissivity_band10', 'emissivity_band11', 'emissivity_band12', 'emissivity_band13', 'emissivity_band14', 'temperature', 'ndvi']"
Casanare_Monterrey,Casanare_Monterrey.tif,0,"[-72.89, 4.88]",5000,90,0.06,"['emissivity_band10', 'emissivity_band11', 'emissivity_band12', 'emissivity_band13', 'emissivity_band14', 'temperature', 'ndvi']"
Arauca_Tame,Arauca_Tame.tif,0,"[-71.73, 6.46]",5000,90,0.06,"['emissivity_band10', 'emissivity_band11', 'emissivity_band12', 'emissivity_band13', 'emissivity_band14', 'temperature', 'ndvi']"
Vichada_La_Primavera,Vichada_La_Primavera.tif,0,"[-70.41, 5.49]",5000,90,0.06,"['emissivity_band10', 'emissivity_band11', 'emissivity_band12', 'emissivity_band13', 'emissivity_band14', 'temperature', 'ndvi']"
La_Guajira_Uribia,La_Guajira_Uribia.tif,0,"[-72.27, 11.71]",5000,90,0.06,"['emissivity_band10', 'emissivity_band11', 'emissivity_band12', 'emissivity_band13', 'emissivity_band14', 'temperature', 'ndvi']"
Cesar_La_Paz,Cesar_La_Paz.tif,0,"[-73.17, 10.38]",5000,90,0.06,"['emissivity_band10', 'emissivity_band11', 'emissivity_band12', 'emissivity_band13', 'emissivity_band14', 'temperature', 'ndvi']"
Magdalena_Plato,Magdalena_Plato.tif,0,"[-74.79, 9.79]",5000,90,0.06,"['emissivity_band10', 'emissivity_band11', 'emissivity_band12', 'emissivity_band13', 'emissivity_band14', 'temperature', 'ndvi']"
Cordoba_Planeta_Rica,Cordoba_Planeta_Rica.tif,0,"[-75.59, 8.41]",5000,90,0.06,"['emissivity_band10', 'emissivity_band11', 'emissivity_band12', 'emissivity_band13', 'emissivity_band14', 'temperature', 'ndvi']"
Sucre_Ovejas,Sucre_Ovejas.tif,0,"[-75.23, 9.53]",5000,90,0.06,"['emissivity_band10', 'emissivity_band11', 'emissivity_band12', 'emissivity_band13', 'emissivity_band14', 'temperature', 'ndvi']"
Caqueta_Belen_Andaquies,Caqueta_Belen_Andaquies.tif,0,"[-75.87, 1.59]",5000,90,0.05,"['emissivity_band10', 'emissivity_band11', 'emissivity_band12', 'emissivity_band13', 'emissivity_band14', 'temperature', 'ndvi']"
Putumayo_Puerto_Leguizamo,Putumayo_Puerto_Leguizamo.tif,0,"[-74.78, -0.19]",5000,90,0.06,"['emissivity_band10', 'emissivity_band11', 'emissivity_band12', 'emissivity_band13', 'emissivity_band14', 'temperature', 'ndvi']"
Guaviare_El_Retorno,Guaviare_El_Retorno.tif,0,"[-72.62, 2.33]",5000,90,0.06,"['emissivity_band10', 'emissivity_band11', 'emissivity_band12', 'emissivity_band13', 'emissivity_band14', 'temperature', 'ndvi']"
Antioquia_Santa_Fe,Antioquia_Santa_Fe.tif,0,"[-75.83, 7.87]",5000,90,0.06,"['emissivity_band10', 'emissivity_band11', 'emissivity_band12', 'emissivity_band13', 'emissivity_band14', 'temperature', 'ndvi']"
Antioquia_Apartado,Antioquia_Apartado.tif,0,"[-76.63, 7.88]",5000,90,0.06,"['emissivity_band10', 'emissivity_band11', 'emissivity_band12', 'emissivity_band13', 'emissivity_band14', 'temperature', 'ndvi']"
Cundinamarca_Madrid,Cundinamarca_Madrid.tif,0,"[-74.26, 4.73]",5000,90,0.06,"['emissivity_band10', 'emissivity_band11', 'emissivity_band12', 'emissivity_band13', 'emissivity_band14', 'temperature', 'ndvi']"
Cundinamarca_Funza,Cundinamarca_Funza.tif,0,"[-74.21, 4.72]",5000,90,0.06,"['emissivity_band10', 'emissivity_band11', 'emissivity_band12', 'emissivity_band13', 'emissivity_band14', 'temperature', 'ndvi']"
Tolima_Ibague_control,Tolima_Ibague_control.tif,0,"[-75.23, 4.438]",5000,90,0.06,"['emissivity_band10', 'emissivity_band11', 'emissivity_band12', 'emissivity_band13', 'emissivity_band14', 'temperature', 'ndvi']"
Huila_Neiva_control,Huila_Neiva_control.tif,0,"[-75.28, 2.927]",5000,90,0.06,"['emissivity_band10', 'emissivity_band11', 'emissivity_band12', 'emissivity_band13', 'emissivity_band14', 'temperature', 'ndvi']"
EC_Guayaquil_control,EC_Guayaquil_control.tif,0,"[-79.897, -2.17]",5000,90,0.0,"['emissivity_band10', 'emissivity_band11', 'emissivity_band12', 'emissivity_band13', 'emissivity_band14', 'temperature', 'ndvi']"
EC_Machala_control,EC_Machala_control.tif,0,"[-79.96, -3.26]",5000,90,0.06,"['emissivity_band10', 'emissivity_band11', 'emissivity_band12', 'emissivity_band13', 'emissivity_band14', 'temperature', 'ndvi']"
EC_Esmeraldas_control,EC_Esmeraldas_control.tif,0,"[-79.65, 0.96]",5000,90,0.03,"['emissivity_band10', 'emissivity_band11', 'emissivity_band12', 'emissivity_band13', 'emissivity_band14', 'temperature', 'ndvi']"
EC_Santo_Domingo_control,EC_Santo_Domingo_control.tif,0,"[-79.17, -0.25]",5000,90,0.04,"['emissivity_band10', 'emissivity_band11', 'emissivity_band12', 'emissivity_band13', 'emissivity_band14', 'temperature', 'ndvi']"
EC_Quevedo_control,EC_Quevedo_control.tif,0,"[-79.46, -1.02]",5000,90,0.06,"['emissivity_band10', 'emissivity_band11', 'emissivity_band12', 'emissivity_band13', 'emissivity_band14', 'temperature', 'ndvi']"
EC_Manta_control,EC_Manta_control.tif,0,"[-80.733, -0.95]",5000,90,0.06,"['emissivity_band10', 'emissivity_band11', 'emissivity_band12', 'emissivity_band13', 'emissivity_band14', 'temperature', 'ndvi']"
EC_Portoviejo_control,EC_Portoviejo_control.tif,0,"[-80.45, -1.05]",5000,90,0.06,"['emissivity_band10', 'emissivity_band11', 'emissivity_band12', 'emissivity_band13', 'emissivity_band14', 'temperature', 'ndvi']"
EC_Lago_Agrio_control,EC_Lago_Agrio_control.tif,0,"[-76.878, 0.084]",5000,90,0.06,"['emissivity_band10', 'emissivity_band11', 'emissivity_band12', 'emissivity_band13', 'emissivity_band14', 'temperature', 'ndvi']"
EC_Puyo_control,EC_Puyo_control.tif,0,"[-77.99, -1.49]",5000,90,0.05,"['emissivity_band10', 'emissivity_band11', 'emissivity_band12', 'emissivity_band13', 'emissivity_band14', 'temperature', 'ndvi']"
EC_Tena_control,EC_Tena_control.tif,0,"[-77.81, -1.0]",5000,90,0.05,"['emissivity_band10', 'emissivity_band11', 'emissivity_band12', 'emissivity_band13', 'emissivity_band14', 'temperature', 'ndvi']"
EC_Zamora_control,EC_Zamora_control.tif,0,"[-78.95, -4.07]",5000,90,0.05,"['emissivity_band10', 'emissivity_band11', 'emissivity_band12', 'emissivity_band13', 'emissivity_band14', 'temperature', 'ndvi']"
EC_Loja_sur_control,EC_Loja_sur_control.tif,0,"[-79.22, -4.05]",5000,90,0.06,"['emissivity_band10', 'emissivity_band11', 'emissivity_band12', 'emissivity_band13', 'emissivity_band14', 'temperature', 'ndvi']"
EC_Santa_Elena_control,EC_Santa_Elena_control.tif,0,"[-80.86, -2.23]",5000,90,0.0,"['emissivity_band10', 'emissivity_band11', 'emissivity_band12', 'emissivity_band13', 'emissivity_band14', 'temperature', 'ndvi']"
EC_Duran_control,EC_Duran_control.tif,0,"[-79.83, -2.17]",5000,90,0.02,"['emissivity_band10', 'emissivity_band11', 'emissivity_band12', 'emissivity_band13', 'emissivity_band14', 'temperature', 'ndvi']"
EC_Milagro_control,EC_Milagro_control.tif,0,"[-79.59, -2.13]",5000,90,0.01,"['emissivity_band10', 'emissivity_band11', 'emissivity_band12', 'emissivity_band13', 'emissivity_band14', 'temperature', 'ndvi']"
EC_Babahoyo_control,EC_Babahoyo_control.tif,0,"[-79.53, -1.8]",5000,90,0.06,"['emissivity_band10', 'emissivity_band11', 'emissivity_band12', 'emissivity_band13', 'emissivity_band14', 'temperature', 'ndvi']"
EC_Vinces_control,EC_Vinces_control.tif,0,"[-79.75, -1.56]",5000,90,0.01,"['emissivity_band10', 'emissivity_band11', 'emissivity_band12', 'emissivity_band13', 'emissivity_band14', 'temperature', 'ndvi']"
EC_Cuenca_control,EC_Cuenca_control.tif,0,"[-79.02, -2.92]",5000,90,0.06,"['emissivity_band10', 'emissivity_band11', 'emissivity_band12', 'emissivity_band13', 'emissivity_band14', 'temperature', 'ndvi']"
EC_Nueva_Loja_control,EC_Nueva_Loja_control.tif,0,"[-76.88, 0.09]",5000,90,0.06,"['emissivity_band10', 'emissivity_band11', 'emissivity_band12', 'emissivity_band13', 'emissivity_band14', 'temperature', 'ndvi']"
EC_Daule_control,EC_Daule_control.tif,0,"[-79.98, -1.86]",5000,90,0.0,"['emissivity_band10', 'emissivity_band11', 'emissivity_band12', 'emissivity_band13', 'emissivity_band14', 'temperature', 'ndvi']"
PE_Lima_control,PE_Lima_control.tif,0,"[-77.028, -12.046]",5000,90,0.06,"['emissivity_band10', 'emissivity_band11', 'emissivity_band12', 'emissivity_band13', 'emissivity_band14', 'temperature', 'ndvi']"
PE_Piura_control,PE_Piura_control.tif,0,"[-80.63, -5.19]",5000,90,0.06,"['emissivity_band10', 'emissivity_band11', 'emissivity_band12', 'emissivity_band13', 'emissivity_band14', 'temperature', 'ndvi']"
PE_Chiclayo_control,PE_Chiclayo_control.tif,0,"[-79.84, -6.77]",5000,90,0.06,"['emissivity_band10', 'emissivity_band11', 'emissivity_band12', 'emissivity_band13', 'emissivity_band14', 'temperature', 'ndvi']"
PE_Trujillo_control,PE_Trujillo_control.tif,0,"[-79.03, -8.11]",5000,90,0.03,"['emissivity_band10', 'emissivity_band11', 'emissivity_band12', 'emissivity_band13', 'emissivity_band14', 'temperature', 'ndvi']"
PE_Ica_control,PE_Ica_control.tif,0,"[-75.73, -14.06]",5000,90,0.06,"['emissivity_band10', 'emissivity_band11', 'emissivity_band12', 'emissivity_band13', 'emissivity_band14', 'temperature', 'ndvi']"
PE_Nasca_control,PE_Nasca_control.tif,0,"[-75.12, -14.83]",5000,90,0.05,"['emissivity_band10', 'emissivity_band11', 'emissivity_band12', 'emissivity_band13', 'emissivity_band14', 'temperature', 'ndvi']"
PE_Chimbote_control,PE_Chimbote_control.tif,0,"[-78.53, -9.07]",5000,90,0.06,"['emissivity_band10', 'emissivity_band11', 'emissivity_band12', 'emissivity_band13', 'emissivity_band14', 'temperature', 'ndvi']"
PE_Huancayo_control,PE_Huancayo_control.tif,0,"[-75.21, -12.07]",5000,90,0.06,"['emissivity_band10', 'emissivity_band11', 'emissivity_band12', 'emissivity_band13', 'emissivity_band14', 'temperature', 'ndvi']"
PE_Cusco_control,PE_Cusco_control.tif,0,"[-71.97, -13.52]",5000,90,0.06,"['emissivity_band10', 'emissivity_band11', 'emissivity_band12', 'emissivity_band13', 'emissivity_band14', 'temperature', 'ndvi']"
PE_Puno_control,PE_Puno_control.tif,0,"[-70.02, -15.84]",5000,90,0.05,"['emissivity_band10', 'emissivity_band11', 'emissivity_band12', 'emissivity_band13', 'emissivity_band14', 'temperature', 'ndvi']"
PE_Juliaca_control,PE_Juliaca_control.tif,0,"[-70.13, -15.5]",5000,90,0.05,"['emissivity_band10', 'emissivity_band11', 'emissivity_band12', 'emissivity_band13', 'emissivity_band14', 'temperature', 'ndvi']"
PE_Iquitos_control,PE_Iquitos_control.tif,0,"[-73.25, -3.75]",5000,90,0.06,"['emissivity_band10', 'emissivity_band11', 'emissivity_band12', 'emissivity_band13', 'emissivity_band14', 'temperature', 'ndvi']"
PE_Pucallpa_control,PE_Pucallpa_control.tif,0,"[-74.53, -8.38]",5000,90,0.06,"['emissivity_band10', 'emissivity_band11', 'emissivity_band12', 'emissivity_band13', 'emissivity_band14', 'temperature', 'ndvi']"
PE_Tarapoto_control,PE_Tarapoto_control.tif,0,"[-76.37, -6.49]",5000,90,0.06,"['emissivity_band10', 'emissivity_band11', 'emissivity_band12', 'emissivity_band13', 'emissivity_band14', 'temperature', 'ndvi']"
PE_Tumbes_control,PE_Tumbes_control.tif,0,"[-80.45, -3.57]",5000,90,0.06,"['emissivity_band10', 'emissivity_band11', 'emissivity_band12', 'emissivity_band13', 'emissivity_band14', 'temperature', 'ndvi']"
PE_Ayacucho_control,PE_Ayacucho_control.tif,0,"[-74.22, -13.16]",5000,90,0.06,"['emissivity_band10', 'emissivity_band11', 'emissivity_band12', 'emissivity_band13', 'emissivity_band14', 'temperature', 'ndvi']"
PE_Huaraz_control,PE_Huaraz_control.tif,0,"[-77.528, -9.53]",5000,90,0.06,"['emissivity_band10', 'emissivity_band11', 'emissivity_band12', 'emissivity_band13', 'emissivity_band14', 'temperature', 'ndvi']"
PE_Cajamarca_control,PE_Cajamarca_control.tif,0,"[-78.52, -7.16]",5000,90,0.06,"['emissivity_band10', 'emissivity_band11', 'emissivity_band12', 'emissivity_band13', 'emissivity_band14', 'temperature', 'ndvi']"
PE_Tacna_control,PE_Tacna_control.tif,0,"[-70.25, -18.01]",5000,90,0.05,"['emissivity_band10', 'emissivity_band11', 'emissivity_band12', 'emissivity_band13', 'emissivity_band14', 'temperature', 'ndvi']"
PE_Arequipa_control,PE_Arequipa_control.tif,0,"[-71.54, -16.409]",5000,90,0.05,"['emissivity_band10', 'emissivity_band11', 'emissivity_band12', 'emissivity_band13', 'emissivity_band14', 'temperature', 'ndvi']"
CL_Santiago_control,CL_Santiago_control.tif,0,"[-70.65, -33.448]",5000,90,0.06,"['emissivity_band10', 'emissivity_band11', 'emissivity_band12', 'emissivity_band13', 'emissivity_band14', 'temperature', 'ndvi']"
CL_Valparaiso_control,CL_Valparaiso_control.tif,0,"[-71.62, -33.047]",5000,90,0.05,"['emissivity_band10', 'emissivity_band11', 'emissivity_band12', 'emissivity_band13', 'emissivity_band14', 'temperature', 'ndvi']"
CL_Concepcion_control,CL_Concepcion_control.tif,0,"[-73.05, -36.83]",5000,90,0.04,"['emissivity_band10', 'emissivity_band11', 'emissivity_band12', 'emissivity_band13', 'emissivity_band14', 'temperature', 'ndvi']"
CL_La_Serena_control,CL_La_Serena_control.tif,0,"[-71.25, -29.9]",5000,90,0.05,"['emissivity_band10', 'emissivity_band11', 'emissivity_band12', 'emissivity_band13', 'emissivity_band14', 'temperature', 'ndvi']"
CL_Copiapo_control,CL_Copiapo_control.tif,0,"[-70.33, -27.37]",5000,90,0.06,"['emissivity_band10', 'emissivity_band11', 'emissivity_band12', 'emissivity_band13', 'emissivity_band14', 'temperature', 'ndvi']"
CL_Antofagasta_control,CL_Antofagasta_control.tif,0,"[-70.4, -23.65]",5000,90,0.04,"['emissivity_band10', 'emissivity_band11', 'emissivity_band12', 'emissivity_band13', 'emissivity_band14', 'temperature', 'ndvi']"
CL_Arica_control,CL_Arica_control.tif,0,"[-70.311, -18.475]",5000,90,0.04,"['emissivity_band10', 'emissivity_band11', 'emissivity_band12', 'emissivity_band13', 'emissivity_band14', 'temperature', 'ndvi']"
CL_Temuco_control,CL_Temuco_control.tif,0,"[-72.64, -38.74]",5000,90,0.07,"['emissivity_band10', 'emissivity_band11', 'emissivity_band12', 'emissivity_band13', 'emissivity_band14', 'temperature', 'ndvi']"
CL_Osorno_control,CL_Osorno_control.tif,0,"[-73.15, -40.573]",5000,90,0.07,"['emissivity_band10', 'emissivity_band11', 'emissivity_band12', 'emissivity_band13', 'emissivity_band14', 'temperature', 'ndvi']"
CL_Valdivia_control,CL_Valdivia_control.tif,0,"[-73.24, -39.81]",5000,90,0.07,"['emissivity_band10', 'emissivity_band11', 'emissivity_band12', 'emissivity_band13', 'emissivity_band14', 'temperature', 'ndvi']"
CL_Rancagua_control,CL_Rancagua_control.tif,0,"[-70.74, -34.17]",5000,90,0.06,"['emissivity_band10', 'emissivity_band11', 'emissivity_band12', 'emissivity_band13', 'emissivity_band14', 'temperature', 'ndvi']"
CL_Talca_control,CL_Talca_control.tif,0,"[-71.65, -35.43]",5000,90,0.07,"['emissivity_band10', 'emissivity_band11', 'emissivity_band12', 'emissivity_band13', 'emissivity_band14', 'temperature', 'ndvi']"
CL_Chillan_ciudad_control,CL_Chillan_ciudad_control.tif,0,"[-72.1, -36.6]",5000,90,0.07,"['emissivity_band10', 'emissivity_band11', 'emissivity_band12', 'emissivity_band13', 'emissivity_band14', 'temperature', 'ndvi']"
CL_Punta_Arenas_control,CL_Punta_Arenas_control.tif,0,"[-70.917, -53.15]",5000,90,0.07,"['emissivity_band10', 'emissivity_band11', 'emissivity_band12', 'emissivity_band13', 'emissivity_band14', 'temperature', 'ndvi']"
CL_Puerto_Montt_control,CL_Puerto_Montt_control.tif,0,"[-72.94, -41.47]",5000,90,0.06,"['emissivity_band10', 'emissivity_band11', 'emissivity_band12', 'emissivity_band13', 'emissivity_band14', 'temperature', 'ndvi']"
CL_Iquique_control,CL_Iquique_control.tif,0,"[-70.13, -20.21]",5000,90,0.05,"['emissivity_band10', 'emissivity_band11', 'emissivity_band12', 'emissivity_band13', 'emissivity_band14', 'temperature', 'ndvi']"
CL_Calama_control,CL_Calama_control.tif,0,"[-68.92, -22.45]",5000,90,0.05,"['emissivity_band10', 'emissivity_band11', 'emissivity_band12', 'emissivity_band13', 'emissivity_band14', 'temperature', 'ndvi']"
CL_San_Fernando_control,CL_San_Fernando_control.tif,0,"[-71.0, -34.58]",5000,90,0.06,"['emissivity_band10', 'emissivity_band11', 'emissivity_band12', 'emissivity_band13', 'emissivity_band14', 'temperature', 'ndvi']"
CL_Curico_control,CL_Curico_control.tif,0,"[-71.24, -34.98]",5000,90,0.06,"['emissivity_band10', 'emissivity_band11', 'emissivity_band12', 'emissivity_band13', 'emissivity_band14', 'temperature', 'ndvi']"
CL_Los_Angeles_control,CL_Los_Angeles_control.tif,0,"[-72.35, -37.47]",5000,90,0.07,"['emissivity_band10', 'emissivity_band11', 'emissivity_band12', 'emissivity_band13', 'emissivity_band14', 'temperature', 'ndvi']"
CO_Leticia_Ctrl_center,CO_Leticia_Ctrl_center.tif,0,"[-69.94, -4.215]",5000,90,0.06,"['emissivity_band10', 'emissivity_band11', 'emissivity_band12', 'emissivity_band13', 'emissivity_band14', 'temperature', 'ndvi']"
CO_Leticia_Ctrl_N,CO_Leticia_Ctrl_N.tif,0,"[-69.94, -4.202]",5000,90,0.06,"['emissivity_band10', 'emissivity_band11', 'emissivity_band12', 'emissivity_band13', 'emissivity_band14', 'temperature', 'ndvi']"
CO_Leticia_Ctrl_S,CO_Leticia_Ctrl_S.tif,0,"[-69.94, -4.228]",5000,90,0.06,"['emissivity_band10', 'emissivity_band11', 'emissivity_band12', 'emissivity_band13', 'emissivity_band14', 'temperature', 'ndvi']"
CO_Leticia_Ctrl_E,CO_Leticia_Ctrl_E.tif,0,"[-69.927, -4.215]",5000,90,0.06,"['emissivity_band10', 'emissivity_band11', 'emissivity_band12', 'emissivity_band13', 'emissivity_band14', 'temperature', 'ndvi']"
CO_Leticia_Ctrl_W,CO_Leticia_Ctrl_W.tif,0,"[-69.953, -4.215]",5000,90,0.06,"['emissivity_band10', 'emissivity_band11', 'emissivity_band12', 'emissivity_band13', 'emissivity_band14', 'temperature', 'ndvi']"
CO_Leticia_Ctrl_NE,CO_Leticia_Ctrl_NE.tif,0,"[-69.927, -4.202]",5000,90,0.06,"['emissivity_band10', 'emissivity_band11', 'emissivity_band12', 'emissivity_band13', 'emissivity_band14', 'temperature', 'ndvi']"
CO_Leticia_Ctrl_NW,CO_Leticia_Ctrl_NW.tif,0,"[-69.953, -4.202]",5000,90,0.06,"['emissivity_band10', 'emissivity_band11', 'emissivity_band12', 'emissivity_band13', 'emissivity_band14', 'temperature', 'ndvi']"
CO_Leticia_Ctrl_SE,CO_Leticia_Ctrl_SE.tif,0,"[-69.927, -4.228]",5000,90,0.06,"['emissivity_band10', 'emissivity_band11', 'emissivity_band12', 'emissivity_band13', 'emissivity_band14', 'temperature', 'ndvi']"
CO_Leticia_Ctrl_SW,CO_Leticia_Ctrl_SW.tif,0,"[-69.953, -4.228]",5000,90,0.06,"['emissivity_band10', 'emissivity_band11', 'emissivity_band12', 'emissivity_band13', 'emissivity_band14', 'temperature', 'ndvi']"
CO_Puerto_Inirida_Ctrl_center,CO_Puerto_Inirida_Ctrl_center.tif,0,"[-67.92, 3.865]",5000,90,0.06,"['emissivity_band10', 'emissivity_band11', 'emissivity_band12', 'emissivity_band13', 'emissivity_band14', 'temperature', 'ndvi']"
CO_Puerto_Inirida_Ctrl_N,CO_Puerto_Inirida_Ctrl_N.tif,0,"[-67.92, 3.878]",5000,90,0.06,"['emissivity_band10', 'emissivity_band11', 'emissivity_band12', 'emissivity_band13', 'emissivity_band14', 'temperature', 'ndvi']"
CO_Puerto_Inirida_Ctrl_S,CO_Puerto_Inirida_Ctrl_S.tif,0,"[-67.92, 3.852]",5000,90,0.06,"['emissivity_band10', 'emissivity_band11', 'emissivity_band12', 'emissivity_band13', 'emissivity_band14', 'temperature', 'ndvi']"
CO_Puerto_Inirida_Ctrl_E,CO_Puerto_Inirida_Ctrl_E.tif,0,"[-67.907, 3.865]",5000,90,0.06,"['emissivity_band10', 'emissivity_band11', 'emissivity_band12', 'emissivity_band13', 'emissivity_band14', 'temperature', 'ndvi']"
CO_Puerto_Inirida_Ctrl_W,CO_Puerto_Inirida_Ctrl_W.tif,0,"[-67.933, 3.865]",5000,90,0.06,"['emissivity_band10', 'emissivity_band11', 'emissivity_band12', 'emissivity_band13', 'emissivity_band14', 'temperature', 'ndvi']"
CO_Puerto_Inirida_Ctrl_NE,CO_Puerto_Inirida_Ctrl_NE.tif,0,"[-67.907, 3.878]",5000,90,0.06,"['emissivity_band10', 'emissivity_band11', 'emissivity_band12', 'emissivity_band13', 'emissivity_band14', 'temperature', 'ndvi']"
CO_Puerto_Inirida_Ctrl_NW,CO_Puerto_Inirida_Ctrl_NW.tif,0,"[-67.933, 3.878]",5000,90,0.06,"['emissivity_band10', 'emissivity_band11', 'emissivity_band12', 'emissivity_band13', 'emissivity_band14', 'temperature', 'ndvi']"
CO_Puerto_Inirida_Ctrl_SE,CO_Puerto_Inirida_Ctrl_SE.tif,0,"[-67.907, 3.852]",5000,90,0.06,"['emissivity_band10', 'emissivity_band11', 'emissivity_band12', 'emissivity_band13', 'emissivity_band14', 'temperature', 'ndvi']"
CO_Puerto_Inirida_Ctrl_SW,CO_Puerto_Inirida_Ctrl_SW.tif,0,"[-67.933, 3.852]",5000,90,0.06,"['emissivity_band10', 'emissivity_band11', 'emissivity_band12', 'emissivity_band13', 'emissivity_band14', 'temperature', 'ndvi']"
CO_Mitu_Ctrl_center,CO_Mitu_Ctrl_center.tif,0,"[-70.24, 1.253]",5000,90,0.05,"['emissivity_band10', 'emissivity_band11', 'emissivity_band12', 'emissivity_band13', 'emissivity_band14', 'temperature', 'ndvi']"
CO_Mitu_Ctrl_N,CO_Mitu_Ctrl_N.tif,0,"[-70.24, 1.266]",5000,90,0.05,"['emissivity_band10', 'emissivity_band11', 'emissivity_band12', 'emissivity_band13', 'emissivity_band14', 'temperature', 'ndvi']"
CO_Mitu_Ctrl_S,CO_Mitu_Ctrl_S.tif,0,"[-70.24, 1.24]",5000,90,0.05,"['emissivity_band10', 'emissivity_band11', 'emissivity_band12', 'emissivity_band13', 'emissivity_band14', 'temperature', 'ndvi']"
CO_Mitu_Ctrl_E,CO_Mitu_Ctrl_E.tif,0,"[-70.227, 1.253]",5000,90,0.04,"['emissivity_band10', 'emissivity_band11', 'emissivity_band12', 'emissivity_band13', 'emissivity_band14', 'temperature', 'ndvi']"
CO_Mitu_Ctrl_W,CO_Mitu_Ctrl_W.tif,0,"[-70.253, 1.253]",5000,90,0.05,"['emissivity_band10', 'emissivity_band11', 'emissivity_band12', 'emissivity_band13', 'emissivity_band14', 'temperature', 'ndvi']"
CO_Mitu_Ctrl_NE,CO_Mitu_Ctrl_NE.tif,0,"[-70.227, 1.266]",5000,90,0.05,"['emissivity_band10', 'emissivity_band11', 'emissivity_band12', 'emissivity_band13', 'emissivity_band14', 'temperature', 'ndvi']"
CO_Mitu_Ctrl_NW,CO_Mitu_Ctrl_NW.tif,0,"[-70.253, 1.266]",5000,90,0.05,"['emissivity_band10', 'emissivity_band11', 'emissivity_band12', 'emissivity_band13', 'emissivity_band14', 'temperature', 'ndvi']"
CO_Mitu_Ctrl_SE,CO_Mitu_Ctrl_SE.tif,0,"[-70.227, 1.24]",5000,90,0.04,"['emissivity_band10', 'emissivity_band11', 'emissivity_band12', 'emissivity_band13', 'emissivity_band14', 'temperature', 'ndvi']"
CO_Mitu_Ctrl_SW,CO_Mitu_Ctrl_SW.tif,0,"[-70.253, 1.24]",5000,90,0.05,"['emissivity_band10', 'emissivity_band11', 'emissivity_band12', 'emissivity_band13', 'emissivity_band14', 'temperature', 'ndvi']"
CO_San_Jose_Guaviare_Ctrl_center,CO_San_Jose_Guaviare_Ctrl_center.tif,0,"[-72.64, 2.57]",5000,90,0.06,"['emissivity_band10', 'emissivity_band11', 'emissivity_band12', 'emissivity_band13', 'emissivity_band14', 'temperature', 'ndvi']"
CO_San_Jose_Guaviare_Ctrl_N,CO_San_Jose_Guaviare_Ctrl_N.tif,0,"[-72.64, 2.583]",5000,90,0.06,"['emissivity_band10', 'emissivity_band11', 'emissivity_band12', 'emissivity_band13', 'emissivity_band14', 'temperature', 'ndvi']"
CO_San_Jose_Guaviare_Ctrl_S,CO_San_Jose_Guaviare_Ctrl_S.tif,0,"[-72.64, 2.557]",5000,90,0.06,"['emissivity_band10', 'emissivity_band11', 'emissivity_band12', 'emissivity_band13', 'emissivity_band14', 'temperature', 'ndvi']"
CO_San_Jose_Guaviare_Ctrl_E,CO_San_Jose_Guaviare_Ctrl_E.tif,0,"[-72.627, 2.57]",5000,90,0.06,"['emissivity_band10', 'emissivity_band11', 'emissivity_band12', 'emissivity_band13', 'emissivity_band14', 'temperature', 'ndvi']"
CO_San_Jose_Guaviare_Ctrl_W,CO_San_Jose_Guaviare_Ctrl_W.tif,0,"[-72.653, 2.57]",5000,90,0.06,"['emissivity_band10', 'emissivity_band11', 'emissivity_band12', 'emissivity_band13', 'emissivity_band14', 'temperature', 'ndvi']"
CO_San_Jose_Guaviare_Ctrl_NE,CO_San_Jose_Guaviare_Ctrl_NE.tif,0,"[-72.627, 2.583]",5000,90,0.06,"['emissivity_band10', 'emissivity_band11', 'emissivity_band12', 'emissivity_band13', 'emissivity_band14', 'temperature', 'ndvi']"
CO_San_Jose_Guaviare_Ctrl_NW,CO_San_Jose_Guaviare_Ctrl_NW.tif,0,"[-72.653, 2.583]",5000,90,0.06,"['emissivity_band10', 'emissivity_band11', 'emissivity_band12', 'emissivity_band13', 'emissivity_band14', 'temperature', 'ndvi']"
CO_San_Jose_Guaviare_Ctrl_SE,CO_San_Jose_Guaviare_Ctrl_SE.tif,0,"[-72.627, 2.557]",5000,90,0.06,"['emissivity_band10', 'emissivity_band11', 'emissivity_band12', 'emissivity_band13', 'emissivity_band14', 'temperature', 'ndvi']"
CO_San_Jose_Guaviare_Ctrl_SW,CO_San_Jose_Guaviare_Ctrl_SW.tif,0,"[-72.653, 2.557]",5000,90,0.06,"['emissivity_band10', 'emissivity_band11', 'emissivity_band12', 'emissivity_band13', 'emissivity_band14', 'temperature', 'ndvi']"
CO_Florencia_Ctrl_center,CO_Florencia_Ctrl_center.tif,0,"[-75.61, 1.61]",5000,90,0.06,"['emissivity_band10', 'emissivity_band11', 'emissivity_band12', 'emissivity_band13', 'emissivity_band14', 'temperature', 'ndvi']"
CO_Florencia_Ctrl_N,CO_Florencia_Ctrl_N.tif,0,"[-75.61, 1.623]",5000,90,0.06,"['emissivity_band10', 'emissivity_band11', 'emissivity_band12', 'emissivity_band13', 'emissivity_band14', 'temperature', 'ndvi']"
CO_Florencia_Ctrl_S,CO_Florencia_Ctrl_S.tif,0,"[-75.61, 1.597]",5000,90,0.06,"['emissivity_band10', 'emissivity_band11', 'emissivity_band12', 'emissivity_band13', 'emissivity_band14', 'temperature', 'ndvi']"
CO_Florencia_Ctrl_E,CO_Florencia_Ctrl_E.tif,0,"[-75.597, 1.61]",5000,90,0.06,"['emissivity_band10', 'emissivity_band11', 'emissivity_band12', 'emissivity_band13', 'emissivity_band14', 'temperature', 'ndvi']"
CO_Florencia_Ctrl_W,CO_Florencia_Ctrl_W.tif,0,"[-75.623, 1.61]",5000,90,0.06,"['emissivity_band10', 'emissivity_band11', 'emissivity_band12', 'emissivity_band13', 'emissivity_band14', 'temperature', 'ndvi']"
CO_Florencia_Ctrl_NE,CO_Florencia_Ctrl_NE.tif,0,"[-75.597, 1.623]",5000,90,0.06,"['emissivity_band10', 'emissivity_band11', 'emissivity_band12', 'emissivity_band13', 'emissivity_band14', 'temperature', 'ndvi']"
CO_Florencia_Ctrl_NW,CO_Florencia_Ctrl_NW.tif,0,"[-75.623, 1.623]",5000,90,0.06,"['emissivity_band10', 'emissivity_band11', 'emissivity_band12', 'emissivity_band13', 'emissivity_band14', 'temperature', 'ndvi']"
CO_Florencia_Ctrl_SE,CO_Florencia_Ctrl_SE.tif,0,"[-75.597, 1.597]",5000,90,0.06,"['emissivity_band10', 'emissivity_band11', 'emissivity_band12', 'emissivity_band13', 'emissivity_band14', 'temperature', 'ndvi']"
CO_Florencia_Ctrl_SW,CO_Florencia_Ctrl_SW.tif,0,"[-75.623, 1.597]",5000,90,0.06,"['emissivity_band10', 'emissivity_band11', 'emissivity_band12', 'emissivity_band13', 'emissivity_band14', 'temperature', 'ndvi']"
CO_Mocoa_Ctrl_center,CO_Mocoa_Ctrl_center.tif,0,"[-76.65, 1.15]",5000,90,0.05,"['emissivity_band10', 'emissivity_band11', 'emissivity_band12', 'emissivity_band13', 'emissivity_band14', 'temperature', 'ndvi']"
CO_Mocoa_Ctrl_N,CO_Mocoa_Ctrl_N.tif,0,"[-76.65, 1.163]",5000,90,0.05,"['emissivity_band10', 'emissivity_band11', 'emissivity_band12', 'emissivity_band13', 'emissivity_band14', 'temperature', 'ndvi']"
CO_Mocoa_Ctrl_S,CO_Mocoa_Ctrl_S.tif,0,"[-76.65, 1.137]",5000,90,0.05,"['emissivity_band10', 'emissivity_band11', 'emissivity_band12', 'emissivity_band13', 'emissivity_band14', 'temperature', 'ndvi']"
CO_Mocoa_Ctrl_E,CO_Mocoa_Ctrl_E.tif,0,"[-76.637, 1.15]",5000,90,0.05,"['emissivity_band10', 'emissivity_band11', 'emissivity_band12', 'emissivity_band13', 'emissivity_band14', 'temperature', 'ndvi']"
CO_Mocoa_Ctrl_W,CO_Mocoa_Ctrl_W.tif,0,"[-76.663, 1.15]",5000,90,0.05,"['emissivity_band10', 'emissivity_band11', 'emissivity_band12', 'emissivity_band13', 'emissivity_band14', 'temperature', 'ndvi']"
CO_Mocoa_Ctrl_NE,CO_Mocoa_Ctrl_NE.tif,0,"[-76.637, 1.163]",5000,90,0.05,"['emissivity_band10', 'emissivity_band11', 'emissivity_band12', 'emissivity_band13', 'emissivity_band14', 'temperature', 'ndvi']"
CO_Mocoa_Ctrl_NW,CO_Mocoa_Ctrl_NW.tif,0,"[-76.663, 1.163]",5000,90,0.05,"['emissivity_band10', 'emissivity_band11', 'emissivity_band12', 'emissivity_band13', 'emissivity_band14', 'temperature', 'ndvi']"
CO_Mocoa_Ctrl_SE,CO_Mocoa_Ctrl_SE.tif,0,"[-76.637, 1.137]",5000,90,0.04,"['emissivity_band10', 'emissivity_band11', 'emissivity_band12', 'emissivity_band13', 'emissivity_band14', 'temperature', 'ndvi']"
CO_Mocoa_Ctrl_SW,CO_Mocoa_Ctrl_SW.tif,0,"[-76.663, 1.137]",5000,90,0.05,"['emissivity_band10', 'emissivity_band11', 'emissivity_band12', 'emissivity_band13', 'emissivity_band14', 'temperature', 'ndvi']"
CO_Sincelejo_Ctrl_center,CO_Sincelejo_Ctrl_center.tif,0,"[-75.39, 9.3]",5000,90,0.06,"['emissivity_band10', 'emissivity_band11', 'emissivity_band12', 'emissivity_band13', 'emissivity_band14', 'temperature', 'ndvi']"
CO_Sincelejo_Ctrl_N,CO_Sincelejo_Ctrl_N.tif,0,"[-75.39, 9.313]",5000,90,0.06,"['emissivity_band10', 'emissivity_band11', 'emissivity_band12', 'emissivity_band13', 'emissivity_band14', 'temperature', 'ndvi']"
CO_Sincelejo_Ctrl_S,CO_Sincelejo_Ctrl_S.tif,0,"[-75.39, 9.287]",5000,90,0.06,"['emissivity_band10', 'emissivity_band11', 'emissivity_band12', 'emissivity_band13', 'emissivity_band14', 'temperature', 'ndvi']"
CO_Sincelejo_Ctrl_E,CO_Sincelejo_Ctrl_E.tif,0,"[-75.377, 9.3]",5000,90,0.06,"['emissivity_band10', 'emissivity_band11', 'emissivity_band12', 'emissivity_band13', 'emissivity_band14', 'temperature', 'ndvi']"
CO_Sincelejo_Ctrl_W,CO_Sincelejo_Ctrl_W.tif,0,"[-75.403, 9.3]",5000,90,0.06,"['emissivity_band10', 'emissivity_band11', 'emissivity_band12', 'emissivity_band13', 'emissivity_band14', 'temperature', 'ndvi']"
CO_Sincelejo_Ctrl_NE,CO_Sincelejo_Ctrl_NE.tif,0,"[-75.377, 9.313]",5000,90,0.06,"['emissivity_band10', 'emissivity_band11', 'emissivity_band12', 'emissivity_band13', 'emissivity_band14', 'temperature', 'ndvi']"
CO_Sincelejo_Ctrl_NW,CO_Sincelejo_Ctrl_NW.tif,0,"[-75.403, 9.313]",5000,90,0.06,"['emissivity_band10', 'emissivity_band11', 'emissivity_band12', 'emissivity_band13', 'emissivity_band14', 'temperature', 'ndvi']"
CO_Sincelejo_Ctrl_SE,CO_Sincelejo_Ctrl_SE.tif,0,"[-75.377, 9.287]",5000,90,0.06,"['emissivity_band10', 'emissivity_band11', 'emissivity_band12', 'emissivity_band13', 'emissivity_band14', 'temperature', 'ndvi']"
CO_Sincelejo_Ctrl_SW,CO_Sincelejo_Ctrl_SW.tif,0,"[-75.403, 9.287]",5000,90,0.06,"['emissivity_band10', 'emissivity_band11', 'emissivity_band12', 'emissivity_band13', 'emissivity_band14', 'temperature', 'ndvi']"
CO_Monteria_Ctrl_center,CO_Monteria_Ctrl_center.tif,0,"[-75.89, 8.75]",5000,90,0.06,"['emissivity_band10', 'emissivity_band11', 'emissivity_band12', 'emissivity_band13', 'emissivity_band14', 'temperature', 'ndvi']"
CO_Monteria_Ctrl_N,CO_Monteria_Ctrl_N.tif,0,"[-75.89, 8.763]",5000,90,0.06,"['emissivity_band10', 'emissivity_band11', 'emissivity_band12', 'emissivity_band13', 'emissivity_band14', 'temperature', 'ndvi']"
CO_Monteria_Ctrl_S,CO_Monteria_Ctrl_S.tif,0,"[-75.89, 8.737]",5000,90,0.06,"['emissivity_band10', 'emissivity_band11', 'emissivity_band12', 'emissivity_band13', 'emissivity_band14', 'temperature', 'ndvi']"
CO_Monteria_Ctrl_E,CO_Monteria_Ctrl_E.tif,0,"[-75.877, 8.75]",5000,90,0.06,"['emissivity_band10', 'emissivity_band11', 'emissivity_band12', 'emissivity_band13', 'emissivity_band14', 'temperature', 'ndvi']"
CO_Monteria_Ctrl_W,CO_Monteria_Ctrl_W.tif,0,"[-75.903, 8.75]",5000,90,0.06,"['emissivity_band10', 'emissivity_band11', 'emissivity_band12', 'emissivity_band13', 'emissivity_band14', 'temperature', 'ndvi']"
CO_Monteria_Ctrl_NE,CO_Monteria_Ctrl_NE.tif,0,"[-75.877, 8.763]",5000,90,0.06,"['emissivity_band10', 'emissivity_band11', 'emissivity_band12', 'emissivity_band13', 'emissivity_band14', 'temperature', 'ndvi']"
CO_Monteria_Ctrl_NW,CO_Monteria_Ctrl_NW.tif,0,"[-75.903, 8.763]",5000,90,0.06,"['emissivity_band10', 'emissivity_band11', 'emissivity_band12', 'emissivity_band13', 'emissivity_band14', 'temperature', 'ndvi']"
CO_Monteria_Ctrl_SE,CO_Monteria_Ctrl_SE.tif,0,"[-75.877, 8.737]",5000,90,0.06,"['emissivity_band10', 'emissivity_band11', 'emissivity_band12', 'emissivity_band13', 'emissivity_band14', 'temperature', 'ndvi']"
CO_Monteria_Ctrl_SW,CO_Monteria_Ctrl_SW.tif,0,"[-75.903, 8.737]",5000,90,0.06,"['emissivity_band10', 'emissivity_band11', 'emissivity_band12', 'emissivity_band13', 'emissivity_band14', 'temperature', 'ndvi']"
CO_Turbo_Ctrl_center,CO_Turbo_Ctrl_center.tif,0,"[-76.73, 8.09]",5000,90,0.04,"['emissivity_band10', 'emissivity_band11', 'emissivity_band12', 'emissivity_band13', 'emissivity_band14', 'temperature', 'ndvi']"
CO_Turbo_Ctrl_N,CO_Turbo_Ctrl_N.tif,0,"[-76.73, 8.103]",5000,90,0.05,"['emissivity_band10', 'emissivity_band11', 'emissivity_band12', 'emissivity_band13', 'emissivity_band14', 'temperature', 'ndvi']"
CO_Turbo_Ctrl_S,CO_Turbo_Ctrl_S.tif,0,"[-76.73, 8.077]",5000,90,0.04,"['emissivity_band10', 'emissivity_band11', 'emissivity_band12', 'emissivity_band13', 'emissivity_band14', 'temperature', 'ndvi']"
CO_Turbo_Ctrl_E,CO_Turbo_Ctrl_E.tif,0,"[-76.717, 8.09]",5000,90,0.05,"['emissivity_band10', 'emissivity_band11', 'emissivity_band12', 'emissivity_band13', 'emissivity_band14', 'temperature', 'ndvi']"
CO_Turbo_Ctrl_W,CO_Turbo_Ctrl_W.tif,0,"[-76.743, 8.09]",5000,90,0.04,"['emissivity_band10', 'emissivity_band11', 'emissivity_band12', 'emissivity_band13', 'emissivity_band14', 'temperature', 'ndvi']"
CO_Turbo_Ctrl_NE,CO_Turbo_Ctrl_NE.tif,0,"[-76.717, 8.103]",5000,90,0.05,"['emissivity_band10', 'emissivity_band11', 'emissivity_band12', 'emissivity_band13', 'emissivity_band14', 'temperature', 'ndvi']"
CO_Turbo_Ctrl_NW,CO_Turbo_Ctrl_NW.tif,0,"[-76.743, 8.103]",5000,90,0.04,"['emissivity_band10', 'emissivity_band11', 'emissivity_band12', 'emissivity_band13', 'emissivity_band14', 'temperature', 'ndvi']"
CO_Turbo_Ctrl_SE,CO_Turbo_Ctrl_SE.tif,0,"[-76.717, 8.077]",5000,90,0.05,"['emissivity_band10', 'emissivity_band11', 'emissivity_band12', 'emissivity_band13', 'emissivity_band14', 'temperature', 'ndvi']"
CO_Turbo_Ctrl_SW,CO_Turbo_Ctrl_SW.tif,0,"[-76.743, 8.077]",5000,90,0.04,"['emissivity_band10', 'emissivity_band11', 'emissivity_band12', 'emissivity_band13', 'emissivity_band14', 'temperature', 'ndvi']"
CO_Quibdo_Ctrl_center,CO_Quibdo_Ctrl_center.tif,0,"[-76.65, 5.69]",5000,90,0.05,"['emissivity_band10', 'emissivity_band11', 'emissivity_band12', 'emissivity_band13', 'emissivity_band14', 'temperature', 'ndvi']"
CO_Quibdo_Ctrl_N,CO_Quibdo_Ctrl_N.tif,0,"[-76.65, 5.703]",5000,90,0.05,"['emissivity_band10', 'emissivity_band11', 'emissivity_band12', 'emissivity_band13', 'emissivity_band14', 'temperature', 'ndvi']"
CO_Quibdo_Ctrl_S,CO_Quibdo_Ctrl_S.tif,0,"[-76.65, 5.677]",5000,90,0.05,"['emissivity_band10', 'emissivity_band11', 'emissivity_band12', 'emissivity_band13', 'emissivity_band14', 'temperature', 'ndvi']"
CO_Quibdo_Ctrl_E,CO_Quibdo_Ctrl_E.tif,0,"[-76.637, 5.69]",5000,90,0.05,"['emissivity_band10', 'emissivity_band11', 'emissivity_band12', 'emissivity_band13', 'emissivity_band14', 'temperature', 'ndvi']"
CO_Quibdo_Ctrl_W,CO_Quibdo_Ctrl_W.tif,0,"[-76.663, 5.69]",5000,90,0.05,"['emissivity_band10', 'emissivity_band11', 'emissivity_band12', 'emissivity_band13', 'emissivity_band14', 'temperature', 'ndvi']"
CO_Quibdo_Ctrl_NE,CO_Quibdo_Ctrl_NE.tif,0,"[-76.637, 5.703]",5000,90,0.05,"['emissivity_band10', 'emissivity_band11', 'emissivity_band12', 'emissivity_band13', 'emissivity_band14', 'temperature', 'ndvi']"
CO_Quibdo_Ctrl_NW,CO_Quibdo_Ctrl_NW.tif,0,"[-76.663, 5.703]",5000,90,0.05,"['emissivity_band10', 'emissivity_band11', 'emissivity_band12', 'emissivity_band13', 'emissivity_band14', 'temperature', 'ndvi']"
CO_Quibdo_Ctrl_SE,CO_Quibdo_Ctrl_SE.tif,0,"[-76.637, 5.677]",5000,90,0.05,"['emissivity_band10', 'emissivity_band11', 'emissivity_band12', 'emissivity_band13', 'emissivity_band14', 'temperature', 'ndvi']"
CO_Quibdo_Ctrl_SW,CO_Quibdo_Ctrl_SW.tif,0,"[-76.663, 5.677]",5000,90,0.05,"['emissivity_band10', 'emissivity_band11', 'emissivity_band12', 'emissivity_band13', 'emissivity_band14', 'temperature', 'ndvi']"
CO_Riohacha_Ctrl_center,CO_Riohacha_Ctrl_center.tif,0,"[-72.907, 11.544]",5000,90,0.05,"['emissivity_band10', 'emissivity_band11', 'emissivity_band12', 'emissivity_band13', 'emissivity_band14', 'temperature', 'ndvi']"
CO_Riohacha_Ctrl_N,CO_Riohacha_Ctrl_N.tif,0,"[-72.907, 11.557]",5000,90,0.04,"['emissivity_band10', 'emissivity_band11', 'emissivity_band12', 'emissivity_band13', 'emissivity_band14', 'temperature', 'ndvi']"
CO_Riohacha_Ctrl_S,CO_Riohacha_Ctrl_S.tif,0,"[-72.907, 11.531]",5000,90,0.05,"['emissivity_band10', 'emissivity_band11', 'emissivity_band12', 'emissivity_band13', 'emissivity_band14', 'temperature', 'ndvi']"
CO_Riohacha_Ctrl_E,CO_Riohacha_Ctrl_E.tif,0,"[-72.894, 11.544]",5000,90,0.05,"['emissivity_band10', 'emissivity_band11', 'emissivity_band12', 'emissivity_band13', 'emissivity_band14', 'temperature', 'ndvi']"
CO_Riohacha_Ctrl_W,CO_Riohacha_Ctrl_W.tif,0,"[-72.92, 11.544]",5000,90,0.04,"['emissivity_band10', 'emissivity_band11', 'emissivity_band12', 'emissivity_band13', 'emissivity_band14', 'temperature', 'ndvi']"
CO_Riohacha_Ctrl_NE,CO_Riohacha_Ctrl_NE.tif,0,"[-72.894, 11.557]",5000,90,0.04,"['emissivity_band10', 'emissivity_band11', 'emissivity_band12', 'emissivity_band13', 'emissivity_band14', 'temperature', 'ndvi']"
CO_Riohacha_Ctrl_NW,CO_Riohacha_Ctrl_NW.tif,0,"[-72.92, 11.557]",5000,90,0.04,"['emissivity_band10', 'emissivity_band11', 'emissivity_band12', 'emissivity_band13', 'emissivity_band14', 'temperature', 'ndvi']"
CO_Riohacha_Ctrl_SE,CO_Riohacha_Ctrl_SE.tif,0,"[-72.894, 11.531]",5000,90,0.05,"['emissivity_band10', 'emissivity_band11', 'emissivity_band12', 'emissivity_band13', 'emissivity_band14', 'temperature', 'ndvi']"
CO_Riohacha_Ctrl_SW,CO_Riohacha_Ctrl_SW.tif,0,"[-72.92, 11.531]",5000,90,0.05,"['emissivity_band10', 'emissivity_band11', 'emissivity_band12', 'emissivity_band13', 'emissivity_band14', 'temperature', 'ndvi']"
CO_Valledupar_Ctrl_center,CO_Valledupar_Ctrl_center.tif,0,"[-73.25, 10.473]",5000,90,0.06,"['emissivity_band10', 'emissivity_band11', 'emissivity_band12', 'emissivity_band13', 'emissivity_band14', 'temperature', 'ndvi']"
CO_Valledupar_Ctrl_N,CO_Valledupar_Ctrl_N.tif,0,"[-73.25, 10.486]",5000,90,0.06,"['emissivity_band10', 'emissivity_band11', 'emissivity_band12', 'emissivity_band13', 'emissivity_band14', 'temperature', 'ndvi']"
CO_Valledupar_Ctrl_S,CO_Valledupar_Ctrl_S.tif,0,"[-73.25, 10.46]",5000,90,0.05,"['emissivity_band10', 'emissivity_band11', 'emissivity_band12', 'emissivity_band13', 'emissivity_band14', 'temperature', 'ndvi']"
CO_Valledupar_Ctrl_E,CO_Valledupar_Ctrl_E.tif,0,"[-73.237, 10.473]",5000,90,0.06,"['emissivity_band10', 'emissivity_band11', 'emissivity_band12', 'emissivity_band13', 'emissivity_band14', 'temperature', 'ndvi']"
CO_Valledupar_Ctrl_W,CO_Valledupar_Ctrl_W.tif,0,"[-73.263, 10.473]",5000,90,0.06,"['emissivity_band10', 'emissivity_band11', 'emissivity_band12', 'emissivity_band13', 'emissivity_band14', 'temperature', 'ndvi']"
CO_Valledupar_Ctrl_NE,CO_Valledupar_Ctrl_NE.tif,0,"[-73.237, 10.486]",5000,90,0.05,"['emissivity_band10', 'emissivity_band11', 'emissivity_band12', 'emissivity_band13', 'emissivity_band14', 'temperature', 'ndvi']"
CO_Valledupar_Ctrl_NW,CO_Valledupar_Ctrl_NW.tif,0,"[-73.263, 10.486]",5000,90,0.06,"['emissivity_band10', 'emissivity_band11', 'emissivity_band12', 'emissivity_band13', 'emissivity_band14', 'temperature', 'ndvi']"
CO_Valledupar_Ctrl_SE,CO_Valledupar_Ctrl_SE.tif,0,"[-73.237, 10.46]",5000,90,0.05,"['emissivity_band10', 'emissivity_band11', 'emissivity_band12', 'emissivity_band13', 'emissivity_band14', 'temperature', 'ndvi']"
CO_Valledupar_Ctrl_SW,CO_Valledupar_Ctrl_SW.tif,0,"[-73.263, 10.46]",5000,90,0.05,"['emissivity_band10', 'emissivity_band11', 'emissivity_band12', 'emissivity_band13', 'emissivity_band14', 'temperature', 'ndvi']"
CO_Santa_Marta_Ctrl_center,CO_Santa_Marta_Ctrl_center.tif,0,"[-74.2, 11.24]",5000,90,0.05,"['emissivity_band10', 'emissivity_band11', 'emissivity_band12', 'emissivity_band13', 'emissivity_band14', 'temperature', 'ndvi']"
CO_Santa_Marta_Ctrl_N,CO_Santa_Marta_Ctrl_N.tif,0,"[-74.2, 11.253]",5000,90,0.04,"['emissivity_band10', 'emissivity_band11', 'emissivity_band12', 'emissivity_band13', 'emissivity_band14', 'temperature', 'ndvi']"
CO_Santa_Marta_Ctrl_S,CO_Santa_Marta_Ctrl_S.tif,0,"[-74.2, 11.227]",5000,90,0.05,"['emissivity_band10', 'emissivity_band11', 'emissivity_band12', 'emissivity_band13', 'emissivity_band14', 'temperature', 'ndvi']"
CO_Santa_Marta_Ctrl_E,CO_Santa_Marta_Ctrl_E.tif,0,"[-74.187, 11.24]",5000,90,0.05,"['emissivity_band10', 'emissivity_band11', 'emissivity_band12', 'emissivity_band13', 'emissivity_band14', 'temperature', 'ndvi']"
CO_Santa_Marta_Ctrl_W,CO_Santa_Marta_Ctrl_W.tif,0,"[-74.213, 11.24]",5000,90,0.04,"['emissivity_band10', 'emissivity_band11', 'emissivity_band12', 'emissivity_band13', 'emissivity_band14', 'temperature', 'ndvi']"
CO_Santa_Marta_Ctrl_NE,CO_Santa_Marta_Ctrl_NE.tif,0,"[-74.187, 11.253]",5000,90,0.05,"['emissivity_band10', 'emissivity_band11', 'emissivity_band12', 'emissivity_band13', 'emissivity_band14', 'temperature', 'ndvi']"
CO_Santa_Marta_Ctrl_NW,CO_Santa_Marta_Ctrl_NW.tif,0,"[-74.213, 11.253]",5000,90,0.04,"['emissivity_band10', 'emissivity_band11', 'emissivity_band12', 'emissivity_band13', 'emissivity_band14', 'temperature', 'ndvi']"
CO_Santa_Marta_Ctrl_SE,CO_Santa_Marta_Ctrl_SE.tif,0,"[-74.187, 11.227]",5000,90,0.05,"['emissivity_band10', 'emissivity_band11', 'emissivity_band12', 'emissivity_band13', 'emissivity_band14', 'temperature', 'ndvi']"
CO_Santa_Marta_Ctrl_SW,CO_Santa_Marta_Ctrl_SW.tif,0,"[-74.213, 11.227]",5000,90,0.04,"['emissivity_band10', 'emissivity_band11', 'emissivity_band12', 'emissivity_band13', 'emissivity_band14', 'temperature', 'ndvi']"
CO_Barranquilla_Ctrl_center,CO_Barranquilla_Ctrl_center.tif,0,"[-74.796, 10.963]",5000,90,0.06,"['emissivity_band10', 'emissivity_band11', 'emissivity_band12', 'emissivity_band13', 'emissivity_band14', 'temperature', 'ndvi']"
CO_Barranquilla_Ctrl_N,CO_Barranquilla_Ctrl_N.tif,0,"[-74.796, 10.976]",5000,90,0.06,"['emissivity_band10', 'emissivity_band11', 'emissivity_band12', 'emissivity_band13', 'emissivity_band14', 'temperature', 'ndvi']"
CO_Barranquilla_Ctrl_S,CO_Barranquilla_Ctrl_S.tif,0,"[-74.796, 10.95]",5000,90,0.06,"['emissivity_band10', 'emissivity_band11', 'emissivity_band12', 'emissivity_band13', 'emissivity_band14', 'temperature', 'ndvi']"
CO_Barranquilla_Ctrl_E,CO_Barranquilla_Ctrl_E.tif,0,"[-74.783, 10.963]",5000,90,0.06,"['emissivity_band10', 'emissivity_band11', 'emissivity_band12', 'emissivity_band13', 'emissivity_band14', 'temperature', 'ndvi']"
CO_Barranquilla_Ctrl_W,CO_Barranquilla_Ctrl_W.tif,0,"[-74.809, 10.963]",5000,90,0.06,"['emissivity_band10', 'emissivity_band11', 'emissivity_band12', 'emissivity_band13', 'emissivity_band14', 'temperature', 'ndvi']"
CO_Barranquilla_Ctrl_NE,CO_Barranquilla_Ctrl_NE.tif,0,"[-74.783, 10.976]",5000,90,0.06,"['emissivity_band10', 'emissivity_band11', 'emissivity_band12', 'emissivity_band13', 'emissivity_band14', 'temperature', 'ndvi']"
CO_Barranquilla_Ctrl_NW,CO_Barranquilla_Ctrl_NW.tif,0,"[-74.809, 10.976]",5000,90,0.06,"['emissivity_band10', 'emissivity_band11', 'emissivity_band12', 'emissivity_band13', 'emissivity_band14', 'temperature', 'ndvi']"
CO_Barranquilla_Ctrl_SE,CO_Barranquilla_Ctrl_SE.tif,0,"[-74.783, 10.95]",5000,90,0.06,"['emissivity_band10', 'emissivity_band11', 'emissivity_band12', 'emissivity_band13', 'emissivity_band14', 'temperature', 'ndvi']"
CO_Barranquilla_Ctrl_SW,CO_Barranquilla_Ctrl_SW.tif,0,"[-74.809, 10.95]",5000,90,0.06,"['emissivity_band10', 'emissivity_band11', 'emissivity_band12', 'emissivity_band13', 'emissivity_band14', 'temperature', 'ndvi']"
CO_Cartagena_Ctrl_center,CO_Cartagena_Ctrl_center.tif,0,"[-75.514, 10.391]",5000,90,0.05,"['emissivity_band10', 'emissivity_band11', 'emissivity_band12', 'emissivity_band13', 'emissivity_band14', 'temperature', 'ndvi']"
CO_Cartagena_Ctrl_N,CO_Cartagena_Ctrl_N.tif,0,"[-75.514, 10.404]",5000,90,0.04,"['emissivity_band10', 'emissivity_band11', 'emissivity_band12', 'emissivity_band13', 'emissivity_band14', 'temperature', 'ndvi']"
CO_Cartagena_Ctrl_S,CO_Cartagena_Ctrl_S.tif,0,"[-75.514, 10.378]",5000,90,0.05,"['emissivity_band10', 'emissivity_band11', 'emissivity_band12', 'emissivity_band13', 'emissivity_band14', 'temperature', 'ndvi']"
CO_Cartagena_Ctrl_E,CO_Cartagena_Ctrl_E.tif,0,"[-75.501, 10.391]",5000,90,0.05,"['emissivity_band10', 'emissivity_band11', 'emissivity_band12', 'emissivity_band13', 'emissivity_band14', 'temperature', 'ndvi']"
CO_Cartagena_Ctrl_W,CO_Cartagena_Ctrl_W.tif,0,"[-75.527, 10.391]",5000,90,0.04,"['emissivity_band10', 'emissivity_band11', 'emissivity_band12', 'emissivity_band13', 'emissivity_band14', 'temperature', 'ndvi']"
CO_Cartagena_Ctrl_NE,CO_Cartagena_Ctrl_NE.tif,0,"[-75.501, 10.404]",5000,90,0.05,"['emissivity_band10', 'emissivity_band11', 'emissivity_band12', 'emissivity_band13', 'emissivity_band14', 'temperature', 'ndvi']"
CO_Cartagena_Ctrl_NW,CO_Cartagena_Ctrl_NW.tif,0,"[-75.527, 10.404]",5000,90,0.04,"['emissivity_band10', 'emissivity_band11', 'emissivity_band12', 'emissivity_band13', 'emissivity_band14', 'temperature', 'ndvi']"
CO_Cartagena_Ctrl_SE,CO_Cartagena_Ctrl_SE.tif,0,"[-75.501, 10.378]",5000,90,0.05,"['emissivity_band10', 'emissivity_band11', 'emissivity_band12', 'emissivity_band13', 'emissivity_band14', 'temperature', 'ndvi']"
CO_Cartagena_Ctrl_SW,CO_Cartagena_Ctrl_SW.tif,0,"[-75.527, 10.378]",5000,90,0.04,"['emissivity_band10', 'emissivity_band11', 'emissivity_band12', 'emissivity_band13', 'emissivity_band14', 'temperature', 'ndvi']"
CO_Bucaramanga_Ctrl_center,CO_Bucaramanga_Ctrl_center.tif,0,"[-73.126, 7.119]",5000,90,0.06,"['emissivity_band10', 'emissivity_band11', 'emissivity_band12', 'emissivity_band13', 'emissivity_band14', 'temperature', 'ndvi']"
CO_Bucaramanga_Ctrl_N,CO_Bucaramanga_Ctrl_N.tif,0,"[-73.126, 7.132]",5000,90,0.06,"['emissivity_band10', 'emissivity_band11', 'emissivity_band12', 'emissivity_band13', 'emissivity_band14', 'temperature', 'ndvi']"
CO_Bucaramanga_Ctrl_S,CO_Bucaramanga_Ctrl_S.tif,0,"[-73.126, 7.106]",5000,90,0.06,"['emissivity_band10', 'emissivity_band11', 'emissivity_band12', 'emissivity_band13', 'emissivity_band14', 'temperature', 'ndvi']"
CO_Bucaramanga_Ctrl_E,CO_Bucaramanga_Ctrl_E.tif,0,"[-73.113, 7.119]",5000,90,0.06,"['emissivity_band10', 'emissivity_band11', 'emissivity_band12', 'emissivity_band13', 'emissivity_band14', 'temperature', 'ndvi']"
CO_Bucaramanga_Ctrl_W,CO_Bucaramanga_Ctrl_W.tif,0,"[-73.139, 7.119]",5000,90,0.06,"['emissivity_band10', 'emissivity_band11', 'emissivity_band12', 'emissivity_band13', 'emissivity_band14', 'temperature', 'ndvi']"
CO_Bucaramanga_Ctrl_NE,CO_Bucaramanga_Ctrl_NE.tif,0,"[-73.113, 7.132]",5000,90,0.06,"['emissivity_band10', 'emissivity_band11', 'emissivity_band12', 'emissivity_band13', 'emissivity_band14', 'temperature', 'ndvi']"
CO_Bucaramanga_Ctrl_NW,CO_Bucaramanga_Ctrl_NW.tif,0,"[-73.139, 7.132]",5000,90,0.06,"['emissivity_band10', 'emissivity_band11', 'emissivity_band12', 'emissivity_band13', 'emissivity_band14', 'temperature', 'ndvi']"
CO_Bucaramanga_Ctrl_SE,CO_Bucaramanga_Ctrl_SE.tif,0,"[-73.113, 7.106]",5000,90,0.06,"['emissivity_band10', 'emissivity_band11', 'emissivity_band12', 'emissivity_band13', 'emissivity_band14', 'temperature', 'ndvi']"
CO_Bucaramanga_Ctrl_SW,CO_Bucaramanga_Ctrl_SW.tif,0,"[-73.139, 7.106]",5000,90,0.06,"['emissivity_band10', 'emissivity_band11', 'emissivity_band12', 'emissivity_band13', 'emissivity_band14', 'temperature', 'ndvi']"
CO_Cucuta_Ctrl_center,CO_Cucuta_Ctrl_center.tif,0,"[-72.507, 7.894]",5000,90,0.06,"['emissivity_band10', 'emissivity_band11', 'emissivity_band12', 'emissivity_band13', 'emissivity_band14', 'temperature', 'ndvi']"
CO_Cucuta_Ctrl_N,CO_Cucuta_Ctrl_N.tif,0,"[-72.507, 7.907]",5000,90,0.06,"['emissivity_band10', 'emissivity_band11', 'emissivity_band12', 'emissivity_band13', 'emissivity_band14', 'temperature', 'ndvi']"
CO_Cucuta_Ctrl_S,CO_Cucuta_Ctrl_S.tif,0,"[-72.507, 7.881]",5000,90,0.06,"['emissivity_band10', 'emissivity_band11', 'emissivity_band12', 'emissivity_band13', 'emissivity_band14', 'temperature', 'ndvi']"
CO_Cucuta_Ctrl_E,CO_Cucuta_Ctrl_E.tif,0,"[-72.494, 7.894]",5000,90,0.06,"['emissivity_band10', 'emissivity_band11', 'emissivity_band12', 'emissivity_band13', 'emissivity_band14', 'temperature', 'ndvi']"
CO_Cucuta_Ctrl_W,CO_Cucuta_Ctrl_W.tif,0,"[-72.52, 7.894]",5000,90,0.06,"['emissivity_band10', 'emissivity_band11', 'emissivity_band12', 'emissivity_band13', 'emissivity_band14', 'temperature', 'ndvi']"
CO_Cucuta_Ctrl_NE,CO_Cucuta_Ctrl_NE.tif,0,"[-72.494, 7.907]",5000,90,0.06,"['emissivity_band10', 'emissivity_band11', 'emissivity_band12', 'emissivity_band13', 'emissivity_band14', 'temperature', 'ndvi']"
CO_Cucuta_Ctrl_NW,CO_Cucuta_Ctrl_NW.tif,0,"[-72.52, 7.907]",5000,90,0.06,"['emissivity_band10', 'emissivity_band11', 'emissivity_band12', 'emissivity_band13', 'emissivity_band14', 'temperature', 'ndvi']"
CO_Cucuta_Ctrl_SE,CO_Cucuta_Ctrl_SE.tif,0,"[-72.494, 7.881]",5000,90,0.06,"['emissivity_band10', 'emissivity_band11', 'emissivity_band12', 'emissivity_band13', 'emissivity_band14', 'temperature', 'ndvi']"
CO_Cucuta_Ctrl_SW,CO_Cucuta_Ctrl_SW.tif,0,"[-72.52, 7.881]",5000,90,0.06,"['emissivity_band10', 'emissivity_band11', 'emissivity_band12', 'emissivity_band13', 'emissivity_band14', 'temperature', 'ndvi']"
CO_Tunja_Ctrl_center,CO_Tunja_Ctrl_center.tif,0,"[-73.361, 5.535]",5000,90,0.06,"['emissivity_band10', 'emissivity_band11', 'emissivity_band12', 'emissivity_band13', 'emissivity_band14', 'temperature', 'ndvi']"
CO_Tunja_Ctrl_N,CO_Tunja_Ctrl_N.tif,0,"[-73.361, 5.548]",5000,90,0.06,"['emissivity_band10', 'emissivity_band11', 'emissivity_band12', 'emissivity_band13', 'emissivity_band14', 'temperature', 'ndvi']"
CO_Tunja_Ctrl_S,CO_Tunja_Ctrl_S.tif,0,"[-73.361, 5.522]",5000,90,0.06,"['emissivity_band10', 'emissivity_band11', 'emissivity_band12', 'emissivity_band13', 'emissivity_band14', 'temperature', 'ndvi']"
CO_Tunja_Ctrl_E,CO_Tunja_Ctrl_E.tif,0,"[-73.348, 5.535]",5000,90,0.06,"['emissivity_band10', 'emissivity_band11', 'emissivity_band12', 'emissivity_band13', 'emissivity_band14', 'temperature', 'ndvi']"
CO_Tunja_Ctrl_W,CO_Tunja_Ctrl_W.tif,0,"[-73.374, 5.535]",5000,90,0.06,"['emissivity_band10', 'emissivity_band11', 'emissivity_band12', 'emissivity_band13', 'emissivity_band14', 'temperature', 'ndvi']"
CO_Tunja_Ctrl_NE,CO_Tunja_Ctrl_NE.tif,0,"[-73.348, 5.548]",5000,90,0.06,"['emissivity_band10', 'emissivity_band11', 'emissivity_band12', 'emissivity_band13', 'emissivity_band14', 'temperature', 'ndvi']"
CO_Tunja_Ctrl_NW,CO_Tunja_Ctrl_NW.tif,0,"[-73.374, 5.548]",5000,90,0.06,"['emissivity_band10', 'emissivity_band11', 'emissivity_band12', 'emissivity_band13', 'emissivity_band14', 'temperature', 'ndvi']"
CO_Tunja_Ctrl_SE,CO_Tunja_Ctrl_SE.tif,0,"[-73.348, 5.522]",5000,90,0.06,"['emissivity_band10', 'emissivity_band11', 'emissivity_band12', 'emissivity_band13', 'emissivity_band14', 'temperature', 'ndvi']"
CO_Tunja_Ctrl_SW,CO_Tunja_Ctrl_SW.tif,0,"[-73.374, 5.522]",5000,90,0.06,"['emissivity_band10', 'emissivity_band11', 'emissivity_band12', 'emissivity_band13', 'emissivity_band14', 'temperature', 'ndvi']"
CO_Pasto_Ciudad_Ctrl_center,CO_Pasto_Ciudad_Ctrl_center.tif,0,"[-77.279, 1.214]",5000,90,0.06,"['emissivity_band10', 'emissivity_band11', 'emissivity_band12', 'emissivity_band13', 'emissivity_band14', 'temperature', 'ndvi']"
CO_Pasto_Ciudad_Ctrl_N,CO_Pasto_Ciudad_Ctrl_N.tif,0,"[-77.279, 1.227]",5000,90,0.06,"['emissivity_band10', 'emissivity_band11', 'emissivity_band12', 'emissivity_band13', 'emissivity_band14', 'temperature', 'ndvi']"
CO_Pasto_Ciudad_Ctrl_S,CO_Pasto_Ciudad_Ctrl_S.tif,0,"[-77.279, 1.201]",5000,90,0.06,"['emissivity_band10', 'emissivity_band11', 'emissivity_band12', 'emissivity_band13', 'emissivity_band14', 'temperature', 'ndvi']"
CO_Pasto_Ciudad_Ctrl_E,CO_Pasto_Ciudad_Ctrl_E.tif,0,"[-77.266, 1.214]",5000,90,0.06,"['emissivity_band10', 'emissivity_band11', 'emissivity_band12', 'emissivity_band13', 'emissivity_band14', 'temperature', 'ndvi']"
CO_Pasto_Ciudad_Ctrl_W,CO_Pasto_Ciudad_Ctrl_W.tif,0,"[-77.292, 1.214]",5000,90,0.06,"['emissivity_band10', 'emissivity_band11', 'emissivity_band12', 'emissivity_band13', 'emissivity_band14', 'temperature', 'ndvi']"
CO_Pasto_Ciudad_Ctrl_NE,CO_Pasto_Ciudad_Ctrl_NE.tif,0,"[-77.266, 1.227]",5000,90,0.06,"['emissivity_band10', 'emissivity_band11', 'emissivity_band12', 'emissivity_band13', 'emissivity_band14', 'temperature', 'ndvi']"
CO_Pasto_Ciudad_Ctrl_NW,CO_Pasto_Ciudad_Ctrl_NW.tif,0,"[-77.292, 1.227]",5000,90,0.06,"['emissivity_band10', 'emissivity_band11', 'emissivity_band12', 'emissivity_band13', 'emissivity_band14', 'temperature', 'ndvi']"
CO_Pasto_Ciudad_Ctrl_SE,CO_Pasto_Ciudad_Ctrl_SE.tif,0,"[-77.266, 1.201]",5000,90,0.06,"['emissivity_band10', 'emissivity_band11', 'emissivity_band12', 'emissivity_band13', 'emissivity_band14', 'temperature', 'ndvi']"
CO_Pasto_Ciudad_Ctrl_SW,CO_Pasto_Ciudad_Ctrl_SW.tif,0,"[-77.292, 1.201]",5000,90,0.06,"['emissivity_band10', 'emissivity_band11', 'emissivity_band12', 'emissivity_band13', 'emissivity_band14', 'temperature', 'ndvi']"
CO_Popayan_Ciudad_Ctrl_center,CO_Popayan_Ciudad_Ctrl_center.tif,0,"[-76.606, 2.441]",5000,90,0.06,"['emissivity_band10', 'emissivity_band11', 'emissivity_band12', 'emissivity_band13', 'emissivity_band14', 'temperature', 'ndvi']"
CO_Popayan_Ciudad_Ctrl_N,CO_Popayan_Ciudad_Ctrl_N.tif,0,"[-76.606, 2.454]",5000,90,0.06,"['emissivity_band10', 'emissivity_band11', 'emissivity_band12', 'emissivity_band13', 'emissivity_band14', 'temperature', 'ndvi']"
CO_Popayan_Ciudad_Ctrl_S,CO_Popayan_Ciudad_Ctrl_S.tif,0,"[-76.606, 2.428]",5000,90,0.06,"['emissivity_band10', 'emissivity_band11', 'emissivity_band12', 'emissivity_band13', 'emissivity_band14', 'temperature', 'ndvi']"
CO_Popayan_Ciudad_Ctrl_E,CO_Popayan_Ciudad_Ctrl_E.tif,0,"[-76.593, 2.441]",5000,90,0.06,"['emissivity_band10', 'emissivity_band11', 'emissivity_band12', 'emissivity_band13', 'emissivity_band14', 'temperature', 'ndvi']"
CO_Popayan_Ciudad_Ctrl_W,CO_Popayan_Ciudad_Ctrl_W.tif,0,"[-76.619, 2.441]",5000,90,0.06,"['emissivity_band10', 'emissivity_band11', 'emissivity_band12', 'emissivity_band13', 'emissivity_band14', 'temperature', 'ndvi']"
CO_Popayan_Ciudad_Ctrl_NE,CO_Popayan_Ciudad_Ctrl_NE.tif,0,"[-76.593, 2.454]",5000,90,0.06,"['emissivity_band10', 'emissivity_band11', 'emissivity_band12', 'emissivity_band13', 'emissivity_band14', 'temperature', 'ndvi']"
CO_Popayan_Ciudad_Ctrl_NW,CO_Popayan_Ciudad_Ctrl_NW.tif,0,"[-76.619, 2.454]",5000,90,0.06,"['emissivity_band10', 'emissivity_band11', 'emissivity_band12', 'emissivity_band13', 'emissivity_band14', 'temperature', 'ndvi']"
CO_Popayan_Ciudad_Ctrl_SE,CO_Popayan_Ciudad_Ctrl_SE.tif,0,"[-76.593, 2.428]",5000,90,0.06,"['emissivity_band10', 'emissivity_band11', 'emissivity_band12', 'emissivity_band13', 'emissivity_band14', 'temperature', 'ndvi']"
CO_Popayan_Ciudad_Ctrl_SW,CO_Popayan_Ciudad_Ctrl_SW.tif,0,"[-76.619, 2.428]",5000,90,0.06,"['emissivity_band10', 'emissivity_band11', 'emissivity_band12', 'emissivity_band13', 'emissivity_band14', 'temperature', 'ndvi']"
CO_Neiva_Ctrl_center,CO_Neiva_Ctrl_center.tif,0,"[-75.292, 2.927]",5000,90,0.06,"['emissivity_band10', 'emissivity_band11', 'emissivity_band12', 'emissivity_band13', 'emissivity_band14', 'temperature', 'ndvi']"
CO_Neiva_Ctrl_N,CO_Neiva_Ctrl_N.tif,0,"[-75.292, 2.94]",5000,90,0.06,"['emissivity_band10', 'emissivity_band11', 'emissivity_band12', 'emissivity_band13', 'emissivity_band14', 'temperature', 'ndvi']"
CO_Neiva_Ctrl_S,CO_Neiva_Ctrl_S.tif,0,"[-75.292, 2.914]",5000,90,0.06,"['emissivity_band10', 'emissivity_band11', 'emissivity_band12', 'emissivity_band13', 'emissivity_band14', 'temperature', 'ndvi']"
CO_Neiva_Ctrl_E,CO_Neiva_Ctrl_E.tif,0,"[-75.279, 2.927]",5000,90,0.06,"['emissivity_band10', 'emissivity_band11', 'emissivity_band12', 'emissivity_band13', 'emissivity_band14', 'temperature', 'ndvi']"
CO_Neiva_Ctrl_W,CO_Neiva_Ctrl_W.tif,0,"[-75.305, 2.927]",5000,90,0.06,"['emissivity_band10', 'emissivity_band11', 'emissivity_band12', 'emissivity_band13', 'emissivity_band14', 'temperature', 'ndvi']"
CO_Neiva_Ctrl_NE,CO_Neiva_Ctrl_NE.tif,0,"[-75.279, 2.94]",5000,90,0.06,"['emissivity_band10', 'emissivity_band11', 'emissivity_band12', 'emissivity_band13', 'emissivity_band14', 'temperature', 'ndvi']"
CO_Neiva_Ctrl_NW,CO_Neiva_Ctrl_NW.tif,0,"[-75.305, 2.94]",5000,90,0.06,"['emissivity_band10', 'emissivity_band11', 'emissivity_band12', 'emissivity_band13', 'emissivity_band14', 'temperature', 'ndvi']"
CO_Neiva_Ctrl_SE,CO_Neiva_Ctrl_SE.tif,0,"[-75.279, 2.914]",5000,90,0.06,"['emissivity_band10', 'emissivity_band11', 'emissivity_band12', 'emissivity_band13', 'emissivity_band14', 'temperature', 'ndvi']"
CO_Neiva_Ctrl_SW,CO_Neiva_Ctrl_SW.tif,0,"[-75.305, 2.914]",5000,90,0.06,"['emissivity_band10', 'emissivity_band11', 'emissivity_band12', 'emissivity_band13', 'emissivity_band14', 'temperature', 'ndvi']"
CO_Ibague_Ctrl_center,CO_Ibague_Ctrl_center.tif,0,"[-75.232, 4.438]",5000,90,0.06,"['emissivity_band10', 'emissivity_band11', 'emissivity_band12', 'emissivity_band13', 'emissivity_band14', 'temperature', 'ndvi']"
CO_Ibague_Ctrl_N,CO_Ibague_Ctrl_N.tif,0,"[-75.232, 4.451]",5000,90,0.06,"['emissivity_band10', 'emissivity_band11', 'emissivity_band12', 'emissivity_band13', 'emissivity_band14', 'temperature', 'ndvi']"
CO_Ibague_Ctrl_S,CO_Ibague_Ctrl_S.tif,0,"[-75.232, 4.425]",5000,90,0.06,"['emissivity_band10', 'emissivity_band11', 'emissivity_band12', 'emissivity_band13', 'emissivity_band14', 'temperature', 'ndvi']"
CO_Ibague_Ctrl_E,CO_Ibague_Ctrl_E.tif,0,"[-75.219, 4.438]",5000,90,0.06,"['emissivity_band10', 'emissivity_band11', 'emissivity_band12', 'emissivity_band13', 'emissivity_band14', 'temperature', 'ndvi']"
CO_Ibague_Ctrl_W,CO_Ibague_Ctrl_W.tif,0,"[-75.245, 4.438]",5000,90,0.06,"['emissivity_band10', 'emissivity_band11', 'emissivity_band12', 'emissivity_band13', 'emissivity_band14', 'temperature', 'ndvi']"
CO_Ibague_Ctrl_NE,CO_Ibague_Ctrl_NE.tif,0,"[-75.219, 4.451]",5000,90,0.06,"['emissivity_band10', 'emissivity_band11', 'emissivity_band12', 'emissivity_band13', 'emissivity_band14', 'temperature', 'ndvi']"
CO_Ibague_Ctrl_NW,CO_Ibague_Ctrl_NW.tif,0,"[-75.245, 4.451]",5000,90,0.06,"['emissivity_band10', 'emissivity_band11', 'emissivity_band12', 'emissivity_band13', 'emissivity_band14', 'temperature', 'ndvi']"
CO_Ibague_Ctrl_SE,CO_Ibague_Ctrl_SE.tif,0,"[-75.219, 4.425]",5000,90,0.06,"['emissivity_band10', 'emissivity_band11', 'emissivity_band12', 'emissivity_band13', 'emissivity_band14', 'temperature', 'ndvi']"
CO_Ibague_Ctrl_SW,CO_Ibague_Ctrl_SW.tif,0,"[-75.245, 4.425]",5000,90,0.06,"['emissivity_band10', 'emissivity_band11', 'emissivity_band12', 'emissivity_band13', 'emissivity_band14', 'temperature', 'ndvi']"
CO_Armenia_Ctrl_center,CO_Armenia_Ctrl_center.tif,0,"[-75.681, 4.534]",5000,90,0.06,"['emissivity_band10', 'emissivity_band11', 'emissivity_band12', 'emissivity_band13', 'emissivity_band14', 'temperature', 'ndvi']"
CO_Armenia_Ctrl_N,CO_Armenia_Ctrl_N.tif,0,"[-75.681, 4.547]",5000,90,0.06,"['emissivity_band10', 'emissivity_band11', 'emissivity_band12', 'emissivity_band13', 'emissivity_band14', 'temperature', 'ndvi']"
CO_Armenia_Ctrl_S,CO_Armenia_Ctrl_S.tif,0,"[-75.681, 4.521]",5000,90,0.06,"['emissivity_band10', 'emissivity_band11', 'emissivity_band12', 'emissivity_band13', 'emissivity_band14', 'temperature', 'ndvi']"
CO_Armenia_Ctrl_E,CO_Armenia_Ctrl_E.tif,0,"[-75.668, 4.534]",5000,90,0.06,"['emissivity_band10', 'emissivity_band11', 'emissivity_band12', 'emissivity_band13', 'emissivity_band14', 'temperature', 'ndvi']"
CO_Armenia_Ctrl_W,CO_Armenia_Ctrl_W.tif,0,"[-75.694, 4.534]",5000,90,0.06,"['emissivity_band10', 'emissivity_band11', 'emissivity_band12', 'emissivity_band13', 'emissivity_band14', 'temperature', 'ndvi']"
CO_Armenia_Ctrl_NE,CO_Armenia_Ctrl_NE.tif,0,"[-75.668, 4.547]",5000,90,0.06,"['emissivity_band10', 'emissivity_band11', 'emissivity_band12', 'emissivity_band13', 'emissivity_band14', 'temperature', 'ndvi']"
CO_Armenia_Ctrl_NW,CO_Armenia_Ctrl_NW.tif,0,"[-75.694, 4.547]",5000,90,0.06,"['emissivity_band10', 'emissivity_band11', 'emissivity_band12', 'emissivity_band13', 'emissivity_band14', 'temperature', 'ndvi']"
CO_Armenia_Ctrl_SE,CO_Armenia_Ctrl_SE.tif,0,"[-75.668, 4.521]",5000,90,0.06,"['emissivity_band10', 'emissivity_band11', 'emissivity_band12', 'emissivity_band13', 'emissivity_band14', 'temperature', 'ndvi']"
CO_Armenia_Ctrl_SW,CO_Armenia_Ctrl_SW.tif,0,"[-75.694, 4.521]",5000,90,0.06,"['emissivity_band10', 'emissivity_band11', 'emissivity_band12', 'emissivity_band13', 'emissivity_band14', 'temperature', 'ndvi']"
CO_Pereira_Ctrl_center,CO_Pereira_Ctrl_center.tif,0,"[-75.696, 4.813]",5000,90,0.06,"['emissivity_band10', 'emissivity_band11', 'emissivity_band12', 'emissivity_band13', 'emissivity_band14', 'temperature', 'ndvi']"
CO_Pereira_Ctrl_N,CO_Pereira_Ctrl_N.tif,0,"[-75.696, 4.826]",5000,90,0.06,"['emissivity_band10', 'emissivity_band11', 'emissivity_band12', 'emissivity_band13', 'emissivity_band14', 'temperature', 'ndvi']"
CO_Pereira_Ctrl_S,CO_Pereira_Ctrl_S.tif,0,"[-75.696, 4.8]",5000,90,0.06,"['emissivity_band10', 'emissivity_band11', 'emissivity_band12', 'emissivity_band13', 'emissivity_band14', 'temperature', 'ndvi']"
CO_Pereira_Ctrl_E,CO_Pereira_Ctrl_E.tif,0,"[-75.683, 4.813]",5000,90,0.06,"['emissivity_band10', 'emissivity_band11', 'emissivity_band12', 'emissivity_band13', 'emissivity_band14', 'temperature', 'ndvi']"
CO_Pereira_Ctrl_W,CO_Pereira_Ctrl_W.tif,0,"[-75.709, 4.813]",5000,90,0.06,"['emissivity_band10', 'emissivity_band11', 'emissivity_band12', 'emissivity_band13', 'emissivity_band14', 'temperature', 'ndvi']"
CO_Pereira_Ctrl_NE,CO_Pereira_Ctrl_NE.tif,0,"[-75.683, 4.826]",5000,90,0.06,"['emissivity_band10', 'emissivity_band11', 'emissivity_band12', 'emissivity_band13', 'emissivity_band14', 'temperature', 'ndvi']"
CO_Pereira_Ctrl_NW,CO_Pereira_Ctrl_NW.tif,0,"[-75.709, 4.826]",5000,90,0.06,"['emissivity_band10', 'emissivity_band11', 'emissivity_band12', 'emissivity_band13', 'emissivity_band14', 'temperature', 'ndvi']"
CO_Pereira_Ctrl_SE,CO_Pereira_Ctrl_SE.tif,0,"[-75.683, 4.8]",5000,90,0.06,"['emissivity_band10', 'emissivity_band11', 'emissivity_band12', 'emissivity_band13', 'emissivity_band14', 'temperature', 'ndvi']"
CO_Pereira_Ctrl_SW,CO_Pereira_Ctrl_SW.tif,0,"[-75.709, 4.8]",5000,90,0.06,"['emissivity_band10', 'emissivity_band11', 'emissivity_band12', 'emissivity_band13', 'emissivity_band14', 'temperature', 'ndvi']"
CO_Manizales_Ctrl_center,CO_Manizales_Ctrl_center.tif,0,"[-75.517, 5.069]",5000,90,0.06,"['emissivity_band10', 'emissivity_band11', 'emissivity_band12', 'emissivity_band13', 'emissivity_band14', 'temperature', 'ndvi']"
CO_Manizales_Ctrl_N,CO_Manizales_Ctrl_N.tif,0,"[-75.517, 5.082]",5000,90,0.06,"['emissivity_band10', 'emissivity_band11', 'emissivity_band12', 'emissivity_band13', 'emissivity_band14', 'temperature', 'ndvi']"
CO_Manizales_Ctrl_S,CO_Manizales_Ctrl_S.tif,0,"[-75.517, 5.056]",5000,90,0.06,"['emissivity_band10', 'emissivity_band11', 'emissivity_band12', 'emissivity_band13', 'emissivity_band14', 'temperature', 'ndvi']"
CO_Manizales_Ctrl_E,CO_Manizales_Ctrl_E.tif,0,"[-75.504, 5.069]",5000,90,0.06,"['emissivity_band10', 'emissivity_band11', 'emissivity_band12', 'emissivity_band13', 'emissivity_band14', 'temperature', 'ndvi']"
CO_Manizales_Ctrl_W,CO_Manizales_Ctrl_W.tif,0,"[-75.53, 5.069]",5000,90,0.06,"['emissivity_band10', 'emissivity_band11', 'emissivity_band12', 'emissivity_band13', 'emissivity_band14', 'temperature', 'ndvi']"
CO_Manizales_Ctrl_NE,CO_Manizales_Ctrl_NE.tif,0,"[-75.504, 5.082]",5000,90,0.06,"['emissivity_band10', 'emissivity_band11', 'emissivity_band12', 'emissivity_band13', 'emissivity_band14', 'temperature', 'ndvi']"
CO_Manizales_Ctrl_NW,CO_Manizales_Ctrl_NW.tif,0,"[-75.53, 5.082]",5000,90,0.06,"['emissivity_band10', 'emissivity_band11', 'emissivity_band12', 'emissivity_band13', 'emissivity_band14', 'temperature', 'ndvi']"
CO_Manizales_Ctrl_SE,CO_Manizales_Ctrl_SE.tif,0,"[-75.504, 5.056]",5000,90,0.06,"['emissivity_band10', 'emissivity_band11', 'emissivity_band12', 'emissivity_band13', 'emissivity_band14', 'temperature', 'ndvi']"
CO_Manizales_Ctrl_SW,CO_Manizales_Ctrl_SW.tif,0,"[-75.53, 5.056]",5000,90,0.06,"['emissivity_band10', 'emissivity_band11', 'emissivity_band12', 'emissivity_band13', 'emissivity_band14', 'temperature', 'ndvi']"
EC_Guayaquil_Ctrl_center,EC_Guayaquil_Ctrl_center.tif,0,"[-79.889, -2.187]",5000,90,0.0,"['emissivity_band10', 'emissivity_band11', 'emissivity_band12', 'emissivity_band13', 'emissivity_band14', 'temperature', 'ndvi']"
EC_Guayaquil_Ctrl_N,EC_Guayaquil_Ctrl_N.tif,0,"[-79.889, -2.174]",5000,90,0.0,"['emissivity_band10', 'emissivity_band11', 'emissivity_band12', 'emissivity_band13', 'emissivity_band14', 'temperature', 'ndvi']"
EC_Guayaquil_Ctrl_S,EC_Guayaquil_Ctrl_S.tif,0,"[-79.889, -2.2]",5000,90,0.0,"['emissivity_band10', 'emissivity_band11', 'emissivity_band12', 'emissivity_band13', 'emissivity_band14', 'temperature', 'ndvi']"
EC_Guayaquil_Ctrl_E,EC_Guayaquil_Ctrl_E.tif,0,"[-79.876, -2.187]",5000,90,0.0,"['emissivity_band10', 'emissivity_band11', 'emissivity_band12', 'emissivity_band13', 'emissivity_band14', 'temperature', 'ndvi']"
EC_Guayaquil_Ctrl_W,EC_Guayaquil_Ctrl_W.tif,0,"[-79.902, -2.187]",5000,90,0.0,"['emissivity_band10', 'emissivity_band11', 'emissivity_band12', 'emissivity_band13', 'emissivity_band14', 'temperature', 'ndvi']"
EC_Guayaquil_Ctrl_NE,EC_Guayaquil_Ctrl_NE.tif,0,"[-79.876, -2.174]",5000,90,0.0,"['emissivity_band10', 'emissivity_band11', 'emissivity_band12', 'emissivity_band13', 'emissivity_band14', 'temperature', 'ndvi']"
EC_Guayaquil_Ctrl_NW,EC_Guayaquil_Ctrl_NW.tif,0,"[-79.902, -2.174]",5000,90,0.0,"['emissivity_band10', 'emissivity_band11', 'emissivity_band12', 'emissivity_band13', 'emissivity_band14', 'temperature', 'ndvi']"
EC_Guayaquil_Ctrl_SE,EC_Guayaquil_Ctrl_SE.tif,0,"[-79.876, -2.2]",5000,90,0.0,"['emissivity_band10', 'emissivity_band11', 'emissivity_band12', 'emissivity_band13', 'emissivity_band14', 'temperature', 'ndvi']"
EC_Guayaquil_Ctrl_SW,EC_Guayaquil_Ctrl_SW.tif,0,"[-79.902, -2.2]",5000,90,0.0,"['emissivity_band10', 'emissivity_band11', 'emissivity_band12', 'emissivity_band13', 'emissivity_band14', 'temperature', 'ndvi']"
EC_Quito_Ciudad_Ctrl_center,EC_Quito_Ciudad_Ctrl_center.tif,0,"[-78.525, -0.23]",5000,90,0.06,"['emissivity_band10', 'emissivity_band11', 'emissivity_band12', 'emissivity_band13', 'emissivity_band14', 'temperature', 'ndvi']"
EC_Quito_Ciudad_Ctrl_N,EC_Quito_Ciudad_Ctrl_N.tif,0,"[-78.525, -0.217]",5000,90,0.06,"['emissivity_band10', 'emissivity_band11', 'emissivity_band12', 'emissivity_band13', 'emissivity_band14', 'temperature', 'ndvi']"
EC_Quito_Ciudad_Ctrl_S,EC_Quito_Ciudad_Ctrl_S.tif,0,"[-78.525, -0.243]",5000,90,0.06,"['emissivity_band10', 'emissivity_band11', 'emissivity_band12', 'emissivity_band13', 'emissivity_band14', 'temperature', 'ndvi']"
EC_Quito_Ciudad_Ctrl_E,EC_Quito_Ciudad_Ctrl_E.tif,0,"[-78.512, -0.23]",5000,90,0.06,"['emissivity_band10', 'emissivity_band11', 'emissivity_band12', 'emissivity_band13', 'emissivity_band14', 'temperature', 'ndvi']"
EC_Quito_Ciudad_Ctrl_W,EC_Quito_Ciudad_Ctrl_W.tif,0,"[-78.538, -0.23]",5000,90,0.06,"['emissivity_band10', 'emissivity_band11', 'emissivity_band12', 'emissivity_band13', 'emissivity_band14', 'temperature', 'ndvi']"
EC_Quito_Ciudad_Ctrl_NE,EC_Quito_Ciudad_Ctrl_NE.tif,0,"[-78.512, -0.217]",5000,90,0.06,"['emissivity_band10', 'emissivity_band11', 'emissivity_band12', 'emissivity_band13', 'emissivity_band14', 'temperature', 'ndvi']"
EC_Quito_Ciudad_Ctrl_NW,EC_Quito_Ciudad_Ctrl_NW.tif,0,"[-78.538, -0.217]",5000,90,0.06,"['emissivity_band10', 'emissivity_band11', 'emissivity_band12', 'emissivity_band13', 'emissivity_band14', 'temperature', 'ndvi']"
EC_Quito_Ciudad_Ctrl_SE,EC_Quito_Ciudad_Ctrl_SE.tif,0,"[-78.512, -0.243]",5000,90,0.06,"['emissivity_band10', 'emissivity_band11', 'emissivity_band12', 'emissivity_band13', 'emissivity_band14', 'temperature', 'ndvi']"
EC_Quito_Ciudad_Ctrl_SW,EC_Quito_Ciudad_Ctrl_SW.tif,0,"[-78.538, -0.243]",5000,90,0.06,"['emissivity_band10', 'emissivity_band11', 'emissivity_band12', 'emissivity_band13', 'emissivity_band14', 'temperature', 'ndvi']"
EC_Cuenca_East_Ctrl_center,EC_Cuenca_East_Ctrl_center.tif,0,"[-78.95, -2.9]",5000,90,0.06,"['emissivity_band10', 'emissivity_band11', 'emissivity_band12', 'emissivity_band13', 'emissivity_band14', 'temperature', 'ndvi']"
EC_Cuenca_East_Ctrl_N,EC_Cuenca_East_Ctrl_N.tif,0,"[-78.95, -2.887]",5000,90,0.06,"['emissivity_band10', 'emissivity_band11', 'emissivity_band12', 'emissivity_band13', 'emissivity_band14', 'temperature', 'ndvi']"
EC_Cuenca_East_Ctrl_S,EC_Cuenca_East_Ctrl_S.tif,0,"[-78.95, -2.913]",5000,90,0.06,"['emissivity_band10', 'emissivity_band11', 'emissivity_band12', 'emissivity_band13', 'emissivity_band14', 'temperature', 'ndvi']"
EC_Cuenca_East_Ctrl_E,EC_Cuenca_East_Ctrl_E.tif,0,"[-78.937, -2.9]",5000,90,0.06,"['emissivity_band10', 'emissivity_band11', 'emissivity_band12', 'emissivity_band13', 'emissivity_band14', 'temperature', 'ndvi']"
EC_Cuenca_East_Ctrl_W,EC_Cuenca_East_Ctrl_W.tif,0,"[-78.963, -2.9]",5000,90,0.06,"['emissivity_band10', 'emissivity_band11', 'emissivity_band12', 'emissivity_band13', 'emissivity_band14', 'temperature', 'ndvi']"
EC_Cuenca_East_Ctrl_NE,EC_Cuenca_East_Ctrl_NE.tif,0,"[-78.937, -2.887]",5000,90,0.06,"['emissivity_band10', 'emissivity_band11', 'emissivity_band12', 'emissivity_band13', 'emissivity_band14', 'temperature', 'ndvi']"
EC_Cuenca_East_Ctrl_NW,EC_Cuenca_East_Ctrl_NW.tif,0,"[-78.963, -2.887]",5000,90,0.06,"['emissivity_band10', 'emissivity_band11', 'emissivity_band12', 'emissivity_band13', 'emissivity_band14', 'temperature', 'ndvi']"
EC_Cuenca_East_Ctrl_SE,EC_Cuenca_East_Ctrl_SE.tif,0,"[-78.937, -2.913]",5000,90,0.06,"['emissivity_band10', 'emissivity_band11', 'emissivity_band12', 'emissivity_band13', 'emissivity_band14', 'temperature', 'ndvi']"
EC_Cuenca_East_Ctrl_SW,EC_Cuenca_East_Ctrl_SW.tif,0,"[-78.963, -2.913]",5000,90,0.06,"['emissivity_band10', 'emissivity_band11', 'emissivity_band12', 'emissivity_band13', 'emissivity_band14', 'temperature', 'ndvi']"
EC_Machala_Ctrl_center,EC_Machala_Ctrl_center.tif,0,"[-79.96, -3.26]",5000,90,0.06,"['emissivity_band10', 'emissivity_band11', 'emissivity_band12', 'emissivity_band13', 'emissivity_band14', 'temperature', 'ndvi']"
EC_Machala_Ctrl_N,EC_Machala_Ctrl_N.tif,0,"[-79.96, -3.247]",5000,90,0.06,"['emissivity_band10', 'emissivity_band11', 'emissivity_band12', 'emissivity_band13', 'emissivity_band14', 'temperature', 'ndvi']"
EC_Machala_Ctrl_S,EC_Machala_Ctrl_S.tif,0,"[-79.96, -3.273]",5000,90,0.06,"['emissivity_band10', 'emissivity_band11', 'emissivity_band12', 'emissivity_band13', 'emissivity_band14', 'temperature', 'ndvi']"
EC_Machala_Ctrl_E,EC_Machala_Ctrl_E.tif,0,"[-79.947, -3.26]",5000,90,0.06,"['emissivity_band10', 'emissivity_band11', 'emissivity_band12', 'emissivity_band13', 'emissivity_band14', 'temperature', 'ndvi']"
EC_Machala_Ctrl_W,EC_Machala_Ctrl_W.tif,0,"[-79.973, -3.26]",5000,90,0.05,"['emissivity_band10', 'emissivity_band11', 'emissivity_band12', 'emissivity_band13', 'emissivity_band14', 'temperature', 'ndvi']"
EC_Machala_Ctrl_NE,EC_Machala_Ctrl_NE.tif,0,"[-79.947, -3.247]",5000,90,0.06,"['emissivity_band10', 'emissivity_band11', 'emissivity_band12', 'emissivity_band13', 'emissivity_band14', 'temperature', 'ndvi']"
EC_Machala_Ctrl_NW,EC_Machala_Ctrl_NW.tif,0,"[-79.973, -3.247]",5000,90,0.05,"['emissivity_band10', 'emissivity_band11', 'emissivity_band12', 'emissivity_band13', 'emissivity_band14', 'temperature', 'ndvi']"
EC_Machala_Ctrl_SE,EC_Machala_Ctrl_SE.tif,0,"[-79.947, -3.273]",5000,90,0.06,"['emissivity_band10', 'emissivity_band11', 'emissivity_band12', 'emissivity_band13', 'emissivity_band14', 'temperature', 'ndvi']"
EC_Machala_Ctrl_SW,EC_Machala_Ctrl_SW.tif,0,"[-79.973, -3.273]",5000,90,0.06,"['emissivity_band10', 'emissivity_band11', 'emissivity_band12', 'emissivity_band13', 'emissivity_band14', 'temperature', 'ndvi']"
EC_Esmeraldas_Ctrl_center,EC_Esmeraldas_Ctrl_center.tif,0,"[-79.65, 0.96]",5000,90,0.03,"['emissivity_band10', 'emissivity_band11', 'emissivity_band12', 'emissivity_band13', 'emissivity_band14', 'temperature', 'ndvi']"
EC_Esmeraldas_Ctrl_N,EC_Esmeraldas_Ctrl_N.tif,0,"[-79.65, 0.973]",5000,90,0.03,"['emissivity_band10', 'emissivity_band11', 'emissivity_band12', 'emissivity_band13', 'emissivity_band14', 'temperature', 'ndvi']"
EC_Esmeraldas_Ctrl_S,EC_Esmeraldas_Ctrl_S.tif,0,"[-79.65, 0.947]",5000,90,0.03,"['emissivity_band10', 'emissivity_band11', 'emissivity_band12', 'emissivity_band13', 'emissivity_band14', 'temperature', 'ndvi']"
EC_Esmeraldas_Ctrl_E,EC_Esmeraldas_Ctrl_E.tif,0,"[-79.637, 0.96]",5000,90,0.03,"['emissivity_band10', 'emissivity_band11', 'emissivity_band12', 'emissivity_band13', 'emissivity_band14', 'temperature', 'ndvi']"
EC_Esmeraldas_Ctrl_W,EC_Esmeraldas_Ctrl_W.tif,0,"[-79.663, 0.96]",5000,90,0.03,"['emissivity_band10', 'emissivity_band11', 'emissivity_band12', 'emissivity_band13', 'emissivity_band14', 'temperature', 'ndvi']"
EC_Esmeraldas_Ctrl_NE,EC_Esmeraldas_Ctrl_NE.tif,0,"[-79.637, 0.973]",5000,90,0.03,"['emissivity_band10', 'emissivity_band11', 'emissivity_band12', 'emissivity_band13', 'emissivity_band14', 'temperature', 'ndvi']"
EC_Esmeraldas_Ctrl_NW,EC_Esmeraldas_Ctrl_NW.tif,0,"[-79.663, 0.973]",5000,90,0.03,"['emissivity_band10', 'emissivity_band11', 'emissivity_band12', 'emissivity_band13', 'emissivity_band14', 'temperature', 'ndvi']"
EC_Esmeraldas_Ctrl_SE,EC_Esmeraldas_Ctrl_SE.tif,0,"[-79.637, 0.947]",5000,90,0.03,"['emissivity_band10', 'emissivity_band11', 'emissivity_band12', 'emissivity_band13', 'emissivity_band14', 'temperature', 'ndvi']"
EC_Esmeraldas_Ctrl_SW,EC_Esmeraldas_Ctrl_SW.tif,0,"[-79.663, 0.947]",5000,90,0.03,"['emissivity_band10', 'emissivity_band11', 'emissivity_band12', 'emissivity_band13', 'emissivity_band14', 'temperature', 'ndvi']"
EC_Manta_Ctrl_center,EC_Manta_Ctrl_center.tif,0,"[-80.733, -0.95]",5000,90,0.06,"['emissivity_band10', 'emissivity_band11', 'emissivity_band12', 'emissivity_band13', 'emissivity_band14', 'temperature', 'ndvi']"
EC_Manta_Ctrl_N,EC_Manta_Ctrl_N.tif,0,"[-80.733, -0.937]",5000,90,0.06,"['emissivity_band10', 'emissivity_band11', 'emissivity_band12', 'emissivity_band13', 'emissivity_band14', 'temperature', 'ndvi']"
EC_Manta_Ctrl_S,EC_Manta_Ctrl_S.tif,0,"[-80.733, -0.963]",5000,90,0.06,"['emissivity_band10', 'emissivity_band11', 'emissivity_band12', 'emissivity_band13', 'emissivity_band14', 'temperature', 'ndvi']"
EC_Manta_Ctrl_E,EC_Manta_Ctrl_E.tif,0,"[-80.72, -0.95]",5000,90,0.06,"['emissivity_band10', 'emissivity_band11', 'emissivity_band12', 'emissivity_band13', 'emissivity_band14', 'temperature', 'ndvi']"
EC_Manta_Ctrl_W,EC_Manta_Ctrl_W.tif,0,"[-80.746, -0.95]",5000,90,0.06,"['emissivity_band10', 'emissivity_band11', 'emissivity_band12', 'emissivity_band13', 'emissivity_band14', 'temperature', 'ndvi']"
EC_Manta_Ctrl_NE,EC_Manta_Ctrl_NE.tif,0,"[-80.72, -0.937]",5000,90,0.06,"['emissivity_band10', 'emissivity_band11', 'emissivity_band12', 'emissivity_band13', 'emissivity_band14', 'temperature', 'ndvi']"
EC_Manta_Ctrl_NW,EC_Manta_Ctrl_NW.tif,0,"[-80.746, -0.937]",5000,90,0.05,"['emissivity_band10', 'emissivity_band11', 'emissivity_band12', 'emissivity_band13', 'emissivity_band14', 'temperature', 'ndvi']"
EC_Manta_Ctrl_SE,EC_Manta_Ctrl_SE.tif,0,"[-80.72, -0.963]",5000,90,0.06,"['emissivity_band10', 'emissivity_band11', 'emissivity_band12', 'emissivity_band13', 'emissivity_band14', 'temperature', 'ndvi']"
EC_Manta_Ctrl_SW,EC_Manta_Ctrl_SW.tif,0,"[-80.746, -0.963]",5000,90,0.06,"['emissivity_band10', 'emissivity_band11', 'emissivity_band12', 'emissivity_band13', 'emissivity_band14', 'temperature', 'ndvi']"
EC_Ambato_Ctrl_center,EC_Ambato_Ctrl_center.tif,0,"[-78.63, -1.24]",5000,90,0.06,"['emissivity_band10', 'emissivity_band11', 'emissivity_band12', 'emissivity_band13', 'emissivity_band14', 'temperature', 'ndvi']"
EC_Ambato_Ctrl_N,EC_Ambato_Ctrl_N.tif,0,"[-78.63, -1.227]",5000,90,0.06,"['emissivity_band10', 'emissivity_band11', 'emissivity_band12', 'emissivity_band13', 'emissivity_band14', 'temperature', 'ndvi']"
EC_Ambato_Ctrl_S,EC_Ambato_Ctrl_S.tif,0,"[-78.63, -1.253]",5000,90,0.06,"['emissivity_band10', 'emissivity_band11', 'emissivity_band12', 'emissivity_band13', 'emissivity_band14', 'temperature', 'ndvi']"
EC_Ambato_Ctrl_E,EC_Ambato_Ctrl_E.tif,0,"[-78.617, -1.24]",5000,90,0.06,"['emissivity_band10', 'emissivity_band11', 'emissivity_band12', 'emissivity_band13', 'emissivity_band14', 'temperature', 'ndvi']"
EC_Ambato_Ctrl_W,EC_Ambato_Ctrl_W.tif,0,"[-78.643, -1.24]",5000,90,0.06,"['emissivity_band10', 'emissivity_band11', 'emissivity_band12', 'emissivity_band13', 'emissivity_band14', 'temperature', 'ndvi']"
EC_Ambato_Ctrl_NE,EC_Ambato_Ctrl_NE.tif,0,"[-78.617, -1.227]",5000,90,0.06,"['emissivity_band10', 'emissivity_band11', 'emissivity_band12', 'emissivity_band13', 'emissivity_band14', 'temperature', 'ndvi']"
EC_Ambato_Ctrl_NW,EC_Ambato_Ctrl_NW.tif,0,"[-78.643, -1.227]",5000,90,0.06,"['emissivity_band10', 'emissivity_band11', 'emissivity_band12', 'emissivity_band13', 'emissivity_band14', 'temperature', 'ndvi']"
EC_Ambato_Ctrl_SE,EC_Ambato_Ctrl_SE.tif,0,"[-78.617, -1.253]",5000,90,0.06,"['emissivity_band10', 'emissivity_band11', 'emissivity_band12', 'emissivity_band13', 'emissivity_band14', 'temperature', 'ndvi']"
EC_Ambato_Ctrl_SW,EC_Ambato_Ctrl_SW.tif,0,"[-78.643, -1.253]",5000,90,0.06,"['emissivity_band10', 'emissivity_band11', 'emissivity_band12', 'emissivity_band13', 'emissivity_band14', 'temperature', 'ndvi']"
EC_Riobamba_Ctrl_center,EC_Riobamba_Ctrl_center.tif,0,"[-78.65, -1.67]",5000,90,0.06,"['emissivity_band10', 'emissivity_band11', 'emissivity_band12', 'emissivity_band13', 'emissivity_band14', 'temperature', 'ndvi']"
EC_Riobamba_Ctrl_N,EC_Riobamba_Ctrl_N.tif,0,"[-78.65, -1.657]",5000,90,0.05,"['emissivity_band10', 'emissivity_band11', 'emissivity_band12', 'emissivity_band13', 'emissivity_band14', 'temperature', 'ndvi']"
EC_Riobamba_Ctrl_S,EC_Riobamba_Ctrl_S.tif,0,"[-78.65, -1.683]",5000,90,0.06,"['emissivity_band10', 'emissivity_band11', 'emissivity_band12', 'emissivity_band13', 'emissivity_band14', 'temperature', 'ndvi']"
EC_Riobamba_Ctrl_E,EC_Riobamba_Ctrl_E.tif,0,"[-78.637, -1.67]",5000,90,0.06,"['emissivity_band10', 'emissivity_band11', 'emissivity_band12', 'emissivity_band13', 'emissivity_band14', 'temperature', 'ndvi']"
EC_Riobamba_Ctrl_W,EC_Riobamba_Ctrl_W.tif,0,"[-78.663, -1.67]",5000,90,0.06,"['emissivity_band10', 'emissivity_band11', 'emissivity_band12', 'emissivity_band13', 'emissivity_band14', 'temperature', 'ndvi']"
EC_Riobamba_Ctrl_NE,EC_Riobamba_Ctrl_NE.tif,0,"[-78.637, -1.657]",5000,90,0.06,"['emissivity_band10', 'emissivity_band11', 'emissivity_band12', 'emissivity_band13', 'emissivity_band14', 'temperature', 'ndvi']"
EC_Riobamba_Ctrl_NW,EC_Riobamba_Ctrl_NW.tif,0,"[-78.663, -1.657]",5000,90,0.05,"['emissivity_band10', 'emissivity_band11', 'emissivity_band12', 'emissivity_band13', 'emissivity_band14', 'temperature', 'ndvi']"
EC_Riobamba_Ctrl_SE,EC_Riobamba_Ctrl_SE.tif,0,"[-78.637, -1.683]",5000,90,0.06,"['emissivity_band10', 'emissivity_band11', 'emissivity_band12', 'emissivity_band13', 'emissivity_band14', 'temperature', 'ndvi']"
EC_Riobamba_Ctrl_SW,EC_Riobamba_Ctrl_SW.tif,0,"[-78.663, -1.683]",5000,90,0.06,"['emissivity_band10', 'emissivity_band11', 'emissivity_band12', 'emissivity_band13', 'emissivity_band14', 'temperature', 'ndvi']"
EC_Ibarra_Ctrl_center,EC_Ibarra_Ctrl_center.tif,0,"[-78.12, 0.35]",5000,90,0.06,"['emissivity_band10', 'emissivity_band11', 'emissivity_band12', 'emissivity_band13', 'emissivity_band14', 'temperature', 'ndvi']"
EC_Ibarra_Ctrl_N,EC_Ibarra_Ctrl_N.tif,0,"[-78.12, 0.363]",5000,90,0.06,"['emissivity_band10', 'emissivity_band11', 'emissivity_band12', 'emissivity_band13', 'emissivity_band14', 'temperature', 'ndvi']"
EC_Ibarra_Ctrl_S,EC_Ibarra_Ctrl_S.tif,0,"[-78.12, 0.337]",5000,90,0.06,"['emissivity_band10', 'emissivity_band11', 'emissivity_band12', 'emissivity_band13', 'emissivity_band14', 'temperature', 'ndvi']"
EC_Ibarra_Ctrl_E,EC_Ibarra_Ctrl_E.tif,0,"[-78.107, 0.35]",5000,90,0.06,"['emissivity_band10', 'emissivity_band11', 'emissivity_band12', 'emissivity_band13', 'emissivity_band14', 'temperature', 'ndvi']"
EC_Ibarra_Ctrl_W,EC_Ibarra_Ctrl_W.tif,0,"[-78.133, 0.35]",5000,90,0.06,"['emissivity_band10', 'emissivity_band11', 'emissivity_band12', 'emissivity_band13', 'emissivity_band14', 'temperature', 'ndvi']"
EC_Ibarra_Ctrl_NE,EC_Ibarra_Ctrl_NE.tif,0,"[-78.107, 0.363]",5000,90,0.06,"['emissivity_band10', 'emissivity_band11', 'emissivity_band12', 'emissivity_band13', 'emissivity_band14', 'temperature', 'ndvi']"
EC_Ibarra_Ctrl_NW,EC_Ibarra_Ctrl_NW.tif,0,"[-78.133, 0.363]",5000,90,0.06,"['emissivity_band10', 'emissivity_band11', 'emissivity_band12', 'emissivity_band13', 'emissivity_band14', 'temperature', 'ndvi']"
EC_Ibarra_Ctrl_SE,EC_Ibarra_Ctrl_SE.tif,0,"[-78.107, 0.337]",5000,90,0.06,"['emissivity_band10', 'emissivity_band11', 'emissivity_band12', 'emissivity_band13', 'emissivity_band14', 'temperature', 'ndvi']"
EC_Ibarra_Ctrl_SW,EC_Ibarra_Ctrl_SW.tif,0,"[-78.133, 0.337]",5000,90,0.06,"['emissivity_band10', 'emissivity_band11', 'emissivity_band12', 'emissivity_band13', 'emissivity_band14', 'temperature', 'ndvi']"
EC_Tulcan_Ctrl_center,EC_Tulcan_Ctrl_center.tif,0,"[-77.72, 0.81]",5000,90,0.06,"['emissivity_band10', 'emissivity_band11', 'emissivity_band12', 'emissivity_band13', 'emissivity_band14', 'temperature', 'ndvi']"
EC_Tulcan_Ctrl_N,EC_Tulcan_Ctrl_N.tif,0,"[-77.72, 0.823]",5000,90,0.06,"['emissivity_band10', 'emissivity_band11', 'emissivity_band12', 'emissivity_band13', 'emissivity_band14', 'temperature', 'ndvi']"
EC_Tulcan_Ctrl_S,EC_Tulcan_Ctrl_S.tif,0,"[-77.72, 0.797]",5000,90,0.06,"['emissivity_band10', 'emissivity_band11', 'emissivity_band12', 'emissivity_band13', 'emissivity_band14', 'temperature', 'ndvi']"
EC_Tulcan_Ctrl_E,EC_Tulcan_Ctrl_E.tif,0,"[-77.707, 0.81]",5000,90,0.06,"['emissivity_band10', 'emissivity_band11', 'emissivity_band12', 'emissivity_band13', 'emissivity_band14', 'temperature', 'ndvi']"
EC_Tulcan_Ctrl_W,EC_Tulcan_Ctrl_W.tif,0,"[-77.733, 0.81]",5000,90,0.06,"['emissivity_band10', 'emissivity_band11', 'emissivity_band12', 'emissivity_band13', 'emissivity_band14', 'temperature', 'ndvi']"
EC_Tulcan_Ctrl_NE,EC_Tulcan_Ctrl_NE.tif,0,"[-77.707, 0.823]",5000,90,0.06,"['emissivity_band10', 'emissivity_band11', 'emissivity_band12', 'emissivity_band13', 'emissivity_band14', 'temperature', 'ndvi']"
EC_Tulcan_Ctrl_NW,EC_Tulcan_Ctrl_NW.tif,0,"[-77.733, 0.823]",5000,90,0.06,"['emissivity_band10', 'emissivity_band11', 'emissivity_band12', 'emissivity_band13', 'emissivity_band14', 'temperature', 'ndvi']"
EC_Tulcan_Ctrl_SE,EC_Tulcan_Ctrl_SE.tif,0,"[-77.707, 0.797]",5000,90,0.06,"['emissivity_band10', 'emissivity_band11', 'emissivity_band12', 'emissivity_band13', 'emissivity_band14', 'temperature', 'ndvi']"
EC_Tulcan_Ctrl_SW,EC_Tulcan_Ctrl_SW.tif,0,"[-77.733, 0.797]",5000,90,0.06,"['emissivity_band10', 'emissivity_band11', 'emissivity_band12', 'emissivity_band13', 'emissivity_band14', 'temperature', 'ndvi']"
EC_Quevedo_Ctrl_center,EC_Quevedo_Ctrl_center.tif,0,"[-79.47, -1.02]",5000,90,0.06,"['emissivity_band10', 'emissivity_band11', 'emissivity_band12', 'emissivity_band13', 'emissivity_band14', 'temperature', 'ndvi']"
EC_Quevedo_Ctrl_N,EC_Quevedo_Ctrl_N.tif,0,"[-79.47, -1.007]",5000,90,0.06,"['emissivity_band10', 'emissivity_band11', 'emissivity_band12', 'emissivity_band13', 'emissivity_band14', 'temperature', 'ndvi']"
EC_Quevedo_Ctrl_S,EC_Quevedo_Ctrl_S.tif,0,"[-79.47, -1.033]",5000,90,0.06,"['emissivity_band10', 'emissivity_band11', 'emissivity_band12', 'emissivity_band13', 'emissivity_band14', 'temperature', 'ndvi']"
EC_Quevedo_Ctrl_E,EC_Quevedo_Ctrl_E.tif,0,"[-79.457, -1.02]",5000,90,0.06,"['emissivity_band10', 'emissivity_band11', 'emissivity_band12', 'emissivity_band13', 'emissivity_band14', 'temperature', 'ndvi']"
EC_Quevedo_Ctrl_W,EC_Quevedo_Ctrl_W.tif,0,"[-79.483, -1.02]",5000,90,0.06,"['emissivity_band10', 'emissivity_band11', 'emissivity_band12', 'emissivity_band13', 'emissivity_band14', 'temperature', 'ndvi']"
EC_Quevedo_Ctrl_NE,EC_Quevedo_Ctrl_NE.tif,0,"[-79.457, -1.007]",5000,90,0.06,"['emissivity_band10', 'emissivity_band11', 'emissivity_band12', 'emissivity_band13', 'emissivity_band14', 'temperature', 'ndvi']"
EC_Quevedo_Ctrl_NW,EC_Quevedo_Ctrl_NW.tif,0,"[-79.483, -1.007]",5000,90,0.06,"['emissivity_band10', 'emissivity_band11', 'emissivity_band12', 'emissivity_band13', 'emissivity_band14', 'temperature', 'ndvi']"
EC_Quevedo_Ctrl_SE,EC_Quevedo_Ctrl_SE.tif,0,"[-79.457, -1.033]",5000,90,0.06,"['emissivity_band10', 'emissivity_band11', 'emissivity_band12', 'emissivity_band13', 'emissivity_band14', 'temperature', 'ndvi']"
EC_Quevedo_Ctrl_SW,EC_Quevedo_Ctrl_SW.tif,0,"[-79.483, -1.033]",5000,90,0.06,"['emissivity_band10', 'emissivity_band11', 'emissivity_band12', 'emissivity_band13', 'emissivity_band14', 'temperature', 'ndvi']"
EC_Santo_Domingo_Ctrl_center,EC_Santo_Domingo_Ctrl_center.tif,0,"[-79.174, -0.253]",5000,90,0.04,"['emissivity_band10', 'emissivity_band11', 'emissivity_band12', 'emissivity_band13', 'emissivity_band14', 'temperature', 'ndvi']"
EC_Santo_Domingo_Ctrl_N,EC_Santo_Domingo_Ctrl_N.tif,0,"[-79.174, -0.24]",5000,90,0.03,"['emissivity_band10', 'emissivity_band11', 'emissivity_band12', 'emissivity_band13', 'emissivity_band14', 'temperature', 'ndvi']"
EC_Santo_Domingo_Ctrl_S,EC_Santo_Domingo_Ctrl_S.tif,0,"[-79.174, -0.266]",5000,90,0.04,"['emissivity_band10', 'emissivity_band11', 'emissivity_band12', 'emissivity_band13', 'emissivity_band14', 'temperature', 'ndvi']"
EC_Santo_Domingo_Ctrl_E,EC_Santo_Domingo_Ctrl_E.tif,0,"[-79.161, -0.253]",5000,90,0.04,"['emissivity_band10', 'emissivity_band11', 'emissivity_band12', 'emissivity_band13', 'emissivity_band14', 'temperature', 'ndvi']"
EC_Santo_Domingo_Ctrl_W,EC_Santo_Domingo_Ctrl_W.tif,0,"[-79.187, -0.253]",5000,90,0.04,"['emissivity_band10', 'emissivity_band11', 'emissivity_band12', 'emissivity_band13', 'emissivity_band14', 'temperature', 'ndvi']"
EC_Santo_Domingo_Ctrl_NE,EC_Santo_Domingo_Ctrl_NE.tif,0,"[-79.161, -0.24]",5000,90,0.04,"['emissivity_band10', 'emissivity_band11', 'emissivity_band12', 'emissivity_band13', 'emissivity_band14', 'temperature', 'ndvi']"
EC_Santo_Domingo_Ctrl_NW,EC_Santo_Domingo_Ctrl_NW.tif,0,"[-79.187, -0.24]",5000,90,0.03,"['emissivity_band10', 'emissivity_band11', 'emissivity_band12', 'emissivity_band13', 'emissivity_band14', 'temperature', 'ndvi']"
EC_Santo_Domingo_Ctrl_SE,EC_Santo_Domingo_Ctrl_SE.tif,0,"[-79.161, -0.266]",5000,90,0.04,"['emissivity_band10', 'emissivity_band11', 'emissivity_band12', 'emissivity_band13', 'emissivity_band14', 'temperature', 'ndvi']"
EC_Santo_Domingo_Ctrl_SW,EC_Santo_Domingo_Ctrl_SW.tif,0,"[-79.187, -0.266]",5000,90,0.04,"['emissivity_band10', 'emissivity_band11', 'emissivity_band12', 'emissivity_band13', 'emissivity_band14', 'temperature', 'ndvi']"
EC_Coca_Ctrl_center,EC_Coca_Ctrl_center.tif,0,"[-76.97, -0.47]",5000,90,0.06,"['emissivity_band10', 'emissivity_band11', 'emissivity_band12', 'emissivity_band13', 'emissivity_band14', 'temperature', 'ndvi']"
EC_Coca_Ctrl_N,EC_Coca_Ctrl_N.tif,0,"[-76.97, -0.457]",5000,90,0.06,"['emissivity_band10', 'emissivity_band11', 'emissivity_band12', 'emissivity_band13', 'emissivity_band14', 'temperature', 'ndvi']"
EC_Coca_Ctrl_S,EC_Coca_Ctrl_S.tif,0,"[-76.97, -0.483]",5000,90,0.06,"['emissivity_band10', 'emissivity_band11', 'emissivity_band12', 'emissivity_band13', 'emissivity_band14', 'temperature', 'ndvi']"
EC_Coca_Ctrl_E,EC_Coca_Ctrl_E.tif,0,"[-76.957, -0.47]",5000,90,0.06,"['emissivity_band10', 'emissivity_band11', 'emissivity_band12', 'emissivity_band13', 'emissivity_band14', 'temperature', 'ndvi']"
EC_Coca_Ctrl_W,EC_Coca_Ctrl_W.tif,0,"[-76.983, -0.47]",5000,90,0.06,"['emissivity_band10', 'emissivity_band11', 'emissivity_band12', 'emissivity_band13', 'emissivity_band14', 'temperature', 'ndvi']"
EC_Coca_Ctrl_NE,EC_Coca_Ctrl_NE.tif,0,"[-76.957, -0.457]",5000,90,0.06,"['emissivity_band10', 'emissivity_band11', 'emissivity_band12', 'emissivity_band13', 'emissivity_band14', 'temperature', 'ndvi']"
EC_Coca_Ctrl_NW,EC_Coca_Ctrl_NW.tif,0,"[-76.983, -0.457]",5000,90,0.06,"['emissivity_band10', 'emissivity_band11', 'emissivity_band12', 'emissivity_band13', 'emissivity_band14', 'temperature', 'ndvi']"
EC_Coca_Ctrl_SE,EC_Coca_Ctrl_SE.tif,0,"[-76.957, -0.483]",5000,90,0.06,"['emissivity_band10', 'emissivity_band11', 'emissivity_band12', 'emissivity_band13', 'emissivity_band14', 'temperature', 'ndvi']"
EC_Coca_Ctrl_SW,EC_Coca_Ctrl_SW.tif,0,"[-76.983, -0.483]",5000,90,0.06,"['emissivity_band10', 'emissivity_band11', 'emissivity_band12', 'emissivity_band13', 'emissivity_band14', 'temperature', 'ndvi']"
EC_Macas_Ctrl_center,EC_Macas_Ctrl_center.tif,0,"[-78.12, -2.31]",5000,90,0.06,"['emissivity_band10', 'emissivity_band11', 'emissivity_band12', 'emissivity_band13', 'emissivity_band14', 'temperature', 'ndvi']"
EC_Macas_Ctrl_N,EC_Macas_Ctrl_N.tif,0,"[-78.12, -2.297]",5000,90,0.06,"['emissivity_band10', 'emissivity_band11', 'emissivity_band12', 'emissivity_band13', 'emissivity_band14', 'temperature', 'ndvi']"
EC_Macas_Ctrl_S,EC_Macas_Ctrl_S.tif,0,"[-78.12, -2.323]",5000,90,0.06,"['emissivity_band10', 'emissivity_band11', 'emissivity_band12', 'emissivity_band13', 'emissivity_band14', 'temperature', 'ndvi']"
EC_Macas_Ctrl_E,EC_Macas_Ctrl_E.tif,0,"[-78.107, -2.31]",5000,90,0.06,"['emissivity_band10', 'emissivity_band11', 'emissivity_band12', 'emissivity_band13', 'emissivity_band14', 'temperature', 'ndvi']"
EC_Macas_Ctrl_W,EC_Macas_Ctrl_W.tif,0,"[-78.133, -2.31]",5000,90,0.06,"['emissivity_band10', 'emissivity_band11', 'emissivity_band12', 'emissivity_band13', 'emissivity_band14', 'temperature', 'ndvi']"
EC_Macas_Ctrl_NE,EC_Macas_Ctrl_NE.tif,0,"[-78.107, -2.297]",5000,90,0.06,"['emissivity_band10', 'emissivity_band11', 'emissivity_band12', 'emissivity_band13', 'emissivity_band14', 'temperature', 'ndvi']"
EC_Macas_Ctrl_NW,EC_Macas_Ctrl_NW.tif,0,"[-78.133, -2.297]",5000,90,0.06,"['emissivity_band10', 'emissivity_band11', 'emissivity_band12', 'emissivity_band13', 'emissivity_band14', 'temperature', 'ndvi']"
EC_Macas_Ctrl_SE,EC_Macas_Ctrl_SE.tif,0,"[-78.107, -2.323]",5000,90,0.06,"['emissivity_band10', 'emissivity_band11', 'emissivity_band12', 'emissivity_band13', 'emissivity_band14', 'temperature', 'ndvi']"
EC_Macas_Ctrl_SW,EC_Macas_Ctrl_SW.tif,0,"[-78.133, -2.323]",5000,90,0.06,"['emissivity_band10', 'emissivity_band11', 'emissivity_band12', 'emissivity_band13', 'emissivity_band14', 'temperature', 'ndvi']"
EC_Guaranda_Ctrl_center,EC_Guaranda_Ctrl_center.tif,0,"[-78.99, -1.59]",5000,90,0.06,"['emissivity_band10', 'emissivity_band11', 'emissivity_band12', 'emissivity_band13', 'emissivity_band14', 'temperature', 'ndvi']"
EC_Guaranda_Ctrl_N,EC_Guaranda_Ctrl_N.tif,0,"[-78.99, -1.577]",5000,90,0.06,"['emissivity_band10', 'emissivity_band11', 'emissivity_band12', 'emissivity_band13', 'emissivity_band14', 'temperature', 'ndvi']"
EC_Guaranda_Ctrl_S,EC_Guaranda_Ctrl_S.tif,0,"[-78.99, -1.603]",5000,90,0.06,"['emissivity_band10', 'emissivity_band11', 'emissivity_band12', 'emissivity_band13', 'emissivity_band14', 'temperature', 'ndvi']"
EC_Guaranda_Ctrl_E,EC_Guaranda_Ctrl_E.tif,0,"[-78.977, -1.59]",5000,90,0.06,"['emissivity_band10', 'emissivity_band11', 'emissivity_band12', 'emissivity_band13', 'emissivity_band14', 'temperature', 'ndvi']"
EC_Guaranda_Ctrl_W,EC_Guaranda_Ctrl_W.tif,0,"[-79.003, -1.59]",5000,90,0.06,"['emissivity_band10', 'emissivity_band11', 'emissivity_band12', 'emissivity_band13', 'emissivity_band14', 'temperature', 'ndvi']"
EC_Guaranda_Ctrl_NE,EC_Guaranda_Ctrl_NE.tif,0,"[-78.977, -1.577]",5000,90,0.06,"['emissivity_band10', 'emissivity_band11', 'emissivity_band12', 'emissivity_band13', 'emissivity_band14', 'temperature', 'ndvi']"
EC_Guaranda_Ctrl_NW,EC_Guaranda_Ctrl_NW.tif,0,"[-79.003, -1.577]",5000,90,0.06,"['emissivity_band10', 'emissivity_band11', 'emissivity_band12', 'emissivity_band13', 'emissivity_band14', 'temperature', 'ndvi']"
EC_Guaranda_Ctrl_SE,EC_Guaranda_Ctrl_SE.tif,0,"[-78.977, -1.603]",5000,90,0.06,"['emissivity_band10', 'emissivity_band11', 'emissivity_band12', 'emissivity_band13', 'emissivity_band14', 'temperature', 'ndvi']"
EC_Guaranda_Ctrl_SW,EC_Guaranda_Ctrl_SW.tif,0,"[-79.003, -1.603]",5000,90,0.06,"['emissivity_band10', 'emissivity_band11', 'emissivity_band12', 'emissivity_band13', 'emissivity_band14', 'temperature', 'ndvi']"
EC_Azogues_Ctrl_center,EC_Azogues_Ctrl_center.tif,0,"[-78.85, -2.74]",5000,90,0.06,"['emissivity_band10', 'emissivity_band11', 'emissivity_band12', 'emissivity_band13', 'emissivity_band14', 'temperature', 'ndvi']"
EC_Azogues_Ctrl_N,EC_Azogues_Ctrl_N.tif,0,"[-78.85, -2.727]",5000,90,0.06,"['emissivity_band10', 'emissivity_band11', 'emissivity_band12', 'emissivity_band13', 'emissivity_band14', 'temperature', 'ndvi']"
EC_Azogues_Ctrl_S,EC_Azogues_Ctrl_S.tif,0,"[-78.85, -2.753]",5000,90,0.06,"['emissivity_band10', 'emissivity_band11', 'emissivity_band12', 'emissivity_band13', 'emissivity_band14', 'temperature', 'ndvi']"
EC_Azogues_Ctrl_E,EC_Azogues_Ctrl_E.tif,0,"[-78.837, -2.74]",5000,90,0.06,"['emissivity_band10', 'emissivity_band11', 'emissivity_band12', 'emissivity_band13', 'emissivity_band14', 'temperature', 'ndvi']"
EC_Azogues_Ctrl_W,EC_Azogues_Ctrl_W.tif,0,"[-78.863, -2.74]",5000,90,0.06,"['emissivity_band10', 'emissivity_band11', 'emissivity_band12', 'emissivity_band13', 'emissivity_band14', 'temperature', 'ndvi']"
EC_Azogues_Ctrl_NE,EC_Azogues_Ctrl_NE.tif,0,"[-78.837, -2.727]",5000,90,0.06,"['emissivity_band10', 'emissivity_band11', 'emissivity_band12', 'emissivity_band13', 'emissivity_band14', 'temperature', 'ndvi']"
EC_Azogues_Ctrl_SE,EC_Azogues_Ctrl_SE.tif,0,"[-78.837, -2.753]",5000,90,0.06,"['emissivity_band10', 'emissivity_band11', 'emissivity_band12', 'emissivity_band13', 'emissivity_band14', 'temperature', 'ndvi']"
EC_Azogues_Ctrl_NW,EC_Azogues_Ctrl_NW.tif,0,"[-78.863, -2.727]",5000,90,0.06,"['emissivity_band10', 'emissivity_band11', 'emissivity_band12', 'emissivity_band13', 'emissivity_band14', 'temperature', 'ndvi']"
EC_Azogues_Ctrl_SW,EC_Azogues_Ctrl_SW.tif,0,"[-78.863, -2.753]",5000,90,0.06,"['emissivity_band10', 'emissivity_band11', 'emissivity_band12', 'emissivity_band13', 'emissivity_band14', 'temperature', 'ndvi']"
EC_Salinas_Ciudad_Ctrl_center,EC_Salinas_Ciudad_Ctrl_center.tif,0,"[-80.95, -2.21]",5000,90,0.01,"['emissivity_band10', 'emissivity_band11', 'emissivity_band12', 'emissivity_band13', 'emissivity_band14', 'temperature', 'ndvi']"
EC_Salinas_Ciudad_Ctrl_N,EC_Salinas_Ciudad_Ctrl_N.tif,0,"[-80.95, -2.197]",5000,90,0.01,"['emissivity_band10', 'emissivity_band11', 'emissivity_band12', 'emissivity_band13', 'emissivity_band14', 'temperature', 'ndvi']"
EC_Salinas_Ciudad_Ctrl_S,EC_Salinas_Ciudad_Ctrl_S.tif,0,"[-80.95, -2.223]",5000,90,0.01,"['emissivity_band10', 'emissivity_band11', 'emissivity_band12', 'emissivity_band13', 'emissivity_band14', 'temperature', 'ndvi']"
EC_Salinas_Ciudad_Ctrl_E,EC_Salinas_Ciudad_Ctrl_E.tif,0,"[-80.937, -2.21]",5000,90,0.01,"['emissivity_band10', 'emissivity_band11', 'emissivity_band12', 'emissivity_band13', 'emissivity_band14', 'temperature', 'ndvi']"
EC_Salinas_Ciudad_Ctrl_W,EC_Salinas_Ciudad_Ctrl_W.tif,0,"[-80.963, -2.21]",5000,90,0.01,"['emissivity_band10', 'emissivity_band11', 'emissivity_band12', 'emissivity_band13', 'emissivity_band14', 'temperature', 'ndvi']"
EC_Salinas_Ciudad_Ctrl_NE,EC_Salinas_Ciudad_Ctrl_NE.tif,0,"[-80.937, -2.197]",5000,90,0.01,"['emissivity_band10', 'emissivity_band11', 'emissivity_band12', 'emissivity_band13', 'emissivity_band14', 'temperature', 'ndvi']"
EC_Salinas_Ciudad_Ctrl_NW,EC_Salinas_Ciudad_Ctrl_NW.tif,0,"[-80.963, -2.197]",5000,90,0.01,"['emissivity_band10', 'emissivity_band11', 'emissivity_band12', 'emissivity_band13', 'emissivity_band14', 'temperature', 'ndvi']"
EC_Salinas_Ciudad_Ctrl_SE,EC_Salinas_Ciudad_Ctrl_SE.tif,0,"[-80.937, -2.223]",5000,90,0.01,"['emissivity_band10', 'emissivity_band11', 'emissivity_band12', 'emissivity_band13', 'emissivity_band14', 'temperature', 'ndvi']"
EC_Salinas_Ciudad_Ctrl_SW,EC_Salinas_Ciudad_Ctrl_SW.tif,0,"[-80.963, -2.223]",5000,90,0.01,"['emissivity_band10', 'emissivity_band11', 'emissivity_band12', 'emissivity_band13', 'emissivity_band14', 'temperature', 'ndvi']"
EC_Playas_Ctrl_center,EC_Playas_Ctrl_center.tif,0,"[-80.39, -2.63]",5000,90,0.05,"['emissivity_band10', 'emissivity_band11', 'emissivity_band12', 'emissivity_band13', 'emissivity_band14', 'temperature', 'ndvi']"
EC_Playas_Ctrl_N,EC_Playas_Ctrl_N.tif,0,"[-80.39, -2.617]",5000,90,0.06,"['emissivity_band10', 'emissivity_band11', 'emissivity_band12', 'emissivity_band13', 'emissivity_band14', 'temperature', 'ndvi']"
EC_Playas_Ctrl_S,EC_Playas_Ctrl_S.tif,0,"[-80.39, -2.643]",5000,90,0.05,"['emissivity_band10', 'emissivity_band11', 'emissivity_band12', 'emissivity_band13', 'emissivity_band14', 'temperature', 'ndvi']"
EC_Playas_Ctrl_E,EC_Playas_Ctrl_E.tif,0,"[-80.377, -2.63]",5000,90,0.05,"['emissivity_band10', 'emissivity_band11', 'emissivity_band12', 'emissivity_band13', 'emissivity_band14', 'temperature', 'ndvi']"
EC_Playas_Ctrl_W,EC_Playas_Ctrl_W.tif,0,"[-80.403, -2.63]",5000,90,0.05,"['emissivity_band10', 'emissivity_band11', 'emissivity_band12', 'emissivity_band13', 'emissivity_band14', 'temperature', 'ndvi']"
EC_Playas_Ctrl_NE,EC_Playas_Ctrl_NE.tif,0,"[-80.377, -2.617]",5000,90,0.06,"['emissivity_band10', 'emissivity_band11', 'emissivity_band12', 'emissivity_band13', 'emissivity_band14', 'temperature', 'ndvi']"
EC_Playas_Ctrl_NW,EC_Playas_Ctrl_NW.tif,0,"[-80.403, -2.617]",5000,90,0.06,"['emissivity_band10', 'emissivity_band11', 'emissivity_band12', 'emissivity_band13', 'emissivity_band14', 'temperature', 'ndvi']"
EC_Playas_Ctrl_SE,EC_Playas_Ctrl_SE.tif,0,"[-80.377, -2.643]",5000,90,0.05,"['emissivity_band10', 'emissivity_band11', 'emissivity_band12', 'emissivity_band13', 'emissivity_band14', 'temperature', 'ndvi']"
EC_Playas_Ctrl_SW,EC_Playas_Ctrl_SW.tif,0,"[-80.403, -2.643]",5000,90,0.04,"['emissivity_band10', 'emissivity_band11', 'emissivity_band12', 'emissivity_band13', 'emissivity_band14', 'temperature', 'ndvi']"
EC_Jipijapa_Ctrl_center,EC_Jipijapa_Ctrl_center.tif,0,"[-80.58, -1.35]",5000,90,0.03,"['emissivity_band10', 'emissivity_band11', 'emissivity_band12', 'emissivity_band13', 'emissivity_band14', 'temperature', 'ndvi']"
EC_Jipijapa_Ctrl_N,EC_Jipijapa_Ctrl_N.tif,0,"[-80.58, -1.337]",5000,90,0.03,"['emissivity_band10', 'emissivity_band11', 'emissivity_band12', 'emissivity_band13', 'emissivity_band14', 'temperature', 'ndvi']"
EC_Jipijapa_Ctrl_S,EC_Jipijapa_Ctrl_S.tif,0,"[-80.58, -1.363]",5000,90,0.03,"['emissivity_band10', 'emissivity_band11', 'emissivity_band12', 'emissivity_band13', 'emissivity_band14', 'temperature', 'ndvi']"
EC_Jipijapa_Ctrl_E,EC_Jipijapa_Ctrl_E.tif,0,"[-80.567, -1.35]",5000,90,0.03,"['emissivity_band10', 'emissivity_band11', 'emissivity_band12', 'emissivity_band13', 'emissivity_band14', 'temperature', 'ndvi']"
EC_Jipijapa_Ctrl_W,EC_Jipijapa_Ctrl_W.tif,0,"[-80.593, -1.35]",5000,90,0.03,"['emissivity_band10', 'emissivity_band11', 'emissivity_band12', 'emissivity_band13', 'emissivity_band14', 'temperature', 'ndvi']"
EC_Jipijapa_Ctrl_NE,EC_Jipijapa_Ctrl_NE.tif,0,"[-80.567, -1.337]",5000,90,0.03,"['emissivity_band10', 'emissivity_band11', 'emissivity_band12', 'emissivity_band13', 'emissivity_band14', 'temperature', 'ndvi']"
EC_Jipijapa_Ctrl_NW,EC_Jipijapa_Ctrl_NW.tif,0,"[-80.593, -1.337]",5000,90,0.04,"['emissivity_band10', 'emissivity_band11', 'emissivity_band12', 'emissivity_band13', 'emissivity_band14', 'temperature', 'ndvi']"
EC_Jipijapa_Ctrl_SE,EC_Jipijapa_Ctrl_SE.tif,0,"[-80.567, -1.363]",5000,90,0.02,"['emissivity_band10', 'emissivity_band11', 'emissivity_band12', 'emissivity_band13', 'emissivity_band14', 'temperature', 'ndvi']"
EC_Jipijapa_Ctrl_SW,EC_Jipijapa_Ctrl_SW.tif,0,"[-80.593, -1.363]",5000,90,0.03,"['emissivity_band10', 'emissivity_band11', 'emissivity_band12', 'emissivity_band13', 'emissivity_band14', 'temperature', 'ndvi']"
EC_Chone_Ctrl_center,EC_Chone_Ctrl_center.tif,0,"[-80.09, -0.69]",5000,90,0.05,"['emissivity_band10', 'emissivity_band11', 'emissivity_band12', 'emissivity_band13', 'emissivity_band14', 'temperature', 'ndvi']"
EC_Chone_Ctrl_N,EC_Chone_Ctrl_N.tif,0,"[-80.09, -0.677]",5000,90,0.06,"['emissivity_band10', 'emissivity_band11', 'emissivity_band12', 'emissivity_band13', 'emissivity_band14', 'temperature', 'ndvi']"
EC_Chone_Ctrl_S,EC_Chone_Ctrl_S.tif,0,"[-80.09, -0.703]",5000,90,0.05,"['emissivity_band10', 'emissivity_band11', 'emissivity_band12', 'emissivity_band13', 'emissivity_band14', 'temperature', 'ndvi']"
EC_Chone_Ctrl_E,EC_Chone_Ctrl_E.tif,0,"[-80.077, -0.69]",5000,90,0.05,"['emissivity_band10', 'emissivity_band11', 'emissivity_band12', 'emissivity_band13', 'emissivity_band14', 'temperature', 'ndvi']"
EC_Chone_Ctrl_W,EC_Chone_Ctrl_W.tif,0,"[-80.103, -0.69]",5000,90,0.06,"['emissivity_band10', 'emissivity_band11', 'emissivity_band12', 'emissivity_band13', 'emissivity_band14', 'temperature', 'ndvi']"
EC_Chone_Ctrl_NE,EC_Chone_Ctrl_NE.tif,0,"[-80.077, -0.677]",5000,90,0.05,"['emissivity_band10', 'emissivity_band11', 'emissivity_band12', 'emissivity_band13', 'emissivity_band14', 'temperature', 'ndvi']"
EC_Chone_Ctrl_NW,EC_Chone_Ctrl_NW.tif,0,"[-80.103, -0.677]",5000,90,0.06,"['emissivity_band10', 'emissivity_band11', 'emissivity_band12', 'emissivity_band13', 'emissivity_band14', 'temperature', 'ndvi']"
EC_Chone_Ctrl_SE,EC_Chone_Ctrl_SE.tif,0,"[-80.077, -0.703]",5000,90,0.05,"['emissivity_band10', 'emissivity_band11', 'emissivity_band12', 'emissivity_band13', 'emissivity_band14', 'temperature', 'ndvi']"
EC_Chone_Ctrl_SW,EC_Chone_Ctrl_SW.tif,0,"[-80.103, -0.703]",5000,90,0.06,"['emissivity_band10', 'emissivity_band11', 'emissivity_band12', 'emissivity_band13', 'emissivity_band14', 'temperature', 'ndvi']"
EC_Pedernales_Ctrl_center,EC_Pedernales_Ctrl_center.tif,0,"[-80.05, 0.07]",5000,90,0.06,"['emissivity_band10', 'emissivity_band11', 'emissivity_band12', 'emissivity_band13', 'emissivity_band14', 'temperature', 'ndvi']"
EC_Pedernales_Ctrl_N,EC_Pedernales_Ctrl_N.tif,0,"[-80.05, 0.083]",5000,90,0.06,"['emissivity_band10', 'emissivity_band11', 'emissivity_band12', 'emissivity_band13', 'emissivity_band14', 'temperature', 'ndvi']"
EC_Pedernales_Ctrl_S,EC_Pedernales_Ctrl_S.tif,0,"[-80.05, 0.057]",5000,90,0.06,"['emissivity_band10', 'emissivity_band11', 'emissivity_band12', 'emissivity_band13', 'emissivity_band14', 'temperature', 'ndvi']"
EC_Pedernales_Ctrl_E,EC_Pedernales_Ctrl_E.tif,0,"[-80.037, 0.07]",5000,90,0.06,"['emissivity_band10', 'emissivity_band11', 'emissivity_band12', 'emissivity_band13', 'emissivity_band14', 'temperature', 'ndvi']"
EC_Pedernales_Ctrl_W,EC_Pedernales_Ctrl_W.tif,0,"[-80.063, 0.07]",5000,90,0.06,"['emissivity_band10', 'emissivity_band11', 'emissivity_band12', 'emissivity_band13', 'emissivity_band14', 'temperature', 'ndvi']"
EC_Pedernales_Ctrl_NE,EC_Pedernales_Ctrl_NE.tif,0,"[-80.037, 0.083]",5000,90,0.06,"['emissivity_band10', 'emissivity_band11', 'emissivity_band12', 'emissivity_band13', 'emissivity_band14', 'temperature', 'ndvi']"
EC_Pedernales_Ctrl_NW,EC_Pedernales_Ctrl_NW.tif,0,"[-80.063, 0.083]",5000,90,0.06,"['emissivity_band10', 'emissivity_band11', 'emissivity_band12', 'emissivity_band13', 'emissivity_band14', 'temperature', 'ndvi']"
EC_Pedernales_Ctrl_SE,EC_Pedernales_Ctrl_SE.tif,0,"[-80.037, 0.057]",5000,90,0.05,"['emissivity_band10', 'emissivity_band11', 'emissivity_band12', 'emissivity_band13', 'emissivity_band14', 'temperature', 'ndvi']"
EC_Pedernales_Ctrl_SW,EC_Pedernales_Ctrl_SW.tif,0,"[-80.063, 0.057]",5000,90,0.06,"['emissivity_band10', 'emissivity_band11', 'emissivity_band12', 'emissivity_band13', 'emissivity_band14', 'temperature', 'ndvi']"
EC_Muisne_Ctrl_center,EC_Muisne_Ctrl_center.tif,0,"[-80.02, 0.61]",5000,90,0.02,"['emissivity_band10', 'emissivity_band11', 'emissivity_band12', 'emissivity_band13', 'emissivity_band14', 'temperature', 'ndvi']"
EC_Muisne_Ctrl_N,EC_Muisne_Ctrl_N.tif,0,"[-80.02, 0.623]",5000,90,0.01,"['emissivity_band10', 'emissivity_band11', 'emissivity_band12', 'emissivity_band13', 'emissivity_band14', 'temperature', 'ndvi']"
EC_Muisne_Ctrl_S,EC_Muisne_Ctrl_S.tif,0,"[-80.02, 0.597]",5000,90,0.02,"['emissivity_band10', 'emissivity_band11', 'emissivity_band12', 'emissivity_band13', 'emissivity_band14', 'temperature', 'ndvi']"
EC_Muisne_Ctrl_E,EC_Muisne_Ctrl_E.tif,0,"[-80.007, 0.61]",5000,90,0.02,"['emissivity_band10', 'emissivity_band11', 'emissivity_band12', 'emissivity_band13', 'emissivity_band14', 'temperature', 'ndvi']"
EC_Muisne_Ctrl_W,EC_Muisne_Ctrl_W.tif,0,"[-80.033, 0.61]",5000,90,0.02,"['emissivity_band10', 'emissivity_band11', 'emissivity_band12', 'emissivity_band13', 'emissivity_band14', 'temperature', 'ndvi']"
EC_Muisne_Ctrl_NE,EC_Muisne_Ctrl_NE.tif,0,"[-80.007, 0.623]",5000,90,0.01,"['emissivity_band10', 'emissivity_band11', 'emissivity_band12', 'emissivity_band13', 'emissivity_band14', 'temperature', 'ndvi']"
EC_Muisne_Ctrl_NW,EC_Muisne_Ctrl_NW.tif,0,"[-80.033, 0.623]",5000,90,0.01,"['emissivity_band10', 'emissivity_band11', 'emissivity_band12', 'emissivity_band13', 'emissivity_band14', 'temperature', 'ndvi']"
EC_Muisne_Ctrl_SE,EC_Muisne_Ctrl_SE.tif,0,"[-80.007, 0.597]",5000,90,0.02,"['emissivity_band10', 'emissivity_band11', 'emissivity_band12', 'emissivity_band13', 'emissivity_band14', 'temperature', 'ndvi']"
EC_Muisne_Ctrl_SW,EC_Muisne_Ctrl_SW.tif,0,"[-80.033, 0.597]",5000,90,0.02,"['emissivity_band10', 'emissivity_band11', 'emissivity_band12', 'emissivity_band13', 'emissivity_band14', 'temperature', 'ndvi']"
PE_Lima_North_Ctrl_center,PE_Lima_North_Ctrl_center.tif,0,"[-77.08, -11.95]",5000,90,0.06,"['emissivity_band10', 'emissivity_band11', 'emissivity_band12', 'emissivity_band13', 'emissivity_band14', 'temperature', 'ndvi']"
PE_Lima_North_Ctrl_N,PE_Lima_North_Ctrl_N.tif,0,"[-77.08, -11.937]",5000,90,0.06,"['emissivity_band10', 'emissivity_band11', 'emissivity_band12', 'emissivity_band13', 'emissivity_band14', 'temperature', 'ndvi']"
PE_Lima_North_Ctrl_S,PE_Lima_North_Ctrl_S.tif,0,"[-77.08, -11.963]",5000,90,0.06,"['emissivity_band10', 'emissivity_band11', 'emissivity_band12', 'emissivity_band13', 'emissivity_band14', 'temperature', 'ndvi']"
PE_Lima_North_Ctrl_E,PE_Lima_North_Ctrl_E.tif,0,"[-77.067, -11.95]",5000,90,0.06,"['emissivity_band10', 'emissivity_band11', 'emissivity_band12', 'emissivity_band13', 'emissivity_band14', 'temperature', 'ndvi']"
PE_Lima_North_Ctrl_W,PE_Lima_North_Ctrl_W.tif,0,"[-77.093, -11.95]",5000,90,0.06,"['emissivity_band10', 'emissivity_band11', 'emissivity_band12', 'emissivity_band13', 'emissivity_band14', 'temperature', 'ndvi']"
PE_Lima_North_Ctrl_NE,PE_Lima_North_Ctrl_NE.tif,0,"[-77.067, -11.937]",5000,90,0.06,"['emissivity_band10', 'emissivity_band11', 'emissivity_band12', 'emissivity_band13', 'emissivity_band14', 'temperature', 'ndvi']"
PE_Lima_North_Ctrl_NW,PE_Lima_North_Ctrl_NW.tif,0,"[-77.093, -11.937]",5000,90,0.06,"['emissivity_band10', 'emissivity_band11', 'emissivity_band12', 'emissivity_band13', 'emissivity_band14', 'temperature', 'ndvi']"
PE_Lima_North_Ctrl_SE,PE_Lima_North_Ctrl_SE.tif,0,"[-77.067, -11.963]",5000,90,0.06,"['emissivity_band10', 'emissivity_band11', 'emissivity_band12', 'emissivity_band13', 'emissivity_band14', 'temperature', 'ndvi']"
PE_Lima_North_Ctrl_SW,PE_Lima_North_Ctrl_SW.tif,0,"[-77.093, -11.963]",5000,90,0.06,"['emissivity_band10', 'emissivity_band11', 'emissivity_band12', 'emissivity_band13', 'emissivity_band14', 'temperature', 'ndvi']"
PE_Sullana_Ctrl_center,PE_Sullana_Ctrl_center.tif,0,"[-80.69, -4.9]",5000,90,0.06,"['emissivity_band10', 'emissivity_band11', 'emissivity_band12', 'emissivity_band13', 'emissivity_band14', 'temperature', 'ndvi']"
PE_Sullana_Ctrl_N,PE_Sullana_Ctrl_N.tif,0,"[-80.69, -4.887]",5000,90,0.06,"['emissivity_band10', 'emissivity_band11', 'emissivity_band12', 'emissivity_band13', 'emissivity_band14', 'temperature', 'ndvi']"
PE_Sullana_Ctrl_S,PE_Sullana_Ctrl_S.tif,0,"[-80.69, -4.913]",5000,90,0.06,"['emissivity_band10', 'emissivity_band11', 'emissivity_band12', 'emissivity_band13', 'emissivity_band14', 'temperature', 'ndvi']"
PE_Sullana_Ctrl_E,PE_Sullana_Ctrl_E.tif,0,"[-80.677, -4.9]",5000,90,0.06,"['emissivity_band10', 'emissivity_band11', 'emissivity_band12', 'emissivity_band13', 'emissivity_band14', 'temperature', 'ndvi']"
PE_Sullana_Ctrl_W,PE_Sullana_Ctrl_W.tif,0,"[-80.703, -4.9]",5000,90,0.06,"['emissivity_band10', 'emissivity_band11', 'emissivity_band12', 'emissivity_band13', 'emissivity_band14', 'temperature', 'ndvi']"
PE_Sullana_Ctrl_NE,PE_Sullana_Ctrl_NE.tif,0,"[-80.677, -4.887]",5000,90,0.06,"['emissivity_band10', 'emissivity_band11', 'emissivity_band12', 'emissivity_band13', 'emissivity_band14', 'temperature', 'ndvi']"
PE_Sullana_Ctrl_NW,PE_Sullana_Ctrl_NW.tif,0,"[-80.703, -4.887]",5000,90,0.06,"['emissivity_band10', 'emissivity_band11', 'emissivity_band12', 'emissivity_band13', 'emissivity_band14', 'temperature', 'ndvi']"
PE_Sullana_Ctrl_SE,PE_Sullana_Ctrl_SE.tif,0,"[-80.677, -4.913]",5000,90,0.06,"['emissivity_band10', 'emissivity_band11', 'emissivity_band12', 'emissivity_band13', 'emissivity_band14', 'temperature', 'ndvi']"
PE_Sullana_Ctrl_SW,PE_Sullana_Ctrl_SW.tif,0,"[-80.703, -4.913]",5000,90,0.06,"['emissivity_band10', 'emissivity_band11', 'emissivity_band12', 'emissivity_band13', 'emissivity_band14', 'temperature', 'ndvi']"
PE_Paita_Ctrl_center,PE_Paita_Ctrl_center.tif,0,"[-81.11, -5.09]",5000,90,0.05,"['emissivity_band10', 'emissivity_band11', 'emissivity_band12', 'emissivity_band13', 'emissivity_band14', 'temperature', 'ndvi']"
PE_Paita_Ctrl_N,PE_Paita_Ctrl_N.tif,0,"[-81.11, -5.077]",5000,90,0.04,"['emissivity_band10', 'emissivity_band11', 'emissivity_band12', 'emissivity_band13', 'emissivity_band14', 'temperature', 'ndvi']"
PE_Paita_Ctrl_S,PE_Paita_Ctrl_S.tif,0,"[-81.11, -5.103]",5000,90,0.05,"['emissivity_band10', 'emissivity_band11', 'emissivity_band12', 'emissivity_band13', 'emissivity_band14', 'temperature', 'ndvi']"
PE_Paita_Ctrl_E,PE_Paita_Ctrl_E.tif,0,"[-81.097, -5.09]",5000,90,0.05,"['emissivity_band10', 'emissivity_band11', 'emissivity_band12', 'emissivity_band13', 'emissivity_band14', 'temperature', 'ndvi']"
PE_Paita_Ctrl_W,PE_Paita_Ctrl_W.tif,0,"[-81.123, -5.09]",5000,90,0.05,"['emissivity_band10', 'emissivity_band11', 'emissivity_band12', 'emissivity_band13', 'emissivity_band14', 'temperature', 'ndvi']"
PE_Paita_Ctrl_NE,PE_Paita_Ctrl_NE.tif,0,"[-81.097, -5.077]",5000,90,0.05,"['emissivity_band10', 'emissivity_band11', 'emissivity_band12', 'emissivity_band13', 'emissivity_band14', 'temperature', 'ndvi']"
PE_Paita_Ctrl_NW,PE_Paita_Ctrl_NW.tif,0,"[-81.123, -5.077]",5000,90,0.04,"['emissivity_band10', 'emissivity_band11', 'emissivity_band12', 'emissivity_band13', 'emissivity_band14', 'temperature', 'ndvi']"
PE_Paita_Ctrl_SE,PE_Paita_Ctrl_SE.tif,0,"[-81.097, -5.103]",5000,90,0.05,"['emissivity_band10', 'emissivity_band11', 'emissivity_band12', 'emissivity_band13', 'emissivity_band14', 'temperature', 'ndvi']"
PE_Paita_Ctrl_SW,PE_Paita_Ctrl_SW.tif,0,"[-81.123, -5.103]",5000,90,0.05,"['emissivity_band10', 'emissivity_band11', 'emissivity_band12', 'emissivity_band13', 'emissivity_band14', 'temperature', 'ndvi']"
PE_Lambayeque_Ctrl_center,PE_Lambayeque_Ctrl_center.tif,0,"[-79.91, -6.71]",5000,90,0.06,"['emissivity_band10', 'emissivity_band11', 'emissivity_band12', 'emissivity_band13', 'emissivity_band14', 'temperature', 'ndvi']"
PE_Lambayeque_Ctrl_N,PE_Lambayeque_Ctrl_N.tif,0,"[-79.91, -6.697]",5000,90,0.06,"['emissivity_band10', 'emissivity_band11', 'emissivity_band12', 'emissivity_band13', 'emissivity_band14', 'temperature', 'ndvi']"
PE_Lambayeque_Ctrl_S,PE_Lambayeque_Ctrl_S.tif,0,"[-79.91, -6.723]",5000,90,0.06,"['emissivity_band10', 'emissivity_band11', 'emissivity_band12', 'emissivity_band13', 'emissivity_band14', 'temperature', 'ndvi']"
PE_Lambayeque_Ctrl_E,PE_Lambayeque_Ctrl_E.tif,0,"[-79.897, -6.71]",5000,90,0.06,"['emissivity_band10', 'emissivity_band11', 'emissivity_band12', 'emissivity_band13', 'emissivity_band14', 'temperature', 'ndvi']"
PE_Lambayeque_Ctrl_W,PE_Lambayeque_Ctrl_W.tif,0,"[-79.923, -6.71]",5000,90,0.06,"['emissivity_band10', 'emissivity_band11', 'emissivity_band12', 'emissivity_band13', 'emissivity_band14', 'temperature', 'ndvi']"
PE_Lambayeque_Ctrl_NE,PE_Lambayeque_Ctrl_NE.tif,0,"[-79.897, -6.697]",5000,90,0.06,"['emissivity_band10', 'emissivity_band11', 'emissivity_band12', 'emissivity_band13', 'emissivity_band14', 'temperature', 'ndvi']"
PE_Lambayeque_Ctrl_NW,PE_Lambayeque_Ctrl_NW.tif,0,"[-79.923, -6.697]",5000,90,0.06,"['emissivity_band10', 'emissivity_band11', 'emissivity_band12', 'emissivity_band13', 'emissivity_band14', 'temperature', 'ndvi']"
PE_Lambayeque_Ctrl_SE,PE_Lambayeque_Ctrl_SE.tif,0,"[-79.897, -6.723]",5000,90,0.06,"['emissivity_band10', 'emissivity_band11', 'emissivity_band12', 'emissivity_band13', 'emissivity_band14', 'temperature', 'ndvi']"
PE_Lambayeque_Ctrl_SW,PE_Lambayeque_Ctrl_SW.tif,0,"[-79.923, -6.723]",5000,90,0.06,"['emissivity_band10', 'emissivity_band11', 'emissivity_band12', 'emissivity_band13', 'emissivity_band14', 'temperature', 'ndvi']"
PE_Chepen_Ctrl_center,PE_Chepen_Ctrl_center.tif,0,"[-79.43, -7.23]",5000,90,0.06,"['emissivity_band10', 'emissivity_band11', 'emissivity_band12', 'emissivity_band13', 'emissivity_band14', 'temperature', 'ndvi']"
PE_Chepen_Ctrl_N,PE_Chepen_Ctrl_N.tif,0,"[-79.43, -7.217]",5000,90,0.06,"['emissivity_band10', 'emissivity_band11', 'emissivity_band12', 'emissivity_band13', 'emissivity_band14', 'temperature', 'ndvi']"
PE_Chepen_Ctrl_S,PE_Chepen_Ctrl_S.tif,0,"[-79.43, -7.243]",5000,90,0.06,"['emissivity_band10', 'emissivity_band11', 'emissivity_band12', 'emissivity_band13', 'emissivity_band14', 'temperature', 'ndvi']"
PE_Chepen_Ctrl_E,PE_Chepen_Ctrl_E.tif,0,"[-79.417, -7.23]",5000,90,0.06,"['emissivity_band10', 'emissivity_band11', 'emissivity_band12', 'emissivity_band13', 'emissivity_band14', 'temperature', 'ndvi']"
PE_Chepen_Ctrl_W,PE_Chepen_Ctrl_W.tif,0,"[-79.443, -7.23]",5000,90,0.06,"['emissivity_band10', 'emissivity_band11', 'emissivity_band12', 'emissivity_band13', 'emissivity_band14', 'temperature', 'ndvi']"
PE_Chepen_Ctrl_NE,PE_Chepen_Ctrl_NE.tif,0,"[-79.417, -7.217]",5000,90,0.06,"['emissivity_band10', 'emissivity_band11', 'emissivity_band12', 'emissivity_band13', 'emissivity_band14', 'temperature', 'ndvi']"
PE_Chepen_Ctrl_NW,PE_Chepen_Ctrl_NW.tif,0,"[-79.443, -7.217]",5000,90,0.06,"['emissivity_band10', 'emissivity_band11', 'emissivity_band12', 'emissivity_band13', 'emissivity_band14', 'temperature', 'ndvi']"
PE_Chepen_Ctrl_SE,PE_Chepen_Ctrl_SE.tif,0,"[-79.417, -7.243]",5000,90,0.06,"['emissivity_band10', 'emissivity_band11', 'emissivity_band12', 'emissivity_band13', 'emissivity_band14', 'temperature', 'ndvi']"
PE_Chepen_Ctrl_SW,PE_Chepen_Ctrl_SW.tif,0,"[-79.443, -7.243]",5000,90,0.06,"['emissivity_band10', 'emissivity_band11', 'emissivity_band12', 'emissivity_band13', 'emissivity_band14', 'temperature', 'ndvi']"
PE_Huacho_Ctrl_center,PE_Huacho_Ctrl_center.tif,0,"[-77.61, -11.11]",5000,90,0.05,"['emissivity_band10', 'emissivity_band11', 'emissivity_band12', 'emissivity_band13', 'emissivity_band14', 'temperature', 'ndvi']"
PE_Huacho_Ctrl_N,PE_Huacho_Ctrl_N.tif,0,"[-77.61, -11.097]",5000,90,0.06,"['emissivity_band10', 'emissivity_band11', 'emissivity_band12', 'emissivity_band13', 'emissivity_band14', 'temperature', 'ndvi']"
PE_Huacho_Ctrl_S,PE_Huacho_Ctrl_S.tif,0,"[-77.61, -11.123]",5000,90,0.05,"['emissivity_band10', 'emissivity_band11', 'emissivity_band12', 'emissivity_band13', 'emissivity_band14', 'temperature', 'ndvi']"
PE_Huacho_Ctrl_E,PE_Huacho_Ctrl_E.tif,0,"[-77.597, -11.11]",5000,90,0.06,"['emissivity_band10', 'emissivity_band11', 'emissivity_band12', 'emissivity_band13', 'emissivity_band14', 'temperature', 'ndvi']"
PE_Huacho_Ctrl_W,PE_Huacho_Ctrl_W.tif,0,"[-77.623, -11.11]",5000,90,0.05,"['emissivity_band10', 'emissivity_band11', 'emissivity_band12', 'emissivity_band13', 'emissivity_band14', 'temperature', 'ndvi']"
PE_Huacho_Ctrl_NE,PE_Huacho_Ctrl_NE.tif,0,"[-77.597, -11.097]",5000,90,0.06,"['emissivity_band10', 'emissivity_band11', 'emissivity_band12', 'emissivity_band13', 'emissivity_band14', 'temperature', 'ndvi']"
PE_Huacho_Ctrl_NW,PE_Huacho_Ctrl_NW.tif,0,"[-77.623, -11.097]",5000,90,0.05,"['emissivity_band10', 'emissivity_band11', 'emissivity_band12', 'emissivity_band13', 'emissivity_band14', 'temperature', 'ndvi']"
PE_Huacho_Ctrl_SE,PE_Huacho_Ctrl_SE.tif,0,"[-77.597, -11.123]",5000,90,0.05,"['emissivity_band10', 'emissivity_band11', 'emissivity_band12', 'emissivity_band13', 'emissivity_band14', 'temperature', 'ndvi']"
PE_Huacho_Ctrl_SW,PE_Huacho_Ctrl_SW.tif,0,"[-77.623, -11.123]",5000,90,0.05,"['emissivity_band10', 'emissivity_band11', 'emissivity_band12', 'emissivity_band13', 'emissivity_band14', 'temperature', 'ndvi']"
PE_Chincha_Ctrl_center,PE_Chincha_Ctrl_center.tif,0,"[-76.13, -13.46]",5000,90,0.06,"['emissivity_band10', 'emissivity_band11', 'emissivity_band12', 'emissivity_band13', 'emissivity_band14', 'temperature', 'ndvi']"
PE_Chincha_Ctrl_N,PE_Chincha_Ctrl_N.tif,0,"[-76.13, -13.447]",5000,90,0.06,"['emissivity_band10', 'emissivity_band11', 'emissivity_band12', 'emissivity_band13', 'emissivity_band14', 'temperature', 'ndvi']"
PE_Chincha_Ctrl_S,PE_Chincha_Ctrl_S.tif,0,"[-76.13, -13.473]",5000,90,0.06,"['emissivity_band10', 'emissivity_band11', 'emissivity_band12', 'emissivity_band13', 'emissivity_band14', 'temperature', 'ndvi']"
PE_Chincha_Ctrl_E,PE_Chincha_Ctrl_E.tif,0,"[-76.117, -13.46]",5000,90,0.06,"['emissivity_band10', 'emissivity_band11', 'emissivity_band12', 'emissivity_band13', 'emissivity_band14', 'temperature', 'ndvi']"
PE_Chincha_Ctrl_W,PE_Chincha_Ctrl_W.tif,0,"[-76.143, -13.46]",5000,90,0.06,"['emissivity_band10', 'emissivity_band11', 'emissivity_band12', 'emissivity_band13', 'emissivity_band14', 'temperature', 'ndvi']"
PE_Chincha_Ctrl_NE,PE_Chincha_Ctrl_NE.tif,0,"[-76.117, -13.447]",5000,90,0.06,"['emissivity_band10', 'emissivity_band11', 'emissivity_band12', 'emissivity_band13', 'emissivity_band14', 'temperature', 'ndvi']"
PE_Chincha_Ctrl_NW,PE_Chincha_Ctrl_NW.tif,0,"[-76.143, -13.447]",5000,90,0.06,"['emissivity_band10', 'emissivity_band11', 'emissivity_band12', 'emissivity_band13', 'emissivity_band14', 'temperature', 'ndvi']"
PE_Chincha_Ctrl_SE,PE_Chincha_Ctrl_SE.tif,0,"[-76.117, -13.473]",5000,90,0.06,"['emissivity_band10', 'emissivity_band11', 'emissivity_band12', 'emissivity_band13', 'emissivity_band14', 'temperature', 'ndvi']"
PE_Chincha_Ctrl_SW,PE_Chincha_Ctrl_SW.tif,0,"[-76.143, -13.473]",5000,90,0.06,"['emissivity_band10', 'emissivity_band11', 'emissivity_band12', 'emissivity_band13', 'emissivity_band14', 'temperature', 'ndvi']"
PE_Pisco_Ctrl_center,PE_Pisco_Ctrl_center.tif,0,"[-76.22, -13.71]",5000,90,0.04,"['emissivity_band10', 'emissivity_band11', 'emissivity_band12', 'emissivity_band13', 'emissivity_band14', 'temperature', 'ndvi']"
PE_Pisco_Ctrl_N,PE_Pisco_Ctrl_N.tif,0,"[-76.22, -13.697]",5000,90,0.04,"['emissivity_band10', 'emissivity_band11', 'emissivity_band12', 'emissivity_band13', 'emissivity_band14', 'temperature', 'ndvi']"
PE_Pisco_Ctrl_S,PE_Pisco_Ctrl_S.tif,0,"[-76.22, -13.723]",5000,90,0.04,"['emissivity_band10', 'emissivity_band11', 'emissivity_band12', 'emissivity_band13', 'emissivity_band14', 'temperature', 'ndvi']"
PE_Pisco_Ctrl_E,PE_Pisco_Ctrl_E.tif,0,"[-76.207, -13.71]",5000,90,0.05,"['emissivity_band10', 'emissivity_band11', 'emissivity_band12', 'emissivity_band13', 'emissivity_band14', 'temperature', 'ndvi']"
PE_Pisco_Ctrl_W,PE_Pisco_Ctrl_W.tif,0,"[-76.233, -13.71]",5000,90,0.04,"['emissivity_band10', 'emissivity_band11', 'emissivity_band12', 'emissivity_band13', 'emissivity_band14', 'temperature', 'ndvi']"
PE_Pisco_Ctrl_NE,PE_Pisco_Ctrl_NE.tif,0,"[-76.207, -13.697]",5000,90,0.05,"['emissivity_band10', 'emissivity_band11', 'emissivity_band12', 'emissivity_band13', 'emissivity_band14', 'temperature', 'ndvi']"
PE_Pisco_Ctrl_NW,PE_Pisco_Ctrl_NW.tif,0,"[-76.233, -13.697]",5000,90,0.04,"['emissivity_band10', 'emissivity_band11', 'emissivity_band12', 'emissivity_band13', 'emissivity_band14', 'temperature', 'ndvi']"
PE_Pisco_Ctrl_SE,PE_Pisco_Ctrl_SE.tif,0,"[-76.207, -13.723]",5000,90,0.05,"['emissivity_band10', 'emissivity_band11', 'emissivity_band12', 'emissivity_band13', 'emissivity_band14', 'temperature', 'ndvi']"
PE_Pisco_Ctrl_SW,PE_Pisco_Ctrl_SW.tif,0,"[-76.233, -13.723]",5000,90,0.04,"['emissivity_band10', 'emissivity_band11', 'emissivity_band12', 'emissivity_band13', 'emissivity_band14', 'temperature', 'ndvi']"
PE_Camana_Ctrl_center,PE_Camana_Ctrl_center.tif,0,"[-72.71, -16.62]",5000,90,0.05,"['emissivity_band10', 'emissivity_band11', 'emissivity_band12', 'emissivity_band13', 'emissivity_band14', 'temperature', 'ndvi']"
PE_Camana_Ctrl_N,PE_Camana_Ctrl_N.tif,0,"[-72.71, -16.607]",5000,90,0.06,"['emissivity_band10', 'emissivity_band11', 'emissivity_band12', 'emissivity_band13', 'emissivity_band14', 'temperature', 'ndvi']"
PE_Camana_Ctrl_S,PE_Camana_Ctrl_S.tif,0,"[-72.71, -16.633]",5000,90,0.05,"['emissivity_band10', 'emissivity_band11', 'emissivity_band12', 'emissivity_band13', 'emissivity_band14', 'temperature', 'ndvi']"
PE_Camana_Ctrl_E,PE_Camana_Ctrl_E.tif,0,"[-72.697, -16.62]",5000,90,0.06,"['emissivity_band10', 'emissivity_band11', 'emissivity_band12', 'emissivity_band13', 'emissivity_band14', 'temperature', 'ndvi']"
PE_Camana_Ctrl_W,PE_Camana_Ctrl_W.tif,0,"[-72.723, -16.62]",5000,90,0.05,"['emissivity_band10', 'emissivity_band11', 'emissivity_band12', 'emissivity_band13', 'emissivity_band14', 'temperature', 'ndvi']"
PE_Camana_Ctrl_NE,PE_Camana_Ctrl_NE.tif,0,"[-72.697, -16.607]",5000,90,0.06,"['emissivity_band10', 'emissivity_band11', 'emissivity_band12', 'emissivity_band13', 'emissivity_band14', 'temperature', 'ndvi']"
PE_Camana_Ctrl_NW,PE_Camana_Ctrl_NW.tif,0,"[-72.723, -16.607]",5000,90,0.06,"['emissivity_band10', 'emissivity_band11', 'emissivity_band12', 'emissivity_band13', 'emissivity_band14', 'temperature', 'ndvi']"
PE_Camana_Ctrl_SE,PE_Camana_Ctrl_SE.tif,0,"[-72.697, -16.633]",5000,90,0.05,"['emissivity_band10', 'emissivity_band11', 'emissivity_band12', 'emissivity_band13', 'emissivity_band14', 'temperature', 'ndvi']"
PE_Camana_Ctrl_SW,PE_Camana_Ctrl_SW.tif,0,"[-72.723, -16.633]",5000,90,0.05,"['emissivity_band10', 'emissivity_band11', 'emissivity_band12', 'emissivity_band13', 'emissivity_band14', 'temperature', 'ndvi']"
PE_Mollendo_Ctrl_center,PE_Mollendo_Ctrl_center.tif,0,"[-72.01, -17.02]",5000,90,0.05,"['emissivity_band10', 'emissivity_band11', 'emissivity_band12', 'emissivity_band13', 'emissivity_band14', 'temperature', 'ndvi']"
PE_Mollendo_Ctrl_N,PE_Mollendo_Ctrl_N.tif,0,"[-72.01, -17.007]",5000,90,0.05,"['emissivity_band10', 'emissivity_band11', 'emissivity_band12', 'emissivity_band13', 'emissivity_band14', 'temperature', 'ndvi']"
PE_Mollendo_Ctrl_S,PE_Mollendo_Ctrl_S.tif,0,"[-72.01, -17.033]",5000,90,0.04,"['emissivity_band10', 'emissivity_band11', 'emissivity_band12', 'emissivity_band13', 'emissivity_band14', 'temperature', 'ndvi']"
PE_Mollendo_Ctrl_E,PE_Mollendo_Ctrl_E.tif,0,"[-71.997, -17.02]",5000,90,0.05,"['emissivity_band10', 'emissivity_band11', 'emissivity_band12', 'emissivity_band13', 'emissivity_band14', 'temperature', 'ndvi']"
PE_Mollendo_Ctrl_W,PE_Mollendo_Ctrl_W.tif,0,"[-72.023, -17.02]",5000,90,0.04,"['emissivity_band10', 'emissivity_band11', 'emissivity_band12', 'emissivity_band13', 'emissivity_band14', 'temperature', 'ndvi']"
PE_Mollendo_Ctrl_NE,PE_Mollendo_Ctrl_NE.tif,0,"[-71.997, -17.007]",5000,90,0.05,"['emissivity_band10', 'emissivity_band11', 'emissivity_band12', 'emissivity_band13', 'emissivity_band14', 'temperature', 'ndvi']"
PE_Mollendo_Ctrl_NW,PE_Mollendo_Ctrl_NW.tif,0,"[-72.023, -17.007]",5000,90,0.05,"['emissivity_band10', 'emissivity_band11', 'emissivity_band12', 'emissivity_band13', 'emissivity_band14', 'temperature', 'ndvi']"
PE_Mollendo_Ctrl_SE,PE_Mollendo_Ctrl_SE.tif,0,"[-71.997, -17.033]",5000,90,0.04,"['emissivity_band10', 'emissivity_band11', 'emissivity_band12', 'emissivity_band13', 'emissivity_band14', 'temperature', 'ndvi']"
PE_Mollendo_Ctrl_SW,PE_Mollendo_Ctrl_SW.tif,0,"[-72.023, -17.033]",5000,90,0.04,"['emissivity_band10', 'emissivity_band11', 'emissivity_band12', 'emissivity_band13', 'emissivity_band14', 'temperature', 'ndvi']"
PE_Ilo_Ctrl_center,PE_Ilo_Ctrl_center.tif,0,"[-71.34, -17.64]",5000,90,0.04,"['emissivity_band10', 'emissivity_band11', 'emissivity_band12', 'emissivity_band13', 'emissivity_band14', 'temperature', 'ndvi']"
PE_Ilo_Ctrl_S,PE_Ilo_Ctrl_S.tif,0,"[-71.34, -17.653]",5000,90,0.05,"['emissivity_band10', 'emissivity_band11', 'emissivity_band12', 'emissivity_band13', 'emissivity_band14', 'temperature', 'ndvi']"
PE_Ilo_Ctrl_N,PE_Ilo_Ctrl_N.tif,0,"[-71.34, -17.627]",5000,90,0.04,"['emissivity_band10', 'emissivity_band11', 'emissivity_band12', 'emissivity_band13', 'emissivity_band14', 'temperature', 'ndvi']"
PE_Ilo_Ctrl_E,PE_Ilo_Ctrl_E.tif,0,"[-71.327, -17.64]",5000,90,0.05,"['emissivity_band10', 'emissivity_band11', 'emissivity_band12', 'emissivity_band13', 'emissivity_band14', 'temperature', 'ndvi']"
PE_Ilo_Ctrl_W,PE_Ilo_Ctrl_W.tif,0,"[-71.353, -17.64]",5000,90,0.04,"['emissivity_band10', 'emissivity_band11', 'emissivity_band12', 'emissivity_band13', 'emissivity_band14', 'temperature', 'ndvi']"
PE_Ilo_Ctrl_NE,PE_Ilo_Ctrl_NE.tif,0,"[-71.327, -17.627]",5000,90,0.05,"['emissivity_band10', 'emissivity_band11', 'emissivity_band12', 'emissivity_band13', 'emissivity_band14', 'temperature', 'ndvi']"
PE_Ilo_Ctrl_NW,PE_Ilo_Ctrl_NW.tif,0,"[-71.353, -17.627]",5000,90,0.04,"['emissivity_band10', 'emissivity_band11', 'emissivity_band12', 'emissivity_band13', 'emissivity_band14', 'temperature', 'ndvi']"
PE_Ilo_Ctrl_SE,PE_Ilo_Ctrl_SE.tif,0,"[-71.327, -17.653]",5000,90,0.05,"['emissivity_band10', 'emissivity_band11', 'emissivity_band12', 'emissivity_band13', 'emissivity_band14', 'temperature', 'ndvi']"
PE_Ilo_Ctrl_SW,PE_Ilo_Ctrl_SW.tif,0,"[-71.353, -17.653]",5000,90,0.04,"['emissivity_band10', 'emissivity_band11', 'emissivity_band12', 'emissivity_band13', 'emissivity_band14', 'temperature', 'ndvi']"
PE_Moquegua_Ctrl_center,PE_Moquegua_Ctrl_center.tif,0,"[-70.93, -17.19]",5000,90,0.05,"['emissivity_band10', 'emissivity_band11', 'emissivity_band12', 'emissivity_band13', 'emissivity_band14', 'temperature', 'ndvi']"
PE_Moquegua_Ctrl_N,PE_Moquegua_Ctrl_N.tif,0,"[-70.93, -17.177]",5000,90,0.05,"['emissivity_band10', 'emissivity_band11', 'emissivity_band12', 'emissivity_band13', 'emissivity_band14', 'temperature', 'ndvi']"
PE_Moquegua_Ctrl_S,PE_Moquegua_Ctrl_S.tif,0,"[-70.93, -17.203]",5000,90,0.05,"['emissivity_band10', 'emissivity_band11', 'emissivity_band12', 'emissivity_band13', 'emissivity_band14', 'temperature', 'ndvi']"
PE_Moquegua_Ctrl_E,PE_Moquegua_Ctrl_E.tif,0,"[-70.917, -17.19]",5000,90,0.05,"['emissivity_band10', 'emissivity_band11', 'emissivity_band12', 'emissivity_band13', 'emissivity_band14', 'temperature', 'ndvi']"
PE_Moquegua_Ctrl_W,PE_Moquegua_Ctrl_W.tif,0,"[-70.943, -17.19]",5000,90,0.05,"['emissivity_band10', 'emissivity_band11', 'emissivity_band12', 'emissivity_band13', 'emissivity_band14', 'temperature', 'ndvi']"
PE_Moquegua_Ctrl_NE,PE_Moquegua_Ctrl_NE.tif,0,"[-70.917, -17.177]",5000,90,0.05,"['emissivity_band10', 'emissivity_band11', 'emissivity_band12', 'emissivity_band13', 'emissivity_band14', 'temperature', 'ndvi']"
PE_Moquegua_Ctrl_NW,PE_Moquegua_Ctrl_NW.tif,0,"[-70.943, -17.177]",5000,90,0.05,"['emissivity_band10', 'emissivity_band11', 'emissivity_band12', 'emissivity_band13', 'emissivity_band14', 'temperature', 'ndvi']"
PE_Moquegua_Ctrl_SE,PE_Moquegua_Ctrl_SE.tif,0,"[-70.917, -17.203]",5000,90,0.05,"['emissivity_band10', 'emissivity_band11', 'emissivity_band12', 'emissivity_band13', 'emissivity_band14', 'temperature', 'ndvi']"
PE_Moquegua_Ctrl_SW,PE_Moquegua_Ctrl_SW.tif,0,"[-70.943, -17.203]",5000,90,0.05,"['emissivity_band10', 'emissivity_band11', 'emissivity_band12', 'emissivity_band13', 'emissivity_band14', 'temperature', 'ndvi']"
PE_Abancay_Ctrl_center,PE_Abancay_Ctrl_center.tif,0,"[-72.88, -13.64]",5000,90,0.06,"['emissivity_band10', 'emissivity_band11', 'emissivity_band12', 'emissivity_band13', 'emissivity_band14', 'temperature', 'ndvi']"
PE_Abancay_Ctrl_N,PE_Abancay_Ctrl_N.tif,0,"[-72.88, -13.627]",5000,90,0.06,"['emissivity_band10', 'emissivity_band11', 'emissivity_band12', 'emissivity_band13', 'emissivity_band14', 'temperature', 'ndvi']"
PE_Abancay_Ctrl_S,PE_Abancay_Ctrl_S.tif,0,"[-72.88, -13.653]",5000,90,0.06,"['emissivity_band10', 'emissivity_band11', 'emissivity_band12', 'emissivity_band13', 'emissivity_band14', 'temperature', 'ndvi']"
PE_Abancay_Ctrl_E,PE_Abancay_Ctrl_E.tif,0,"[-72.867, -13.64]",5000,90,0.06,"['emissivity_band10', 'emissivity_band11', 'emissivity_band12', 'emissivity_band13', 'emissivity_band14', 'temperature', 'ndvi']"
PE_Abancay_Ctrl_W,PE_Abancay_Ctrl_W.tif,0,"[-72.893, -13.64]",5000,90,0.06,"['emissivity_band10', 'emissivity_band11', 'emissivity_band12', 'emissivity_band13', 'emissivity_band14', 'temperature', 'ndvi']"
PE_Abancay_Ctrl_NE,PE_Abancay_Ctrl_NE.tif,0,"[-72.867, -13.627]",5000,90,0.06,"['emissivity_band10', 'emissivity_band11', 'emissivity_band12', 'emissivity_band13', 'emissivity_band14', 'temperature', 'ndvi']"
PE_Abancay_Ctrl_NW,PE_Abancay_Ctrl_NW.tif,0,"[-72.893, -13.627]",5000,90,0.06,"['emissivity_band10', 'emissivity_band11', 'emissivity_band12', 'emissivity_band13', 'emissivity_band14', 'temperature', 'ndvi']"
PE_Abancay_Ctrl_SE,PE_Abancay_Ctrl_SE.tif,0,"[-72.867, -13.653]",5000,90,0.06,"['emissivity_band10', 'emissivity_band11', 'emissivity_band12', 'emissivity_band13', 'emissivity_band14', 'temperature', 'ndvi']"
PE_Abancay_Ctrl_SW,PE_Abancay_Ctrl_SW.tif,0,"[-72.893, -13.653]",5000,90,0.06,"['emissivity_band10', 'emissivity_band11', 'emissivity_band12', 'emissivity_band13', 'emissivity_band14', 'temperature', 'ndvi']"
PE_Huanuco_Ctrl_center,PE_Huanuco_Ctrl_center.tif,0,"[-76.23, -9.93]",5000,90,0.06,"['emissivity_band10', 'emissivity_band11', 'emissivity_band12', 'emissivity_band13', 'emissivity_band14', 'temperature', 'ndvi']"
PE_Huanuco_Ctrl_N,PE_Huanuco_Ctrl_N.tif,0,"[-76.23, -9.917]",5000,90,0.06,"['emissivity_band10', 'emissivity_band11', 'emissivity_band12', 'emissivity_band13', 'emissivity_band14', 'temperature', 'ndvi']"
PE_Huanuco_Ctrl_S,PE_Huanuco_Ctrl_S.tif,0,"[-76.23, -9.943]",5000,90,0.06,"['emissivity_band10', 'emissivity_band11', 'emissivity_band12', 'emissivity_band13', 'emissivity_band14', 'temperature', 'ndvi']"
PE_Huanuco_Ctrl_E,PE_Huanuco_Ctrl_E.tif,0,"[-76.217, -9.93]",5000,90,0.06,"['emissivity_band10', 'emissivity_band11', 'emissivity_band12', 'emissivity_band13', 'emissivity_band14', 'temperature', 'ndvi']"
PE_Huanuco_Ctrl_W,PE_Huanuco_Ctrl_W.tif,0,"[-76.243, -9.93]",5000,90,0.06,"['emissivity_band10', 'emissivity_band11', 'emissivity_band12', 'emissivity_band13', 'emissivity_band14', 'temperature', 'ndvi']"
PE_Huanuco_Ctrl_NE,PE_Huanuco_Ctrl_NE.tif,0,"[-76.217, -9.917]",5000,90,0.06,"['emissivity_band10', 'emissivity_band11', 'emissivity_band12', 'emissivity_band13', 'emissivity_band14', 'temperature', 'ndvi']"
PE_Huanuco_Ctrl_NW,PE_Huanuco_Ctrl_NW.tif,0,"[-76.243, -9.917]",5000,90,0.06,"['emissivity_band10', 'emissivity_band11', 'emissivity_band12', 'emissivity_band13', 'emissivity_band14', 'temperature', 'ndvi']"
PE_Huanuco_Ctrl_SE,PE_Huanuco_Ctrl_SE.tif,0,"[-76.217, -9.943]",5000,90,0.06,"['emissivity_band10', 'emissivity_band11', 'emissivity_band12', 'emissivity_band13', 'emissivity_band14', 'temperature', 'ndvi']"
PE_Huanuco_Ctrl_SW,PE_Huanuco_Ctrl_SW.tif,0,"[-76.243, -9.943]",5000,90,0.06,"['emissivity_band10', 'emissivity_band11', 'emissivity_band12', 'emissivity_band13', 'emissivity_band14', 'temperature', 'ndvi']"
PE_Cerro_Pasco_Ctrl_center,PE_Cerro_Pasco_Ctrl_center.tif,0,"[-76.21, -10.69]",5000,90,0.06,"['emissivity_band10', 'emissivity_band11', 'emissivity_band12', 'emissivity_band13', 'emissivity_band14', 'temperature', 'ndvi']"
PE_Cerro_Pasco_Ctrl_N,PE_Cerro_Pasco_Ctrl_N.tif,0,"[-76.21, -10.677]",5000,90,0.06,"['emissivity_band10', 'emissivity_band11', 'emissivity_band12', 'emissivity_band13', 'emissivity_band14', 'temperature', 'ndvi']"
PE_Cerro_Pasco_Ctrl_S,PE_Cerro_Pasco_Ctrl_S.tif,0,"[-76.21, -10.703]",5000,90,0.06,"['emissivity_band10', 'emissivity_band11', 'emissivity_band12', 'emissivity_band13', 'emissivity_band14', 'temperature', 'ndvi']"
PE_Cerro_Pasco_Ctrl_E,PE_Cerro_Pasco_Ctrl_E.tif,0,"[-76.197, -10.69]",5000,90,0.06,"['emissivity_band10', 'emissivity_band11', 'emissivity_band12', 'emissivity_band13', 'emissivity_band14', 'temperature', 'ndvi']"
PE_Cerro_Pasco_Ctrl_W,PE_Cerro_Pasco_Ctrl_W.tif,0,"[-76.223, -10.69]",5000,90,0.06,"['emissivity_band10', 'emissivity_band11', 'emissivity_band12', 'emissivity_band13', 'emissivity_band14', 'temperature', 'ndvi']"
PE_Cerro_Pasco_Ctrl_NE,PE_Cerro_Pasco_Ctrl_NE.tif,0,"[-76.197, -10.677]",5000,90,0.06,"['emissivity_band10', 'emissivity_band11', 'emissivity_band12', 'emissivity_band13', 'emissivity_band14', 'temperature', 'ndvi']"
PE_Cerro_Pasco_Ctrl_NW,PE_Cerro_Pasco_Ctrl_NW.tif,0,"[-76.223, -10.677]",5000,90,0.06,"['emissivity_band10', 'emissivity_band11', 'emissivity_band12', 'emissivity_band13', 'emissivity_band14', 'temperature', 'ndvi']"
PE_Cerro_Pasco_Ctrl_SE,PE_Cerro_Pasco_Ctrl_SE.tif,0,"[-76.197, -10.703]",5000,90,0.06,"['emissivity_band10', 'emissivity_band11', 'emissivity_band12', 'emissivity_band13', 'emissivity_band14', 'temperature', 'ndvi']"
PE_Cerro_Pasco_Ctrl_SW,PE_Cerro_Pasco_Ctrl_SW.tif,0,"[-76.223, -10.703]",5000,90,0.06,"['emissivity_band10', 'emissivity_band11', 'emissivity_band12', 'emissivity_band13', 'emissivity_band14', 'temperature', 'ndvi']"
PE_Tingo_Maria_Ctrl_center,PE_Tingo_Maria_Ctrl_center.tif,0,"[-76.0, -9.29]",5000,90,0.06,"['emissivity_band10', 'emissivity_band11', 'emissivity_band12', 'emissivity_band13', 'emissivity_band14', 'temperature', 'ndvi']"
PE_Tingo_Maria_Ctrl_N,PE_Tingo_Maria_Ctrl_N.tif,0,"[-76.0, -9.277]",5000,90,0.06,"['emissivity_band10', 'emissivity_band11', 'emissivity_band12', 'emissivity_band13', 'emissivity_band14', 'temperature', 'ndvi']"
PE_Tingo_Maria_Ctrl_S,PE_Tingo_Maria_Ctrl_S.tif,0,"[-76.0, -9.303]",5000,90,0.06,"['emissivity_band10', 'emissivity_band11', 'emissivity_band12', 'emissivity_band13', 'emissivity_band14', 'temperature', 'ndvi']"
PE_Tingo_Maria_Ctrl_E,PE_Tingo_Maria_Ctrl_E.tif,0,"[-75.987, -9.29]",5000,90,0.06,"['emissivity_band10', 'emissivity_band11', 'emissivity_band12', 'emissivity_band13', 'emissivity_band14', 'temperature', 'ndvi']"
PE_Tingo_Maria_Ctrl_W,PE_Tingo_Maria_Ctrl_W.tif,0,"[-76.013, -9.29]",5000,90,0.06,"['emissivity_band10', 'emissivity_band11', 'emissivity_band12', 'emissivity_band13', 'emissivity_band14', 'temperature', 'ndvi']"
PE_Tingo_Maria_Ctrl_NE,PE_Tingo_Maria_Ctrl_NE.tif,0,"[-75.987, -9.277]",5000,90,0.06,"['emissivity_band10', 'emissivity_band11', 'emissivity_band12', 'emissivity_band13', 'emissivity_band14', 'temperature', 'ndvi']"
PE_Tingo_Maria_Ctrl_NW,PE_Tingo_Maria_Ctrl_NW.tif,0,"[-76.013, -9.277]",5000,90,0.06,"['emissivity_band10', 'emissivity_band11', 'emissivity_band12', 'emissivity_band13', 'emissivity_band14', 'temperature', 'ndvi']"
PE_Tingo_Maria_Ctrl_SE,PE_Tingo_Maria_Ctrl_SE.tif,0,"[-75.987, -9.303]",5000,90,0.06,"['emissivity_band10', 'emissivity_band11', 'emissivity_band12', 'emissivity_band13', 'emissivity_band14', 'temperature', 'ndvi']"
PE_Tingo_Maria_Ctrl_SW,PE_Tingo_Maria_Ctrl_SW.tif,0,"[-76.013, -9.303]",5000,90,0.06,"['emissivity_band10', 'emissivity_band11', 'emissivity_band12', 'emissivity_band13', 'emissivity_band14', 'temperature', 'ndvi']"
PE_Moyobamba_Ctrl_center,PE_Moyobamba_Ctrl_center.tif,0,"[-76.97, -6.04]",5000,90,0.06,"['emissivity_band10', 'emissivity_band11', 'emissivity_band12', 'emissivity_band13', 'emissivity_band14', 'temperature', 'ndvi']"
PE_Moyobamba_Ctrl_N,PE_Moyobamba_Ctrl_N.tif,0,"[-76.97, -6.027]",5000,90,0.06,"['emissivity_band10', 'emissivity_band11', 'emissivity_band12', 'emissivity_band13', 'emissivity_band14', 'temperature', 'ndvi']"
PE_Moyobamba_Ctrl_S,PE_Moyobamba_Ctrl_S.tif,0,"[-76.97, -6.053]",5000,90,0.06,"['emissivity_band10', 'emissivity_band11', 'emissivity_band12', 'emissivity_band13', 'emissivity_band14', 'temperature', 'ndvi']"
PE_Moyobamba_Ctrl_E,PE_Moyobamba_Ctrl_E.tif,0,"[-76.957, -6.04]",5000,90,0.06,"['emissivity_band10', 'emissivity_band11', 'emissivity_band12', 'emissivity_band13', 'emissivity_band14', 'temperature', 'ndvi']"
PE_Moyobamba_Ctrl_W,PE_Moyobamba_Ctrl_W.tif,0,"[-76.983, -6.04]",5000,90,0.06,"['emissivity_band10', 'emissivity_band11', 'emissivity_band12', 'emissivity_band13', 'emissivity_band14', 'temperature', 'ndvi']"
PE_Moyobamba_Ctrl_NE,PE_Moyobamba_Ctrl_NE.tif,0,"[-76.957, -6.027]",5000,90,0.06,"['emissivity_band10', 'emissivity_band11', 'emissivity_band12', 'emissivity_band13', 'emissivity_band14', 'temperature', 'ndvi']"
PE_Moyobamba_Ctrl_NW,PE_Moyobamba_Ctrl_NW.tif,0,"[-76.983, -6.027]",5000,90,0.06,"['emissivity_band10', 'emissivity_band11', 'emissivity_band12', 'emissivity_band13', 'emissivity_band14', 'temperature', 'ndvi']"
PE_Moyobamba_Ctrl_SE,PE_Moyobamba_Ctrl_SE.tif,0,"[-76.957, -6.053]",5000,90,0.06,"['emissivity_band10', 'emissivity_band11', 'emissivity_band12', 'emissivity_band13', 'emissivity_band14', 'temperature', 'ndvi']"
PE_Moyobamba_Ctrl_SW,PE_Moyobamba_Ctrl_SW.tif,0,"[-76.983, -6.053]",5000,90,0.06,"['emissivity_band10', 'emissivity_band11', 'emissivity_band12', 'emissivity_band13', 'emissivity_band14', 'temperature', 'ndvi']"
PE_Chachapoyas_Ctrl_center,PE_Chachapoyas_Ctrl_center.tif,0,"[-77.87, -6.23]",5000,90,0.06,"['emissivity_band10', 'emissivity_band11', 'emissivity_band12', 'emissivity_band13', 'emissivity_band14', 'temperature', 'ndvi']"
PE_Chachapoyas_Ctrl_N,PE_Chachapoyas_Ctrl_N.tif,0,"[-77.87, -6.217]",5000,90,0.06,"['emissivity_band10', 'emissivity_band11', 'emissivity_band12', 'emissivity_band13', 'emissivity_band14', 'temperature', 'ndvi']"
PE_Chachapoyas_Ctrl_S,PE_Chachapoyas_Ctrl_S.tif,0,"[-77.87, -6.243]",5000,90,0.06,"['emissivity_band10', 'emissivity_band11', 'emissivity_band12', 'emissivity_band13', 'emissivity_band14', 'temperature', 'ndvi']"
PE_Chachapoyas_Ctrl_E,PE_Chachapoyas_Ctrl_E.tif,0,"[-77.857, -6.23]",5000,90,0.06,"['emissivity_band10', 'emissivity_band11', 'emissivity_band12', 'emissivity_band13', 'emissivity_band14', 'temperature', 'ndvi']"
PE_Chachapoyas_Ctrl_W,PE_Chachapoyas_Ctrl_W.tif,0,"[-77.883, -6.23]",5000,90,0.06,"['emissivity_band10', 'emissivity_band11', 'emissivity_band12', 'emissivity_band13', 'emissivity_band14', 'temperature', 'ndvi']"
PE_Chachapoyas_Ctrl_NE,PE_Chachapoyas_Ctrl_NE.tif,0,"[-77.857, -6.217]",5000,90,0.06,"['emissivity_band10', 'emissivity_band11', 'emissivity_band12', 'emissivity_band13', 'emissivity_band14', 'temperature', 'ndvi']"
PE_Chachapoyas_Ctrl_NW,PE_Chachapoyas_Ctrl_NW.tif,0,"[-77.883, -6.217]",5000,90,0.06,"['emissivity_band10', 'emissivity_band11', 'emissivity_band12', 'emissivity_band13', 'emissivity_band14', 'temperature', 'ndvi']"
PE_Chachapoyas_Ctrl_SE,PE_Chachapoyas_Ctrl_SE.tif,0,"[-77.857, -6.243]",5000,90,0.06,"['emissivity_band10', 'emissivity_band11', 'emissivity_band12', 'emissivity_band13', 'emissivity_band14', 'temperature', 'ndvi']"
PE_Chachapoyas_Ctrl_SW,PE_Chachapoyas_Ctrl_SW.tif,0,"[-77.883, -6.243]",5000,90,0.06,"['emissivity_band10', 'emissivity_band11', 'emissivity_band12', 'emissivity_band13', 'emissivity_band14', 'temperature', 'ndvi']"
PE_Bagua_Ctrl_center,PE_Bagua_Ctrl_center.tif,0,"[-78.53, -5.64]",5000,90,0.06,"['emissivity_band10', 'emissivity_band11', 'emissivity_band12', 'emissivity_band13', 'emissivity_band14', 'temperature', 'ndvi']"
PE_Bagua_Ctrl_N,PE_Bagua_Ctrl_N.tif,0,"[-78.53, -5.627]",5000,90,0.06,"['emissivity_band10', 'emissivity_band11', 'emissivity_band12', 'emissivity_band13', 'emissivity_band14', 'temperature', 'ndvi']"
PE_Bagua_Ctrl_S,PE_Bagua_Ctrl_S.tif,0,"[-78.53, -5.653]",5000,90,0.06,"['emissivity_band10', 'emissivity_band11', 'emissivity_band12', 'emissivity_band13', 'emissivity_band14', 'temperature', 'ndvi']"
PE_Bagua_Ctrl_E,PE_Bagua_Ctrl_E.tif,0,"[-78.517, -5.64]",5000,90,0.06,"['emissivity_band10', 'emissivity_band11', 'emissivity_band12', 'emissivity_band13', 'emissivity_band14', 'temperature', 'ndvi']"
PE_Bagua_Ctrl_W,PE_Bagua_Ctrl_W.tif,0,"[-78.543, -5.64]",5000,90,0.06,"['emissivity_band10', 'emissivity_band11', 'emissivity_band12', 'emissivity_band13', 'emissivity_band14', 'temperature', 'ndvi']"
PE_Bagua_Ctrl_NE,PE_Bagua_Ctrl_NE.tif,0,"[-78.517, -5.627]",5000,90,0.06,"['emissivity_band10', 'emissivity_band11', 'emissivity_band12', 'emissivity_band13', 'emissivity_band14', 'temperature', 'ndvi']"
PE_Bagua_Ctrl_NW,PE_Bagua_Ctrl_NW.tif,0,"[-78.543, -5.627]",5000,90,0.06,"['emissivity_band10', 'emissivity_band11', 'emissivity_band12', 'emissivity_band13', 'emissivity_band14', 'temperature', 'ndvi']"
PE_Bagua_Ctrl_SE,PE_Bagua_Ctrl_SE.tif,0,"[-78.517, -5.653]",5000,90,0.06,"['emissivity_band10', 'emissivity_band11', 'emissivity_band12', 'emissivity_band13', 'emissivity_band14', 'temperature', 'ndvi']"
PE_Bagua_Ctrl_SW,PE_Bagua_Ctrl_SW.tif,0,"[-78.543, -5.653]",5000,90,0.06,"['emissivity_band10', 'emissivity_band11', 'emissivity_band12', 'emissivity_band13', 'emissivity_band14', 'temperature', 'ndvi']"
PE_Jaen_Ctrl_center,PE_Jaen_Ctrl_center.tif,0,"[-78.81, -5.71]",5000,90,0.06,"['emissivity_band10', 'emissivity_band11', 'emissivity_band12', 'emissivity_band13', 'emissivity_band14', 'temperature', 'ndvi']"
PE_Jaen_Ctrl_N,PE_Jaen_Ctrl_N.tif,0,"[-78.81, -5.697]",5000,90,0.06,"['emissivity_band10', 'emissivity_band11', 'emissivity_band12', 'emissivity_band13', 'emissivity_band14', 'temperature', 'ndvi']"
PE_Jaen_Ctrl_S,PE_Jaen_Ctrl_S.tif,0,"[-78.81, -5.723]",5000,90,0.06,"['emissivity_band10', 'emissivity_band11', 'emissivity_band12', 'emissivity_band13', 'emissivity_band14', 'temperature', 'ndvi']"
PE_Jaen_Ctrl_E,PE_Jaen_Ctrl_E.tif,0,"[-78.797, -5.71]",5000,90,0.06,"['emissivity_band10', 'emissivity_band11', 'emissivity_band12', 'emissivity_band13', 'emissivity_band14', 'temperature', 'ndvi']"
PE_Jaen_Ctrl_W,PE_Jaen_Ctrl_W.tif,0,"[-78.823, -5.71]",5000,90,0.06,"['emissivity_band10', 'emissivity_band11', 'emissivity_band12', 'emissivity_band13', 'emissivity_band14', 'temperature', 'ndvi']"
PE_Jaen_Ctrl_NE,PE_Jaen_Ctrl_NE.tif,0,"[-78.797, -5.697]",5000,90,0.06,"['emissivity_band10', 'emissivity_band11', 'emissivity_band12', 'emissivity_band13', 'emissivity_band14', 'temperature', 'ndvi']"
PE_Jaen_Ctrl_NW,PE_Jaen_Ctrl_NW.tif,0,"[-78.823, -5.697]",5000,90,0.06,"['emissivity_band10', 'emissivity_band11', 'emissivity_band12', 'emissivity_band13', 'emissivity_band14', 'temperature', 'ndvi']"
PE_Jaen_Ctrl_SE,PE_Jaen_Ctrl_SE.tif,0,"[-78.797, -5.723]",5000,90,0.06,"['emissivity_band10', 'emissivity_band11', 'emissivity_band12', 'emissivity_band13', 'emissivity_band14', 'temperature', 'ndvi']"
PE_Jaen_Ctrl_SW,PE_Jaen_Ctrl_SW.tif,0,"[-78.823, -5.723]",5000,90,0.06,"['emissivity_band10', 'emissivity_band11', 'emissivity_band12', 'emissivity_band13', 'emissivity_band14', 'temperature', 'ndvi']"
PE_Atalaya_Ctrl_center,PE_Atalaya_Ctrl_center.tif,0,"[-73.75, -10.73]",5000,90,0.06,"['emissivity_band10', 'emissivity_band11', 'emissivity_band12', 'emissivity_band13', 'emissivity_band14', 'temperature', 'ndvi']"
PE_Atalaya_Ctrl_N,PE_Atalaya_Ctrl_N.tif,0,"[-73.75, -10.717]",5000,90,0.06,"['emissivity_band10', 'emissivity_band11', 'emissivity_band12', 'emissivity_band13', 'emissivity_band14', 'temperature', 'ndvi']"
PE_Atalaya_Ctrl_S,PE_Atalaya_Ctrl_S.tif,0,"[-73.75, -10.743]",5000,90,0.06,"['emissivity_band10', 'emissivity_band11', 'emissivity_band12', 'emissivity_band13', 'emissivity_band14', 'temperature', 'ndvi']"
PE_Atalaya_Ctrl_E,PE_Atalaya_Ctrl_E.tif,0,"[-73.737, -10.73]",5000,90,0.06,"['emissivity_band10', 'emissivity_band11', 'emissivity_band12', 'emissivity_band13', 'emissivity_band14', 'temperature', 'ndvi']"
PE_Atalaya_Ctrl_W,PE_Atalaya_Ctrl_W.tif,0,"[-73.763, -10.73]",5000,90,0.06,"['emissivity_band10', 'emissivity_band11', 'emissivity_band12', 'emissivity_band13', 'emissivity_band14', 'temperature', 'ndvi']"
PE_Atalaya_Ctrl_NE,PE_Atalaya_Ctrl_NE.tif,0,"[-73.737, -10.717]",5000,90,0.06,"['emissivity_band10', 'emissivity_band11', 'emissivity_band12', 'emissivity_band13', 'emissivity_band14', 'temperature', 'ndvi']"
PE_Atalaya_Ctrl_NW,PE_Atalaya_Ctrl_NW.tif,0,"[-73.763, -10.717]",5000,90,0.06,"['emissivity_band10', 'emissivity_band11', 'emissivity_band12', 'emissivity_band13', 'emissivity_band14', 'temperature', 'ndvi']"
PE_Atalaya_Ctrl_SE,PE_Atalaya_Ctrl_SE.tif,0,"[-73.737, -10.743]",5000,90,0.06,"['emissivity_band10', 'emissivity_band11', 'emissivity_band12', 'emissivity_band13', 'emissivity_band14', 'temperature', 'ndvi']"
PE_Atalaya_Ctrl_SW,PE_Atalaya_Ctrl_SW.tif,0,"[-73.763, -10.743]",5000,90,0.06,"['emissivity_band10', 'emissivity_band11', 'emissivity_band12', 'emissivity_band13', 'emissivity_band14', 'temperature', 'ndvi']"
PE_Nauta_Ctrl_center,PE_Nauta_Ctrl_center.tif,0,"[-73.58, -4.51]",5000,90,0.06,"['emissivity_band10', 'emissivity_band11', 'emissivity_band12', 'emissivity_band13', 'emissivity_band14', 'temperature', 'ndvi']"
PE_Nauta_Ctrl_N,PE_Nauta_Ctrl_N.tif,0,"[-73.58, -4.497]",5000,90,0.06,"['emissivity_band10', 'emissivity_band11', 'emissivity_band12', 'emissivity_band13', 'emissivity_band14', 'temperature', 'ndvi']"
PE_Nauta_Ctrl_S,PE_Nauta_Ctrl_S.tif,0,"[-73.58, -4.523]",5000,90,0.06,"['emissivity_band10', 'emissivity_band11', 'emissivity_band12', 'emissivity_band13', 'emissivity_band14', 'temperature', 'ndvi']"
PE_Nauta_Ctrl_E,PE_Nauta_Ctrl_E.tif,0,"[-73.567, -4.51]",5000,90,0.06,"['emissivity_band10', 'emissivity_band11', 'emissivity_band12', 'emissivity_band13', 'emissivity_band14', 'temperature', 'ndvi']"
PE_Nauta_Ctrl_W,PE_Nauta_Ctrl_W.tif,0,"[-73.593, -4.51]",5000,90,0.06,"['emissivity_band10', 'emissivity_band11', 'emissivity_band12', 'emissivity_band13', 'emissivity_band14', 'temperature', 'ndvi']"
PE_Nauta_Ctrl_NE,PE_Nauta_Ctrl_NE.tif,0,"[-73.567, -4.497]",5000,90,0.06,"['emissivity_band10', 'emissivity_band11', 'emissivity_band12', 'emissivity_band13', 'emissivity_band14', 'temperature', 'ndvi']"
PE_Nauta_Ctrl_NW,PE_Nauta_Ctrl_NW.tif,0,"[-73.593, -4.497]",5000,90,0.06,"['emissivity_band10', 'emissivity_band11', 'emissivity_band12', 'emissivity_band13', 'emissivity_band14', 'temperature', 'ndvi']"
PE_Nauta_Ctrl_SE,PE_Nauta_Ctrl_SE.tif,0,"[-73.567, -4.523]",5000,90,0.06,"['emissivity_band10', 'emissivity_band11', 'emissivity_band12', 'emissivity_band13', 'emissivity_band14', 'temperature', 'ndvi']"
PE_Nauta_Ctrl_SW,PE_Nauta_Ctrl_SW.tif,0,"[-73.593, -4.523]",5000,90,0.06,"['emissivity_band10', 'emissivity_band11', 'emissivity_band12', 'emissivity_band13', 'emissivity_band14', 'temperature', 'ndvi']"
PE_Puerto_Maldonado_Ctrl_center,PE_Puerto_Maldonado_Ctrl_center.tif,0,"[-69.19, -12.6]",5000,90,0.06,"['emissivity_band10', 'emissivity_band11', 'emissivity_band12', 'emissivity_band13', 'emissivity_band14', 'temperature', 'ndvi']"
PE_Puerto_Maldonado_Ctrl_N,PE_Puerto_Maldonado_Ctrl_N.tif,0,"[-69.19, -12.587]",5000,90,0.06,"['emissivity_band10', 'emissivity_band11', 'emissivity_band12', 'emissivity_band13', 'emissivity_band14', 'temperature', 'ndvi']"
PE_Puerto_Maldonado_Ctrl_S,PE_Puerto_Maldonado_Ctrl_S.tif,0,"[-69.19, -12.613]",5000,90,0.06,"['emissivity_band10', 'emissivity_band11', 'emissivity_band12', 'emissivity_band13', 'emissivity_band14', 'temperature', 'ndvi']"
PE_Puerto_Maldonado_Ctrl_E,PE_Puerto_Maldonado_Ctrl_E.tif,0,"[-69.177, -12.6]",5000,90,0.06,"['emissivity_band10', 'emissivity_band11', 'emissivity_band12', 'emissivity_band13', 'emissivity_band14', 'temperature', 'ndvi']"
PE_Puerto_Maldonado_Ctrl_W,PE_Puerto_Maldonado_Ctrl_W.tif,0,"[-69.203, -12.6]",5000,90,0.06,"['emissivity_band10', 'emissivity_band11', 'emissivity_band12', 'emissivity_band13', 'emissivity_band14', 'temperature', 'ndvi']"
PE_Puerto_Maldonado_Ctrl_NE,PE_Puerto_Maldonado_Ctrl_NE.tif,0,"[-69.177, -12.587]",5000,90,0.06,"['emissivity_band10', 'emissivity_band11', 'emissivity_band12', 'emissivity_band13', 'emissivity_band14', 'temperature', 'ndvi']"
PE_Puerto_Maldonado_Ctrl_NW,PE_Puerto_Maldonado_Ctrl_NW.tif,0,"[-69.203, -12.587]",5000,90,0.06,"['emissivity_band10', 'emissivity_band11', 'emissivity_band12', 'emissivity_band13', 'emissivity_band14', 'temperature', 'ndvi']"
PE_Puerto_Maldonado_Ctrl_SE,PE_Puerto_Maldonado_Ctrl_SE.tif,0,"[-69.177, -12.613]",5000,90,0.06,"['emissivity_band10', 'emissivity_band11', 'emissivity_band12', 'emissivity_band13', 'emissivity_band14', 'temperature', 'ndvi']"
PE_Puerto_Maldonado_Ctrl_SW,PE_Puerto_Maldonado_Ctrl_SW.tif,0,"[-69.203, -12.613]",5000,90,0.06,"['emissivity_band10', 'emissivity_band11', 'emissivity_band12', 'emissivity_band13', 'emissivity_band14', 'temperature', 'ndvi']"
PE_Huancavelica_Ctrl_center,PE_Huancavelica_Ctrl_center.tif,0,"[-75.02, -12.78]",5000,90,0.06,"['emissivity_band10', 'emissivity_band11', 'emissivity_band12', 'emissivity_band13', 'emissivity_band14', 'temperature', 'ndvi']"
PE_Huancavelica_Ctrl_N,PE_Huancavelica_Ctrl_N.tif,0,"[-75.02, -12.767]",5000,90,0.06,"['emissivity_band10', 'emissivity_band11', 'emissivity_band12', 'emissivity_band13', 'emissivity_band14', 'temperature', 'ndvi']"
PE_Huancavelica_Ctrl_S,PE_Huancavelica_Ctrl_S.tif,0,"[-75.02, -12.793]",5000,90,0.06,"['emissivity_band10', 'emissivity_band11', 'emissivity_band12', 'emissivity_band13', 'emissivity_band14', 'temperature', 'ndvi']"
PE_Huancavelica_Ctrl_E,PE_Huancavelica_Ctrl_E.tif,0,"[-75.007, -12.78]",5000,90,0.06,"['emissivity_band10', 'emissivity_band11', 'emissivity_band12', 'emissivity_band13', 'emissivity_band14', 'temperature', 'ndvi']"
PE_Huancavelica_Ctrl_W,PE_Huancavelica_Ctrl_W.tif,0,"[-75.033, -12.78]",5000,90,0.06,"['emissivity_band10', 'emissivity_band11', 'emissivity_band12', 'emissivity_band13', 'emissivity_band14', 'temperature', 'ndvi']"
PE_Huancavelica_Ctrl_NE,PE_Huancavelica_Ctrl_NE.tif,0,"[-75.007, -12.767]",5000,90,0.06,"['emissivity_band10', 'emissivity_band11', 'emissivity_band12', 'emissivity_band13', 'emissivity_band14', 'temperature', 'ndvi']"
PE_Huancavelica_Ctrl_NW,PE_Huancavelica_Ctrl_NW.tif,0,"[-75.033, -12.767]",5000,90,0.06,"['emissivity_band10', 'emissivity_band11', 'emissivity_band12', 'emissivity_band13', 'emissivity_band14', 'temperature', 'ndvi']"
PE_Huancavelica_Ctrl_SE,PE_Huancavelica_Ctrl_SE.tif,0,"[-75.007, -12.793]",5000,90,0.06,"['emissivity_band10', 'emissivity_band11', 'emissivity_band12', 'emissivity_band13', 'emissivity_band14', 'temperature', 'ndvi']"
PE_Huancavelica_Ctrl_SW,PE_Huancavelica_Ctrl_SW.tif,0,"[-75.033, -12.793]",5000,90,0.06,"['emissivity_band10', 'emissivity_band11', 'emissivity_band12', 'emissivity_band13', 'emissivity_band14', 'temperature', 'ndvi']"
PE_Oxapampa_Ctrl_center,PE_Oxapampa_Ctrl_center.tif,0,"[-75.4, -10.58]",5000,90,0.06,"['emissivity_band10', 'emissivity_band11', 'emissivity_band12', 'emissivity_band13', 'emissivity_band14', 'temperature', 'ndvi']"
PE_Oxapampa_Ctrl_N,PE_Oxapampa_Ctrl_N.tif,0,"[-75.4, -10.567]",5000,90,0.06,"['emissivity_band10', 'emissivity_band11', 'emissivity_band12', 'emissivity_band13', 'emissivity_band14', 'temperature', 'ndvi']"
PE_Oxapampa_Ctrl_S,PE_Oxapampa_Ctrl_S.tif,0,"[-75.4, -10.593]",5000,90,0.06,"['emissivity_band10', 'emissivity_band11', 'emissivity_band12', 'emissivity_band13', 'emissivity_band14', 'temperature', 'ndvi']"
PE_Oxapampa_Ctrl_E,PE_Oxapampa_Ctrl_E.tif,0,"[-75.387, -10.58]",5000,90,0.06,"['emissivity_band10', 'emissivity_band11', 'emissivity_band12', 'emissivity_band13', 'emissivity_band14', 'temperature', 'ndvi']"
PE_Oxapampa_Ctrl_W,PE_Oxapampa_Ctrl_W.tif,0,"[-75.413, -10.58]",5000,90,0.06,"['emissivity_band10', 'emissivity_band11', 'emissivity_band12', 'emissivity_band13', 'emissivity_band14', 'temperature', 'ndvi']"
PE_Oxapampa_Ctrl_NE,PE_Oxapampa_Ctrl_NE.tif,0,"[-75.387, -10.567]",5000,90,0.06,"['emissivity_band10', 'emissivity_band11', 'emissivity_band12', 'emissivity_band13', 'emissivity_band14', 'temperature', 'ndvi']"
PE_Oxapampa_Ctrl_NW,PE_Oxapampa_Ctrl_NW.tif,0,"[-75.413, -10.567]",5000,90,0.06,"['emissivity_band10', 'emissivity_band11', 'emissivity_band12', 'emissivity_band13', 'emissivity_band14', 'temperature', 'ndvi']"
PE_Oxapampa_Ctrl_SE,PE_Oxapampa_Ctrl_SE.tif,0,"[-75.387, -10.593]",5000,90,0.06,"['emissivity_band10', 'emissivity_band11', 'emissivity_band12', 'emissivity_band13', 'emissivity_band14', 'temperature', 'ndvi']"
PE_Oxapampa_Ctrl_SW,PE_Oxapampa_Ctrl_SW.tif,0,"[-75.413, -10.593]",5000,90,0.06,"['emissivity_band10', 'emissivity_band11', 'emissivity_band12', 'emissivity_band13', 'emissivity_band14', 'temperature', 'ndvi']"
CL_Coquimbo_Ctrl_center,CL_Coquimbo_Ctrl_center.tif,0,"[-71.34, -29.95]",5000,90,0.04,"['emissivity_band10', 'emissivity_band11', 'emissivity_band12', 'emissivity_band13', 'emissivity_band14', 'temperature', 'ndvi']"
CL_Coquimbo_Ctrl_N,CL_Coquimbo_Ctrl_N.tif,0,"[-71.34, -29.937]",5000,90,0.03,"['emissivity_band10', 'emissivity_band11', 'emissivity_band12', 'emissivity_band13', 'emissivity_band14', 'temperature', 'ndvi']"
CL_Coquimbo_Ctrl_S,CL_Coquimbo_Ctrl_S.tif,0,"[-71.34, -29.963]",5000,90,0.05,"['emissivity_band10', 'emissivity_band11', 'emissivity_band12', 'emissivity_band13', 'emissivity_band14', 'temperature', 'ndvi']"
CL_Coquimbo_Ctrl_E,CL_Coquimbo_Ctrl_E.tif,0,"[-71.327, -29.95]",5000,90,0.04,"['emissivity_band10', 'emissivity_band11', 'emissivity_band12', 'emissivity_band13', 'emissivity_band14', 'temperature', 'ndvi']"
CL_Coquimbo_Ctrl_W,CL_Coquimbo_Ctrl_W.tif,0,"[-71.353, -29.95]",5000,90,0.04,"['emissivity_band10', 'emissivity_band11', 'emissivity_band12', 'emissivity_band13', 'emissivity_band14', 'temperature', 'ndvi']"
CL_Coquimbo_Ctrl_NE,CL_Coquimbo_Ctrl_NE.tif,0,"[-71.327, -29.937]",5000,90,0.04,"['emissivity_band10', 'emissivity_band11', 'emissivity_band12', 'emissivity_band13', 'emissivity_band14', 'temperature', 'ndvi']"
CL_Coquimbo_Ctrl_NW,CL_Coquimbo_Ctrl_NW.tif,0,"[-71.353, -29.937]",5000,90,0.03,"['emissivity_band10', 'emissivity_band11', 'emissivity_band12', 'emissivity_band13', 'emissivity_band14', 'temperature', 'ndvi']"
CL_Coquimbo_Ctrl_SE,CL_Coquimbo_Ctrl_SE.tif,0,"[-71.327, -29.963]",5000,90,0.05,"['emissivity_band10', 'emissivity_band11', 'emissivity_band12', 'emissivity_band13', 'emissivity_band14', 'temperature', 'ndvi']"
CL_Coquimbo_Ctrl_SW,CL_Coquimbo_Ctrl_SW.tif,0,"[-71.353, -29.963]",5000,90,0.04,"['emissivity_band10', 'emissivity_band11', 'emissivity_band12', 'emissivity_band13', 'emissivity_band14', 'temperature', 'ndvi']"
CL_Ovalle_Ctrl_center,CL_Ovalle_Ctrl_center.tif,0,"[-71.2, -30.6]",5000,90,0.06,"['emissivity_band10', 'emissivity_band11', 'emissivity_band12', 'emissivity_band13', 'emissivity_band14', 'temperature', 'ndvi']"
CL_Ovalle_Ctrl_N,CL_Ovalle_Ctrl_N.tif,0,"[-71.2, -30.587]",5000,90,0.06,"['emissivity_band10', 'emissivity_band11', 'emissivity_band12', 'emissivity_band13', 'emissivity_band14', 'temperature', 'ndvi']"
CL_Ovalle_Ctrl_S,CL_Ovalle_Ctrl_S.tif,0,"[-71.2, -30.613]",5000,90,0.06,"['emissivity_band10', 'emissivity_band11', 'emissivity_band12', 'emissivity_band13', 'emissivity_band14', 'temperature', 'ndvi']"
CL_Ovalle_Ctrl_E,CL_Ovalle_Ctrl_E.tif,0,"[-71.187, -30.6]",5000,90,0.06,"['emissivity_band10', 'emissivity_band11', 'emissivity_band12', 'emissivity_band13', 'emissivity_band14', 'temperature', 'ndvi']"
CL_Ovalle_Ctrl_W,CL_Ovalle_Ctrl_W.tif,0,"[-71.213, -30.6]",5000,90,0.06,"['emissivity_band10', 'emissivity_band11', 'emissivity_band12', 'emissivity_band13', 'emissivity_band14', 'temperature', 'ndvi']"
CL_Ovalle_Ctrl_NE,CL_Ovalle_Ctrl_NE.tif,0,"[-71.187, -30.587]",5000,90,0.06,"['emissivity_band10', 'emissivity_band11', 'emissivity_band12', 'emissivity_band13', 'emissivity_band14', 'temperature', 'ndvi']"
CL_Ovalle_Ctrl_NW,CL_Ovalle_Ctrl_NW.tif,0,"[-71.213, -30.587]",5000,90,0.06,"['emissivity_band10', 'emissivity_band11', 'emissivity_band12', 'emissivity_band13', 'emissivity_band14', 'temperature', 'ndvi']"
CL_Ovalle_Ctrl_SE,CL_Ovalle_Ctrl_SE.tif,0,"[-71.187, -30.613]",5000,90,0.06,"['emissivity_band10', 'emissivity_band11', 'emissivity_band12', 'emissivity_band13', 'emissivity_band14', 'temperature', 'ndvi']"
CL_Ovalle_Ctrl_SW,CL_Ovalle_Ctrl_SW.tif,0,"[-71.213, -30.613]",5000,90,0.06,"['emissivity_band10', 'emissivity_band11', 'emissivity_band12', 'emissivity_band13', 'emissivity_band14', 'temperature', 'ndvi']"
CL_San_Antonio_Ctrl_center,CL_San_Antonio_Ctrl_center.tif,0,"[-71.61, -33.59]",5000,90,0.05,"['emissivity_band10', 'emissivity_band11', 'emissivity_band12', 'emissivity_band13', 'emissivity_band14', 'temperature', 'ndvi']"
CL_San_Antonio_Ctrl_N,CL_San_Antonio_Ctrl_N.tif,0,"[-71.61, -33.577]",5000,90,0.05,"['emissivity_band10', 'emissivity_band11', 'emissivity_band12', 'emissivity_band13', 'emissivity_band14', 'temperature', 'ndvi']"
CL_San_Antonio_Ctrl_S,CL_San_Antonio_Ctrl_S.tif,0,"[-71.61, -33.603]",5000,90,0.05,"['emissivity_band10', 'emissivity_band11', 'emissivity_band12', 'emissivity_band13', 'emissivity_band14', 'temperature', 'ndvi']"
CL_San_Antonio_Ctrl_E,CL_San_Antonio_Ctrl_E.tif,0,"[-71.597, -33.59]",5000,90,0.06,"['emissivity_band10', 'emissivity_band11', 'emissivity_band12', 'emissivity_band13', 'emissivity_band14', 'temperature', 'ndvi']"
CL_San_Antonio_Ctrl_W,CL_San_Antonio_Ctrl_W.tif,0,"[-71.623, -33.59]",5000,90,0.05,"['emissivity_band10', 'emissivity_band11', 'emissivity_band12', 'emissivity_band13', 'emissivity_band14', 'temperature', 'ndvi']"
CL_San_Antonio_Ctrl_NE,CL_San_Antonio_Ctrl_NE.tif,0,"[-71.597, -33.577]",5000,90,0.06,"['emissivity_band10', 'emissivity_band11', 'emissivity_band12', 'emissivity_band13', 'emissivity_band14', 'temperature', 'ndvi']"
CL_San_Antonio_Ctrl_NW,CL_San_Antonio_Ctrl_NW.tif,0,"[-71.623, -33.577]",5000,90,0.05,"['emissivity_band10', 'emissivity_band11', 'emissivity_band12', 'emissivity_band13', 'emissivity_band14', 'temperature', 'ndvi']"
CL_San_Antonio_Ctrl_SE,CL_San_Antonio_Ctrl_SE.tif,0,"[-71.597, -33.603]",5000,90,0.06,"['emissivity_band10', 'emissivity_band11', 'emissivity_band12', 'emissivity_band13', 'emissivity_band14', 'temperature', 'ndvi']"
CL_San_Antonio_Ctrl_SW,CL_San_Antonio_Ctrl_SW.tif,0,"[-71.623, -33.603]",5000,90,0.05,"['emissivity_band10', 'emissivity_band11', 'emissivity_band12', 'emissivity_band13', 'emissivity_band14', 'temperature', 'ndvi']"
CL_Quillota_Ctrl_center,CL_Quillota_Ctrl_center.tif,0,"[-71.25, -32.88]",5000,90,0.06,"['emissivity_band10', 'emissivity_band11', 'emissivity_band12', 'emissivity_band13', 'emissivity_band14', 'temperature', 'ndvi']"
CL_Quillota_Ctrl_N,CL_Quillota_Ctrl_N.tif,0,"[-71.25, -32.867]",5000,90,0.06,"['emissivity_band10', 'emissivity_band11', 'emissivity_band12', 'emissivity_band13', 'emissivity_band14', 'temperature', 'ndvi']"
CL_Quillota_Ctrl_S,CL_Quillota_Ctrl_S.tif,0,"[-71.25, -32.893]",5000,90,0.06,"['emissivity_band10', 'emissivity_band11', 'emissivity_band12', 'emissivity_band13', 'emissivity_band14', 'temperature', 'ndvi']"
CL_Quillota_Ctrl_E,CL_Quillota_Ctrl_E.tif,0,"[-71.237, -32.88]",5000,90,0.06,"['emissivity_band10', 'emissivity_band11', 'emissivity_band12', 'emissivity_band13', 'emissivity_band14', 'temperature', 'ndvi']"
CL_Quillota_Ctrl_W,CL_Quillota_Ctrl_W.tif,0,"[-71.263, -32.88]",5000,90,0.06,"['emissivity_band10', 'emissivity_band11', 'emissivity_band12', 'emissivity_band13', 'emissivity_band14', 'temperature', 'ndvi']"
CL_Quillota_Ctrl_NE,CL_Quillota_Ctrl_NE.tif,0,"[-71.237, -32.867]",5000,90,0.06,"['emissivity_band10', 'emissivity_band11', 'emissivity_band12', 'emissivity_band13', 'emissivity_band14', 'temperature', 'ndvi']"
CL_Quillota_Ctrl_NW,CL_Quillota_Ctrl_NW.tif,0,"[-71.263, -32.867]",5000,90,0.06,"['emissivity_band10', 'emissivity_band11', 'emissivity_band12', 'emissivity_band13', 'emissivity_band14', 'temperature', 'ndvi']"
CL_Quillota_Ctrl_SE,CL_Quillota_Ctrl_SE.tif,0,"[-71.237, -32.893]",5000,90,0.06,"['emissivity_band10', 'emissivity_band11', 'emissivity_band12', 'emissivity_band13', 'emissivity_band14', 'temperature', 'ndvi']"
CL_Quillota_Ctrl_SW,CL_Quillota_Ctrl_SW.tif,0,"[-71.263, -32.893]",5000,90,0.06,"['emissivity_band10', 'emissivity_band11', 'emissivity_band12', 'emissivity_band13', 'emissivity_band14', 'temperature', 'ndvi']"
CL_San_Felipe_Ctrl_center,CL_San_Felipe_Ctrl_center.tif,0,"[-70.73, -32.75]",5000,90,0.06,"['emissivity_band10', 'emissivity_band11', 'emissivity_band12', 'emissivity_band13', 'emissivity_band14', 'temperature', 'ndvi']"
CL_San_Felipe_Ctrl_N,CL_San_Felipe_Ctrl_N.tif,0,"[-70.73, -32.737]",5000,90,0.06,"['emissivity_band10', 'emissivity_band11', 'emissivity_band12', 'emissivity_band13', 'emissivity_band14', 'temperature', 'ndvi']"
CL_San_Felipe_Ctrl_S,CL_San_Felipe_Ctrl_S.tif,0,"[-70.73, -32.763]",5000,90,0.06,"['emissivity_band10', 'emissivity_band11', 'emissivity_band12', 'emissivity_band13', 'emissivity_band14', 'temperature', 'ndvi']"
CL_San_Felipe_Ctrl_E,CL_San_Felipe_Ctrl_E.tif,0,"[-70.717, -32.75]",5000,90,0.06,"['emissivity_band10', 'emissivity_band11', 'emissivity_band12', 'emissivity_band13', 'emissivity_band14', 'temperature', 'ndvi']"
CL_San_Felipe_Ctrl_W,CL_San_Felipe_Ctrl_W.tif,0,"[-70.743, -32.75]",5000,90,0.06,"['emissivity_band10', 'emissivity_band11', 'emissivity_band12', 'emissivity_band13', 'emissivity_band14', 'temperature', 'ndvi']"
CL_San_Felipe_Ctrl_NE,CL_San_Felipe_Ctrl_NE.tif,0,"[-70.717, -32.737]",5000,90,0.06,"['emissivity_band10', 'emissivity_band11', 'emissivity_band12', 'emissivity_band13', 'emissivity_band14', 'temperature', 'ndvi']"
CL_San_Felipe_Ctrl_NW,CL_San_Felipe_Ctrl_NW.tif,0,"[-70.743, -32.737]",5000,90,0.06,"['emissivity_band10', 'emissivity_band11', 'emissivity_band12', 'emissivity_band13', 'emissivity_band14', 'temperature', 'ndvi']"
CL_San_Felipe_Ctrl_SE,CL_San_Felipe_Ctrl_SE.tif,0,"[-70.717, -32.763]",5000,90,0.06,"['emissivity_band10', 'emissivity_band11', 'emissivity_band12', 'emissivity_band13', 'emissivity_band14', 'temperature', 'ndvi']"
CL_San_Felipe_Ctrl_SW,CL_San_Felipe_Ctrl_SW.tif,0,"[-70.743, -32.763]",5000,90,0.06,"['emissivity_band10', 'emissivity_band11', 'emissivity_band12', 'emissivity_band13', 'emissivity_band14', 'temperature', 'ndvi']"
CL_Linares_Ctrl_center,CL_Linares_Ctrl_center.tif,0,"[-71.6, -35.85]",5000,90,0.07,"['emissivity_band10', 'emissivity_band11', 'emissivity_band12', 'emissivity_band13', 'emissivity_band14', 'temperature', 'ndvi']"
CL_Linares_Ctrl_N,CL_Linares_Ctrl_N.tif,0,"[-71.6, -35.837]",5000,90,0.07,"['emissivity_band10', 'emissivity_band11', 'emissivity_band12', 'emissivity_band13', 'emissivity_band14', 'temperature', 'ndvi']"
CL_Linares_Ctrl_S,CL_Linares_Ctrl_S.tif,0,"[-71.6, -35.863]",5000,90,0.07,"['emissivity_band10', 'emissivity_band11', 'emissivity_band12', 'emissivity_band13', 'emissivity_band14', 'temperature', 'ndvi']"
CL_Linares_Ctrl_E,CL_Linares_Ctrl_E.tif,0,"[-71.587, -35.85]",5000,90,0.07,"['emissivity_band10', 'emissivity_band11', 'emissivity_band12', 'emissivity_band13', 'emissivity_band14', 'temperature', 'ndvi']"
CL_Linares_Ctrl_W,CL_Linares_Ctrl_W.tif,0,"[-71.613, -35.85]",5000,90,0.07,"['emissivity_band10', 'emissivity_band11', 'emissivity_band12', 'emissivity_band13', 'emissivity_band14', 'temperature', 'ndvi']"
CL_Linares_Ctrl_NE,CL_Linares_Ctrl_NE.tif,0,"[-71.587, -35.837]",5000,90,0.07,"['emissivity_band10', 'emissivity_band11', 'emissivity_band12', 'emissivity_band13', 'emissivity_band14', 'temperature', 'ndvi']"
CL_Linares_Ctrl_NW,CL_Linares_Ctrl_NW.tif,0,"[-71.613, -35.837]",5000,90,0.07,"['emissivity_band10', 'emissivity_band11', 'emissivity_band12', 'emissivity_band13', 'emissivity_band14', 'temperature', 'ndvi']"
CL_Linares_Ctrl_SE,CL_Linares_Ctrl_SE.tif,0,"[-71.587, -35.863]",5000,90,0.07,"['emissivity_band10', 'emissivity_band11', 'emissivity_band12', 'emissivity_band13', 'emissivity_band14', 'temperature', 'ndvi']"
CL_Linares_Ctrl_SW,CL_Linares_Ctrl_SW.tif,0,"[-71.613, -35.863]",5000,90,0.07,"['emissivity_band10', 'emissivity_band11', 'emissivity_band12', 'emissivity_band13', 'emissivity_band14', 'temperature', 'ndvi']"
CL_Cauquenes_Ctrl_center,CL_Cauquenes_Ctrl_center.tif,0,"[-72.32, -35.97]",5000,90,0.07,"['emissivity_band10', 'emissivity_band11', 'emissivity_band12', 'emissivity_band13', 'emissivity_band14', 'temperature', 'ndvi']"
CL_Cauquenes_Ctrl_N,CL_Cauquenes_Ctrl_N.tif,0,"[-72.32, -35.957]",5000,90,0.07,"['emissivity_band10', 'emissivity_band11', 'emissivity_band12', 'emissivity_band13', 'emissivity_band14', 'temperature', 'ndvi']"
CL_Cauquenes_Ctrl_S,CL_Cauquenes_Ctrl_S.tif,0,"[-72.32, -35.983]",5000,90,0.07,"['emissivity_band10', 'emissivity_band11', 'emissivity_band12', 'emissivity_band13', 'emissivity_band14', 'temperature', 'ndvi']"
CL_Cauquenes_Ctrl_E,CL_Cauquenes_Ctrl_E.tif,0,"[-72.307, -35.97]",5000,90,0.07,"['emissivity_band10', 'emissivity_band11', 'emissivity_band12', 'emissivity_band13', 'emissivity_band14', 'temperature', 'ndvi']"
CL_Cauquenes_Ctrl_W,CL_Cauquenes_Ctrl_W.tif,0,"[-72.333, -35.97]",5000,90,0.07,"['emissivity_band10', 'emissivity_band11', 'emissivity_band12', 'emissivity_band13', 'emissivity_band14', 'temperature', 'ndvi']"
CL_Cauquenes_Ctrl_NE,CL_Cauquenes_Ctrl_NE.tif,0,"[-72.307, -35.957]",5000,90,0.07,"['emissivity_band10', 'emissivity_band11', 'emissivity_band12', 'emissivity_band13', 'emissivity_band14', 'temperature', 'ndvi']"
CL_Cauquenes_Ctrl_NW,CL_Cauquenes_Ctrl_NW.tif,0,"[-72.333, -35.957]",5000,90,0.07,"['emissivity_band10', 'emissivity_band11', 'emissivity_band12', 'emissivity_band13', 'emissivity_band14', 'temperature', 'ndvi']"
CL_Cauquenes_Ctrl_SE,CL_Cauquenes_Ctrl_SE.tif,0,"[-72.307, -35.983]",5000,90,0.07,"['emissivity_band10', 'emissivity_band11', 'emissivity_band12', 'emissivity_band13', 'emissivity_band14', 'temperature', 'ndvi']"
CL_Cauquenes_Ctrl_SW,CL_Cauquenes_Ctrl_SW.tif,0,"[-72.333, -35.983]",5000,90,0.07,"['emissivity_band10', 'emissivity_band11', 'emissivity_band12', 'emissivity_band13', 'emissivity_band14', 'temperature', 'ndvi']"
CL_Constitucion_Ctrl_center,CL_Constitucion_Ctrl_center.tif,0,"[-72.41, -35.33]",5000,90,0.06,"['emissivity_band10', 'emissivity_band11', 'emissivity_band12', 'emissivity_band13', 'emissivity_band14', 'temperature', 'ndvi']"
CL_Constitucion_Ctrl_N,CL_Constitucion_Ctrl_N.tif,0,"[-72.41, -35.317]",5000,90,0.05,"['emissivity_band10', 'emissivity_band11', 'emissivity_band12', 'emissivity_band13', 'emissivity_band14', 'temperature', 'ndvi']"
CL_Constitucion_Ctrl_S,CL_Constitucion_Ctrl_S.tif,0,"[-72.41, -35.343]",5000,90,0.06,"['emissivity_band10', 'emissivity_band11', 'emissivity_band12', 'emissivity_band13', 'emissivity_band14', 'temperature', 'ndvi']"
CL_Constitucion_Ctrl_E,CL_Constitucion_Ctrl_E.tif,0,"[-72.397, -35.33]",5000,90,0.06,"['emissivity_band10', 'emissivity_band11', 'emissivity_band12', 'emissivity_band13', 'emissivity_band14', 'temperature', 'ndvi']"
CL_Constitucion_Ctrl_W,CL_Constitucion_Ctrl_W.tif,0,"[-72.423, -35.33]",5000,90,0.05,"['emissivity_band10', 'emissivity_band11', 'emissivity_band12', 'emissivity_band13', 'emissivity_band14', 'temperature', 'ndvi']"
CL_Constitucion_Ctrl_NE,CL_Constitucion_Ctrl_NE.tif,0,"[-72.397, -35.317]",5000,90,0.06,"['emissivity_band10', 'emissivity_band11', 'emissivity_band12', 'emissivity_band13', 'emissivity_band14', 'temperature', 'ndvi']"
CL_Constitucion_Ctrl_NW,CL_Constitucion_Ctrl_NW.tif,0,"[-72.423, -35.317]",5000,90,0.05,"['emissivity_band10', 'emissivity_band11', 'emissivity_band12', 'emissivity_band13', 'emissivity_band14', 'temperature', 'ndvi']"
CL_Constitucion_Ctrl_SE,CL_Constitucion_Ctrl_SE.tif,0,"[-72.397, -35.343]",5000,90,0.06,"['emissivity_band10', 'emissivity_band11', 'emissivity_band12', 'emissivity_band13', 'emissivity_band14', 'temperature', 'ndvi']"
CL_Constitucion_Ctrl_SW,CL_Constitucion_Ctrl_SW.tif,0,"[-72.423, -35.343]",5000,90,0.06,"['emissivity_band10', 'emissivity_band11', 'emissivity_band12', 'emissivity_band13', 'emissivity_band14', 'temperature', 'ndvi']"
CL_Angol_Ctrl_center,CL_Angol_Ctrl_center.tif,0,"[-72.71, -37.79]",5000,90,0.07,"['emissivity_band10', 'emissivity_band11', 'emissivity_band12', 'emissivity_band13', 'emissivity_band14', 'temperature', 'ndvi']"
CL_Angol_Ctrl_N,CL_Angol_Ctrl_N.tif,0,"[-72.71, -37.777]",5000,90,0.07,"['emissivity_band10', 'emissivity_band11', 'emissivity_band12', 'emissivity_band13', 'emissivity_band14', 'temperature', 'ndvi']"
CL_Angol_Ctrl_S,CL_Angol_Ctrl_S.tif,0,"[-72.71, -37.803]",5000,90,0.07,"['emissivity_band10', 'emissivity_band11', 'emissivity_band12', 'emissivity_band13', 'emissivity_band14', 'temperature', 'ndvi']"
CL_Angol_Ctrl_E,CL_Angol_Ctrl_E.tif,0,"[-72.697, -37.79]",5000,90,0.07,"['emissivity_band10', 'emissivity_band11', 'emissivity_band12', 'emissivity_band13', 'emissivity_band14', 'temperature', 'ndvi']"
CL_Angol_Ctrl_W,CL_Angol_Ctrl_W.tif,0,"[-72.723, -37.79]",5000,90,0.07,"['emissivity_band10', 'emissivity_band11', 'emissivity_band12', 'emissivity_band13', 'emissivity_band14', 'temperature', 'ndvi']"
CL_Angol_Ctrl_NE,CL_Angol_Ctrl_NE.tif,0,"[-72.697, -37.777]",5000,90,0.07,"['emissivity_band10', 'emissivity_band11', 'emissivity_band12', 'emissivity_band13', 'emissivity_band14', 'temperature', 'ndvi']"
CL_Angol_Ctrl_NW,CL_Angol_Ctrl_NW.tif,0,"[-72.723, -37.777]",5000,90,0.07,"['emissivity_band10', 'emissivity_band11', 'emissivity_band12', 'emissivity_band13', 'emissivity_band14', 'temperature', 'ndvi']"
CL_Angol_Ctrl_SE,CL_Angol_Ctrl_SE.tif,0,"[-72.697, -37.803]",5000,90,0.07,"['emissivity_band10', 'emissivity_band11', 'emissivity_band12', 'emissivity_band13', 'emissivity_band14', 'temperature', 'ndvi']"
CL_Angol_Ctrl_SW,CL_Angol_Ctrl_SW.tif,0,"[-72.723, -37.803]",5000,90,0.07,"['emissivity_band10', 'emissivity_band11', 'emissivity_band12', 'emissivity_band13', 'emissivity_band14', 'temperature', 'ndvi']"
CL_Victoria_Ctrl_center,CL_Victoria_Ctrl_center.tif,0,"[-72.33, -38.23]",5000,90,0.07,"['emissivity_band10', 'emissivity_band11', 'emissivity_band12', 'emissivity_band13', 'emissivity_band14', 'temperature', 'ndvi']"
CL_Victoria_Ctrl_N,CL_Victoria_Ctrl_N.tif,0,"[-72.33, -38.217]",5000,90,0.07,"['emissivity_band10', 'emissivity_band11', 'emissivity_band12', 'emissivity_band13', 'emissivity_band14', 'temperature', 'ndvi']"
CL_Victoria_Ctrl_S,CL_Victoria_Ctrl_S.tif,0,"[-72.33, -38.243]",5000,90,0.07,"['emissivity_band10', 'emissivity_band11', 'emissivity_band12', 'emissivity_band13', 'emissivity_band14', 'temperature', 'ndvi']"
CL_Victoria_Ctrl_E,CL_Victoria_Ctrl_E.tif,0,"[-72.317, -38.23]",5000,90,0.07,"['emissivity_band10', 'emissivity_band11', 'emissivity_band12', 'emissivity_band13', 'emissivity_band14', 'temperature', 'ndvi']"
CL_Victoria_Ctrl_W,CL_Victoria_Ctrl_W.tif,0,"[-72.343, -38.23]",5000,90,0.07,"['emissivity_band10', 'emissivity_band11', 'emissivity_band12', 'emissivity_band13', 'emissivity_band14', 'temperature', 'ndvi']"
CL_Victoria_Ctrl_NE,CL_Victoria_Ctrl_NE.tif,0,"[-72.317, -38.217]",5000,90,0.07,"['emissivity_band10', 'emissivity_band11', 'emissivity_band12', 'emissivity_band13', 'emissivity_band14', 'temperature', 'ndvi']"
CL_Victoria_Ctrl_NW,CL_Victoria_Ctrl_NW.tif,0,"[-72.343, -38.217]",5000,90,0.07,"['emissivity_band10', 'emissivity_band11', 'emissivity_band12', 'emissivity_band13', 'emissivity_band14', 'temperature', 'ndvi']"
CL_Victoria_Ctrl_SE,CL_Victoria_Ctrl_SE.tif,0,"[-72.317, -38.243]",5000,90,0.07,"['emissivity_band10', 'emissivity_band11', 'emissivity_band12', 'emissivity_band13', 'emissivity_band14', 'temperature', 'ndvi']"
CL_Victoria_Ctrl_SW,CL_Victoria_Ctrl_SW.tif,0,"[-72.343, -38.243]",5000,90,0.07,"['emissivity_band10', 'emissivity_band11', 'emissivity_band12', 'emissivity_band13', 'emissivity_band14', 'temperature', 'ndvi']"
CL_Villarrica_Ciudad_Ctrl_center,CL_Villarrica_Ciudad_Ctrl_center.tif,0,"[-72.22, -39.27]",5000,90,0.06,"['emissivity_band10', 'emissivity_band11', 'emissivity_band12', 'emissivity_band13', 'emissivity_band14', 'temperature', 'ndvi']"
CL_Villarrica_Ciudad_Ctrl_N,CL_Villarrica_Ciudad_Ctrl_N.tif,0,"[-72.22, -39.257]",5000,90,0.05,"['emissivity_band10', 'emissivity_band11', 'emissivity_band12', 'emissivity_band13', 'emissivity_band14', 'temperature', 'ndvi']"
CL_Villarrica_Ciudad_Ctrl_S,CL_Villarrica_Ciudad_Ctrl_S.tif,0,"[-72.22, -39.283]",5000,90,0.06,"['emissivity_band10', 'emissivity_band11', 'emissivity_band12', 'emissivity_band13', 'emissivity_band14', 'temperature', 'ndvi']"
CL_Villarrica_Ciudad_Ctrl_E,CL_Villarrica_Ciudad_Ctrl_E.tif,0,"[-72.207, -39.27]",5000,90,0.05,"['emissivity_band10', 'emissivity_band11', 'emissivity_band12', 'emissivity_band13', 'emissivity_band14', 'temperature', 'ndvi']"
CL_Villarrica_Ciudad_Ctrl_W,CL_Villarrica_Ciudad_Ctrl_W.tif,0,"[-72.233, -39.27]",5000,90,0.06,"['emissivity_band10', 'emissivity_band11', 'emissivity_band12', 'emissivity_band13', 'emissivity_band14', 'temperature', 'ndvi']"
CL_Villarrica_Ciudad_Ctrl_NE,CL_Villarrica_Ciudad_Ctrl_NE.tif,0,"[-72.207, -39.257]",5000,90,0.05,"['emissivity_band10', 'emissivity_band11', 'emissivity_band12', 'emissivity_band13', 'emissivity_band14', 'temperature', 'ndvi']"
CL_Villarrica_Ciudad_Ctrl_NW,CL_Villarrica_Ciudad_Ctrl_NW.tif,0,"[-72.233, -39.257]",5000,90,0.06,"['emissivity_band10', 'emissivity_band11', 'emissivity_band12', 'emissivity_band13', 'emissivity_band14', 'temperature', 'ndvi']"
CL_Villarrica_Ciudad_Ctrl_SE,CL_Villarrica_Ciudad_Ctrl_SE.tif,0,"[-72.207, -39.283]",5000,90,0.05,"['emissivity_band10', 'emissivity_band11', 'emissivity_band12', 'emissivity_band13', 'emissivity_band14', 'temperature', 'ndvi']"
CL_Villarrica_Ciudad_Ctrl_SW,CL_Villarrica_Ciudad_Ctrl_SW.tif,0,"[-72.233, -39.283]",5000,90,0.06,"['emissivity_band10', 'emissivity_band11', 'emissivity_band12', 'emissivity_band13', 'emissivity_band14', 'temperature', 'ndvi']"
CL_Ancud_Ctrl_center,CL_Ancud_Ctrl_center.tif,0,"[-73.83, -41.87]",5000,90,0.05,"['emissivity_band10', 'emissivity_band11', 'emissivity_band12', 'emissivity_band13', 'emissivity_band14', 'temperature', 'ndvi']"
CL_Ancud_Ctrl_N,CL_Ancud_Ctrl_N.tif,0,"[-73.83, -41.857]",5000,90,0.05,"['emissivity_band10', 'emissivity_band11', 'emissivity_band12', 'emissivity_band13', 'emissivity_band14', 'temperature', 'ndvi']"
CL_Ancud_Ctrl_S,CL_Ancud_Ctrl_S.tif,0,"[-73.83, -41.883]",5000,90,0.06,"['emissivity_band10', 'emissivity_band11', 'emissivity_band12', 'emissivity_band13', 'emissivity_band14', 'temperature', 'ndvi']"
CL_Ancud_Ctrl_E,CL_Ancud_Ctrl_E.tif,0,"[-73.817, -41.87]",5000,90,0.05,"['emissivity_band10', 'emissivity_band11', 'emissivity_band12', 'emissivity_band13', 'emissivity_band14', 'temperature', 'ndvi']"
CL_Ancud_Ctrl_W,CL_Ancud_Ctrl_W.tif,0,"[-73.843, -41.87]",5000,90,0.05,"['emissivity_band10', 'emissivity_band11', 'emissivity_band12', 'emissivity_band13', 'emissivity_band14', 'temperature', 'ndvi']"
CL_Ancud_Ctrl_NE,CL_Ancud_Ctrl_NE.tif,0,"[-73.817, -41.857]",5000,90,0.04,"['emissivity_band10', 'emissivity_band11', 'emissivity_band12', 'emissivity_band13', 'emissivity_band14', 'temperature', 'ndvi']"
CL_Ancud_Ctrl_NW,CL_Ancud_Ctrl_NW.tif,0,"[-73.843, -41.857]",5000,90,0.05,"['emissivity_band10', 'emissivity_band11', 'emissivity_band12', 'emissivity_band13', 'emissivity_band14', 'temperature', 'ndvi']"
CL_Ancud_Ctrl_SE,CL_Ancud_Ctrl_SE.tif,0,"[-73.817, -41.883]",5000,90,0.05,"['emissivity_band10', 'emissivity_band11', 'emissivity_band12', 'emissivity_band13', 'emissivity_band14', 'temperature', 'ndvi']"
CL_Ancud_Ctrl_SW,CL_Ancud_Ctrl_SW.tif,0,"[-73.843, -41.883]",5000,90,0.05,"['emissivity_band10', 'emissivity_band11', 'emissivity_band12', 'emissivity_band13', 'emissivity_band14', 'temperature', 'ndvi']"
CL_Castro_Ctrl_center,CL_Castro_Ctrl_center.tif,0,"[-73.76, -42.48]",5000,90,0.07,"['emissivity_band10', 'emissivity_band11', 'emissivity_band12', 'emissivity_band13', 'emissivity_band14', 'temperature', 'ndvi']"
CL_Castro_Ctrl_N,CL_Castro_Ctrl_N.tif,0,"[-73.76, -42.467]",5000,90,0.07,"['emissivity_band10', 'emissivity_band11', 'emissivity_band12', 'emissivity_band13', 'emissivity_band14', 'temperature', 'ndvi']"
CL_Castro_Ctrl_S,CL_Castro_Ctrl_S.tif,0,"[-73.76, -42.493]",5000,90,0.07,"['emissivity_band10', 'emissivity_band11', 'emissivity_band12', 'emissivity_band13', 'emissivity_band14', 'temperature', 'ndvi']"
CL_Castro_Ctrl_E,CL_Castro_Ctrl_E.tif,0,"[-73.747, -42.48]",5000,90,0.07,"['emissivity_band10', 'emissivity_band11', 'emissivity_band12', 'emissivity_band13', 'emissivity_band14', 'temperature', 'ndvi']"
CL_Castro_Ctrl_W,CL_Castro_Ctrl_W.tif,0,"[-73.773, -42.48]",5000,90,0.07,"['emissivity_band10', 'emissivity_band11', 'emissivity_band12', 'emissivity_band13', 'emissivity_band14', 'temperature', 'ndvi']"
CL_Castro_Ctrl_NE,CL_Castro_Ctrl_NE.tif,0,"[-73.747, -42.467]",5000,90,0.07,"['emissivity_band10', 'emissivity_band11', 'emissivity_band12', 'emissivity_band13', 'emissivity_band14', 'temperature', 'ndvi']"
CL_Castro_Ctrl_NW,CL_Castro_Ctrl_NW.tif,0,"[-73.773, -42.467]",5000,90,0.07,"['emissivity_band10', 'emissivity_band11', 'emissivity_band12', 'emissivity_band13', 'emissivity_band14', 'temperature', 'ndvi']"
CL_Castro_Ctrl_SE,CL_Castro_Ctrl_SE.tif,0,"[-73.747, -42.493]",5000,90,0.07,"['emissivity_band10', 'emissivity_band11', 'emissivity_band12', 'emissivity_band13', 'emissivity_band14', 'temperature', 'ndvi']"
CL_Castro_Ctrl_SW,CL_Castro_Ctrl_SW.tif,0,"[-73.773, -42.493]",5000,90,0.07,"['emissivity_band10', 'emissivity_band11', 'emissivity_band12', 'emissivity_band13', 'emissivity_band14', 'temperature', 'ndvi']"
CL_Coyhaique_Ctrl_center,CL_Coyhaique_Ctrl_center.tif,0,"[-72.07, -45.57]",5000,90,0.08,"['emissivity_band10', 'emissivity_band11', 'emissivity_band12', 'emissivity_band13', 'emissivity_band14', 'temperature', 'ndvi']"
CL_Coyhaique_Ctrl_N,CL_Coyhaique_Ctrl_N.tif,0,"[-72.07, -45.557]",5000,90,0.08,"['emissivity_band10', 'emissivity_band11', 'emissivity_band12', 'emissivity_band13', 'emissivity_band14', 'temperature', 'ndvi']"
CL_Coyhaique_Ctrl_S,CL_Coyhaique_Ctrl_S.tif,0,"[-72.07, -45.583]",5000,90,0.08,"['emissivity_band10', 'emissivity_band11', 'emissivity_band12', 'emissivity_band13', 'emissivity_band14', 'temperature', 'ndvi']"
CL_Coyhaique_Ctrl_E,CL_Coyhaique_Ctrl_E.tif,0,"[-72.057, -45.57]",5000,90,0.08,"['emissivity_band10', 'emissivity_band11', 'emissivity_band12', 'emissivity_band13', 'emissivity_band14', 'temperature', 'ndvi']"
CL_Coyhaique_Ctrl_W,CL_Coyhaique_Ctrl_W.tif,0,"[-72.083, -45.57]",5000,90,0.08,"['emissivity_band10', 'emissivity_band11', 'emissivity_band12', 'emissivity_band13', 'emissivity_band14', 'temperature', 'ndvi']"
CL_Coyhaique_Ctrl_NE,CL_Coyhaique_Ctrl_NE.tif,0,"[-72.057, -45.557]",5000,90,0.08,"['emissivity_band10', 'emissivity_band11', 'emissivity_band12', 'emissivity_band13', 'emissivity_band14', 'temperature', 'ndvi']"
CL_Coyhaique_Ctrl_NW,CL_Coyhaique_Ctrl_NW.tif,0,"[-72.083, -45.557]",5000,90,0.08,"['emissivity_band10', 'emissivity_band11', 'emissivity_band12', 'emissivity_band13', 'emissivity_band14', 'temperature', 'ndvi']"
CL_Coyhaique_Ctrl_SE,CL_Coyhaique_Ctrl_SE.tif,0,"[-72.057, -45.583]",5000,90,0.08,"['emissivity_band10', 'emissivity_band11', 'emissivity_band12', 'emissivity_band13', 'emissivity_band14', 'temperature', 'ndvi']"
CL_Coyhaique_Ctrl_SW,CL_Coyhaique_Ctrl_SW.tif,0,"[-72.083, -45.583]",5000,90,0.08,"['emissivity_band10', 'emissivity_band11', 'emissivity_band12', 'emissivity_band13', 'emissivity_band14', 'temperature', 'ndvi']"
CL_Natales_Ctrl_center,CL_Natales_Ctrl_center.tif,0,"[-72.51, -51.72]",5000,90,0.07,"['emissivity_band10', 'emissivity_band11', 'emissivity_band12', 'emissivity_band13', 'emissivity_band14', 'temperature', 'ndvi']"
CL_Natales_Ctrl_N,CL_Natales_Ctrl_N.tif,0,"[-72.51, -51.707]",5000,90,0.07,"['emissivity_band10', 'emissivity_band11', 'emissivity_band12', 'emissivity_band13', 'emissivity_band14', 'temperature', 'ndvi']"
CL_Natales_Ctrl_S,CL_Natales_Ctrl_S.tif,0,"[-72.51, -51.733]",5000,90,0.07,"['emissivity_band10', 'emissivity_band11', 'emissivity_band12', 'emissivity_band13', 'emissivity_band14', 'temperature', 'ndvi']"
CL_Natales_Ctrl_E,CL_Natales_Ctrl_E.tif,0,"[-72.497, -51.72]",5000,90,0.07,"['emissivity_band10', 'emissivity_band11', 'emissivity_band12', 'emissivity_band13', 'emissivity_band14', 'temperature', 'ndvi']"
CL_Natales_Ctrl_W,CL_Natales_Ctrl_W.tif,0,"[-72.523, -51.72]",5000,90,0.07,"['emissivity_band10', 'emissivity_band11', 'emissivity_band12', 'emissivity_band13', 'emissivity_band14', 'temperature', 'ndvi']"
CL_Natales_Ctrl_NE,CL_Natales_Ctrl_NE.tif,0,"[-72.497, -51.707]",5000,90,0.08,"['emissivity_band10', 'emissivity_band11', 'emissivity_band12', 'emissivity_band13', 'emissivity_band14', 'temperature', 'ndvi']"
CL_Natales_Ctrl_NW,CL_Natales_Ctrl_NW.tif,0,"[-72.523, -51.707]",5000,90,0.07,"['emissivity_band10', 'emissivity_band11', 'emissivity_band12', 'emissivity_band13', 'emissivity_band14', 'temperature', 'ndvi']"
CL_Natales_Ctrl_SE,CL_Natales_Ctrl_SE.tif,0,"[-72.497, -51.733]",5000,90,0.07,"['emissivity_band10', 'emissivity_band11', 'emissivity_band12', 'emissivity_band13', 'emissivity_band14', 'temperature', 'ndvi']"
CL_Natales_Ctrl_SW,CL_Natales_Ctrl_SW.tif,0,"[-72.523, -51.733]",5000,90,0.07,"['emissivity_band10', 'emissivity_band11', 'emissivity_band12', 'emissivity_band13', 'emissivity_band14', 'temperature', 'ndvi']"
CL_Porvenir_Ctrl_center,CL_Porvenir_Ctrl_center.tif,0,"[-70.37, -53.29]",5000,90,0.08,"['emissivity_band10', 'emissivity_band11', 'emissivity_band12', 'emissivity_band13', 'emissivity_band14', 'temperature', 'ndvi']"
CL_Porvenir_Ctrl_N,CL_Porvenir_Ctrl_N.tif,0,"[-70.37, -53.277]",5000,90,0.08,"['emissivity_band10', 'emissivity_band11', 'emissivity_band12', 'emissivity_band13', 'emissivity_band14', 'temperature', 'ndvi']"
CL_Porvenir_Ctrl_S,CL_Porvenir_Ctrl_S.tif,0,"[-70.37, -53.303]",5000,90,0.08,"['emissivity_band10', 'emissivity_band11', 'emissivity_band12', 'emissivity_band13', 'emissivity_band14', 'temperature', 'ndvi']"
CL_Porvenir_Ctrl_E,CL_Porvenir_Ctrl_E.tif,0,"[-70.357, -53.29]",5000,90,0.08,"['emissivity_band10', 'emissivity_band11', 'emissivity_band12', 'emissivity_band13', 'emissivity_band14', 'temperature', 'ndvi']"
CL_Porvenir_Ctrl_W,CL_Porvenir_Ctrl_W.tif,0,"[-70.383, -53.29]",5000,90,0.08,"['emissivity_band10', 'emissivity_band11', 'emissivity_band12', 'emissivity_band13', 'emissivity_band14', 'temperature', 'ndvi']"
CL_Porvenir_Ctrl_NE,CL_Porvenir_Ctrl_NE.tif,0,"[-70.357, -53.277]",5000,90,0.08,"['emissivity_band10', 'emissivity_band11', 'emissivity_band12', 'emissivity_band13', 'emissivity_band14', 'temperature', 'ndvi']"
CL_Porvenir_Ctrl_NW,CL_Porvenir_Ctrl_NW.tif,0,"[-70.383, -53.277]",5000,90,0.08,"['emissivity_band10', 'emissivity_band11', 'emissivity_band12', 'emissivity_band13', 'emissivity_band14', 'temperature', 'ndvi']"
CL_Porvenir_Ctrl_SE,CL_Porvenir_Ctrl_SE.tif,0,"[-70.357, -53.303]",5000,90,0.08,"['emissivity_band10', 'emissivity_band11', 'emissivity_band12', 'emissivity_band13', 'emissivity_band14', 'temperature', 'ndvi']"
CL_Porvenir_Ctrl_SW,CL_Porvenir_Ctrl_SW.tif,0,"[-70.383, -53.303]",5000,90,0.08,"['emissivity_band10', 'emissivity_band11', 'emissivity_band12', 'emissivity_band13', 'emissivity_band14', 'temperature', 'ndvi']"
CL_Salamanca_Ctrl_center,CL_Salamanca_Ctrl_center.tif,0,"[-70.97, -31.77]",5000,90,0.06,"['emissivity_band10', 'emissivity_band11', 'emissivity_band12', 'emissivity_band13', 'emissivity_band14', 'temperature', 'ndvi']"
CL_Salamanca_Ctrl_N,CL_Salamanca_Ctrl_N.tif,0,"[-70.97, -31.757]",5000,90,0.06,"['emissivity_band10', 'emissivity_band11', 'emissivity_band12', 'emissivity_band13', 'emissivity_band14', 'temperature', 'ndvi']"
CL_Salamanca_Ctrl_S,CL_Salamanca_Ctrl_S.tif,0,"[-70.97, -31.783]",5000,90,0.06,"['emissivity_band10', 'emissivity_band11', 'emissivity_band12', 'emissivity_band13', 'emissivity_band14', 'temperature', 'ndvi']"
CL_Salamanca_Ctrl_E,CL_Salamanca_Ctrl_E.tif,0,"[-70.957, -31.77]",5000,90,0.06,"['emissivity_band10', 'emissivity_band11', 'emissivity_band12', 'emissivity_band13', 'emissivity_band14', 'temperature', 'ndvi']"
CL_Salamanca_Ctrl_W,CL_Salamanca_Ctrl_W.tif,0,"[-70.983, -31.77]",5000,90,0.06,"['emissivity_band10', 'emissivity_band11', 'emissivity_band12', 'emissivity_band13', 'emissivity_band14', 'temperature', 'ndvi']"
CL_Salamanca_Ctrl_NE,CL_Salamanca_Ctrl_NE.tif,0,"[-70.957, -31.757]",5000,90,0.06,"['emissivity_band10', 'emissivity_band11', 'emissivity_band12', 'emissivity_band13', 'emissivity_band14', 'temperature', 'ndvi']"
CL_Salamanca_Ctrl_NW,CL_Salamanca_Ctrl_NW.tif,0,"[-70.983, -31.757]",5000,90,0.06,"['emissivity_band10', 'emissivity_band11', 'emissivity_band12', 'emissivity_band13', 'emissivity_band14', 'temperature', 'ndvi']"
CL_Salamanca_Ctrl_SE,CL_Salamanca_Ctrl_SE.tif,0,"[-70.957, -31.783]",5000,90,0.06,"['emissivity_band10', 'emissivity_band11', 'emissivity_band12', 'emissivity_band13', 'emissivity_band14', 'temperature', 'ndvi']"
CL_Salamanca_Ctrl_SW,CL_Salamanca_Ctrl_SW.tif,0,"[-70.983, -31.783]",5000,90,0.06,"['emissivity_band10', 'emissivity_band11', 'emissivity_band12', 'emissivity_band13', 'emissivity_band14', 'temperature', 'ndvi']"
CL_Illapel_Ctrl_center,CL_Illapel_Ctrl_center.tif,0,"[-71.17, -31.63]",5000,90,0.06,"['emissivity_band10', 'emissivity_band11', 'emissivity_band12', 'emissivity_band13', 'emissivity_band14', 'temperature', 'ndvi']"
CL_Illapel_Ctrl_N,CL_Illapel_Ctrl_N.tif,0,"[-71.17, -31.617]",5000,90,0.06,"['emissivity_band10', 'emissivity_band11', 'emissivity_band12', 'emissivity_band13', 'emissivity_band14', 'temperature', 'ndvi']"
CL_Illapel_Ctrl_S,CL_Illapel_Ctrl_S.tif,0,"[-71.17, -31.643]",5000,90,0.06,"['emissivity_band10', 'emissivity_band11', 'emissivity_band12', 'emissivity_band13', 'emissivity_band14', 'temperature', 'ndvi']"
CL_Illapel_Ctrl_E,CL_Illapel_Ctrl_E.tif,0,"[-71.157, -31.63]",5000,90,0.06,"['emissivity_band10', 'emissivity_band11', 'emissivity_band12', 'emissivity_band13', 'emissivity_band14', 'temperature', 'ndvi']"
CL_Illapel_Ctrl_W,CL_Illapel_Ctrl_W.tif,0,"[-71.183, -31.63]",5000,90,0.06,"['emissivity_band10', 'emissivity_band11', 'emissivity_band12', 'emissivity_band13', 'emissivity_band14', 'temperature', 'ndvi']"
CL_Illapel_Ctrl_NE,CL_Illapel_Ctrl_NE.tif,0,"[-71.157, -31.617]",5000,90,0.06,"['emissivity_band10', 'emissivity_band11', 'emissivity_band12', 'emissivity_band13', 'emissivity_band14', 'temperature', 'ndvi']"
CL_Illapel_Ctrl_NW,CL_Illapel_Ctrl_NW.tif,0,"[-71.183, -31.617]",5000,90,0.06,"['emissivity_band10', 'emissivity_band11', 'emissivity_band12', 'emissivity_band13', 'emissivity_band14', 'temperature', 'ndvi']"
CL_Illapel_Ctrl_SE,CL_Illapel_Ctrl_SE.tif,0,"[-71.157, -31.643]",5000,90,0.06,"['emissivity_band10', 'emissivity_band11', 'emissivity_band12', 'emissivity_band13', 'emissivity_band14', 'temperature', 'ndvi']"
CL_Illapel_Ctrl_SW,CL_Illapel_Ctrl_SW.tif,0,"[-71.183, -31.643]",5000,90,0.06,"['emissivity_band10', 'emissivity_band11', 'emissivity_band12', 'emissivity_band13', 'emissivity_band14', 'temperature', 'ndvi']"
CL_Tocopilla_Ctrl_center,CL_Tocopilla_Ctrl_center.tif,0,"[-70.2, -22.09]",5000,90,0.04,"['emissivity_band10', 'emissivity_band11', 'emissivity_band12', 'emissivity_band13', 'emissivity_band14', 'temperature', 'ndvi']"
CL_Tocopilla_Ctrl_N,CL_Tocopilla_Ctrl_N.tif,0,"[-70.2, -22.077]",5000,90,0.04,"['emissivity_band10', 'emissivity_band11', 'emissivity_band12', 'emissivity_band13', 'emissivity_band14', 'temperature', 'ndvi']"
CL_Tocopilla_Ctrl_S,CL_Tocopilla_Ctrl_S.tif,0,"[-70.2, -22.103]",5000,90,0.04,"['emissivity_band10', 'emissivity_band11', 'emissivity_band12', 'emissivity_band13', 'emissivity_band14', 'temperature', 'ndvi']"
CL_Tocopilla_Ctrl_E,CL_Tocopilla_Ctrl_E.tif,0,"[-70.187, -22.09]",5000,90,0.05,"['emissivity_band10', 'emissivity_band11', 'emissivity_band12', 'emissivity_band13', 'emissivity_band14', 'temperature', 'ndvi']"
CL_Tocopilla_Ctrl_W,CL_Tocopilla_Ctrl_W.tif,0,"[-70.213, -22.09]",5000,90,0.04,"['emissivity_band10', 'emissivity_band11', 'emissivity_band12', 'emissivity_band13', 'emissivity_band14', 'temperature', 'ndvi']"
CL_Tocopilla_Ctrl_NE,CL_Tocopilla_Ctrl_NE.tif,0,"[-70.187, -22.077]",5000,90,0.04,"['emissivity_band10', 'emissivity_band11', 'emissivity_band12', 'emissivity_band13', 'emissivity_band14', 'temperature', 'ndvi']"
CL_Tocopilla_Ctrl_NW,CL_Tocopilla_Ctrl_NW.tif,0,"[-70.213, -22.077]",5000,90,0.03,"['emissivity_band10', 'emissivity_band11', 'emissivity_band12', 'emissivity_band13', 'emissivity_band14', 'temperature', 'ndvi']"
CL_Tocopilla_Ctrl_SE,CL_Tocopilla_Ctrl_SE.tif,0,"[-70.187, -22.103]",5000,90,0.05,"['emissivity_band10', 'emissivity_band11', 'emissivity_band12', 'emissivity_band13', 'emissivity_band14', 'temperature', 'ndvi']"
CL_Tocopilla_Ctrl_SW,CL_Tocopilla_Ctrl_SW.tif,0,"[-70.213, -22.103]",5000,90,0.04,"['emissivity_band10', 'emissivity_band11', 'emissivity_band12', 'emissivity_band13', 'emissivity_band14', 'temperature', 'ndvi']"
CL_Mejillones_Ctrl_center,CL_Mejillones_Ctrl_center.tif,0,"[-70.45, -23.1]",5000,90,0.04,"['emissivity_band10', 'emissivity_band11', 'emissivity_band12', 'emissivity_band13', 'emissivity_band14', 'temperature', 'ndvi']"
CL_Mejillones_Ctrl_N,CL_Mejillones_Ctrl_N.tif,0,"[-70.45, -23.087]",5000,90,0.03,"['emissivity_band10', 'emissivity_band11', 'emissivity_band12', 'emissivity_band13', 'emissivity_band14', 'temperature', 'ndvi']"
CL_Mejillones_Ctrl_S,CL_Mejillones_Ctrl_S.tif,0,"[-70.45, -23.113]",5000,90,0.04,"['emissivity_band10', 'emissivity_band11', 'emissivity_band12', 'emissivity_band13', 'emissivity_band14', 'temperature', 'ndvi']"
CL_Mejillones_Ctrl_E,CL_Mejillones_Ctrl_E.tif,0,"[-70.437, -23.1]",5000,90,0.04,"['emissivity_band10', 'emissivity_band11', 'emissivity_band12', 'emissivity_band13', 'emissivity_band14', 'temperature', 'ndvi']"
CL_Mejillones_Ctrl_W,CL_Mejillones_Ctrl_W.tif,0,"[-70.463, -23.1]",5000,90,0.04,"['emissivity_band10', 'emissivity_band11', 'emissivity_band12', 'emissivity_band13', 'emissivity_band14', 'temperature', 'ndvi']"
CL_Mejillones_Ctrl_NE,CL_Mejillones_Ctrl_NE.tif,0,"[-70.437, -23.087]",5000,90,0.03,"['emissivity_band10', 'emissivity_band11', 'emissivity_band12', 'emissivity_band13', 'emissivity_band14', 'temperature', 'ndvi']"
CL_Mejillones_Ctrl_NW,CL_Mejillones_Ctrl_NW.tif,0,"[-70.463, -23.087]",5000,90,0.04,"['emissivity_band10', 'emissivity_band11', 'emissivity_band12', 'emissivity_band13', 'emissivity_band14', 'temperature', 'ndvi']"
CL_Mejillones_Ctrl_SE,CL_Mejillones_Ctrl_SE.tif,0,"[-70.437, -23.113]",5000,90,0.04,"['emissivity_band10', 'emissivity_band11', 'emissivity_band12', 'emissivity_band13', 'emissivity_band14', 'temperature', 'ndvi']"
CL_Mejillones_Ctrl_SW,CL_Mejillones_Ctrl_SW.tif,0,"[-70.463, -23.113]",5000,90,0.04,"['emissivity_band10', 'emissivity_band11', 'emissivity_band12', 'emissivity_band13', 'emissivity_band14', 'temperature', 'ndvi']"
CL_Taltal_Ctrl_center,CL_Taltal_Ctrl_center.tif,0,"[-70.48, -25.4]",5000,90,0.04,"['emissivity_band10', 'emissivity_band11', 'emissivity_band12', 'emissivity_band13', 'emissivity_band14', 'temperature', 'ndvi']"
CL_Taltal_Ctrl_N,CL_Taltal_Ctrl_N.tif,0,"[-70.48, -25.387]",5000,90,0.04,"['emissivity_band10', 'emissivity_band11', 'emissivity_band12', 'emissivity_band13', 'emissivity_band14', 'temperature', 'ndvi']"
CL_Taltal_Ctrl_S,CL_Taltal_Ctrl_S.tif,0,"[-70.48, -25.413]",5000,90,0.05,"['emissivity_band10', 'emissivity_band11', 'emissivity_band12', 'emissivity_band13', 'emissivity_band14', 'temperature', 'ndvi']"
CL_Taltal_Ctrl_E,CL_Taltal_Ctrl_E.tif,0,"[-70.467, -25.4]",5000,90,0.05,"['emissivity_band10', 'emissivity_band11', 'emissivity_band12', 'emissivity_band13', 'emissivity_band14', 'temperature', 'ndvi']"
CL_Taltal_Ctrl_W,CL_Taltal_Ctrl_W.tif,0,"[-70.493, -25.4]",5000,90,0.04,"['emissivity_band10', 'emissivity_band11', 'emissivity_band12', 'emissivity_band13', 'emissivity_band14', 'temperature', 'ndvi']"
CL_Taltal_Ctrl_NE,CL_Taltal_Ctrl_NE.tif,0,"[-70.467, -25.387]",5000,90,0.04,"['emissivity_band10', 'emissivity_band11', 'emissivity_band12', 'emissivity_band13', 'emissivity_band14', 'temperature', 'ndvi']"
CL_Taltal_Ctrl_NW,CL_Taltal_Ctrl_NW.tif,0,"[-70.493, -25.387]",5000,90,0.03,"['emissivity_band10', 'emissivity_band11', 'emissivity_band12', 'emissivity_band13', 'emissivity_band14', 'temperature', 'ndvi']"
CL_Taltal_Ctrl_SE,CL_Taltal_Ctrl_SE.tif,0,"[-70.467, -25.413]",5000,90,0.05,"['emissivity_band10', 'emissivity_band11', 'emissivity_band12', 'emissivity_band13', 'emissivity_band14', 'temperature', 'ndvi']"
CL_Taltal_Ctrl_SW,CL_Taltal_Ctrl_SW.tif,0,"[-70.493, -25.413]",5000,90,0.04,"['emissivity_band10', 'emissivity_band11', 'emissivity_band12', 'emissivity_band13', 'emissivity_band14', 'temperature', 'ndvi']"
CL_Chanaral_Ctrl_center,CL_Chanaral_Ctrl_center.tif,0,"[-70.62, -26.35]",5000,90,0.05,"['emissivity_band10', 'emissivity_band11', 'emissivity_band12', 'emissivity_band13', 'emissivity_band14', 'temperature', 'ndvi']"
CL_Chanaral_Ctrl_N,CL_Chanaral_Ctrl_N.tif,0,"[-70.62, -26.337]",5000,90,0.05,"['emissivity_band10', 'emissivity_band11', 'emissivity_band12', 'emissivity_band13', 'emissivity_band14', 'temperature', 'ndvi']"
CL_Chanaral_Ctrl_S,CL_Chanaral_Ctrl_S.tif,0,"[-70.62, -26.363]",5000,90,0.05,"['emissivity_band10', 'emissivity_band11', 'emissivity_band12', 'emissivity_band13', 'emissivity_band14', 'temperature', 'ndvi']"
CL_Chanaral_Ctrl_E,CL_Chanaral_Ctrl_E.tif,0,"[-70.607, -26.35]",5000,90,0.05,"['emissivity_band10', 'emissivity_band11', 'emissivity_band12', 'emissivity_band13', 'emissivity_band14', 'temperature', 'ndvi']"
CL_Chanaral_Ctrl_W,CL_Chanaral_Ctrl_W.tif,0,"[-70.633, -26.35]",5000,90,0.05,"['emissivity_band10', 'emissivity_band11', 'emissivity_band12', 'emissivity_band13', 'emissivity_band14', 'temperature', 'ndvi']"
CL_Chanaral_Ctrl_NE,CL_Chanaral_Ctrl_NE.tif,0,"[-70.607, -26.337]",5000,90,0.05,"['emissivity_band10', 'emissivity_band11', 'emissivity_band12', 'emissivity_band13', 'emissivity_band14', 'temperature', 'ndvi']"
CL_Chanaral_Ctrl_NW,CL_Chanaral_Ctrl_NW.tif,0,"[-70.633, -26.337]",5000,90,0.05,"['emissivity_band10', 'emissivity_band11', 'emissivity_band12', 'emissivity_band13', 'emissivity_band14', 'temperature', 'ndvi']"
CL_Chanaral_Ctrl_SE,CL_Chanaral_Ctrl_SE.tif,0,"[-70.607, -26.363]",5000,90,0.05,"['emissivity_band10', 'emissivity_band11', 'emissivity_band12', 'emissivity_band13', 'emissivity_band14', 'temperature', 'ndvi']"
CL_Chanaral_Ctrl_SW,CL_Chanaral_Ctrl_SW.tif,0,"[-70.633, -26.363]",5000,90,0.05,"['emissivity_band10', 'emissivity_band11', 'emissivity_band12', 'emissivity_band13', 'emissivity_band14', 'temperature', 'ndvi']"
CL_Huasco_Ctrl_center,CL_Huasco_Ctrl_center.tif,0,"[-71.21, -28.47]",5000,90,0.05,"['emissivity_band10', 'emissivity_band11', 'emissivity_band12', 'emissivity_band13', 'emissivity_band14', 'temperature', 'ndvi']"
CL_Huasco_Ctrl_N,CL_Huasco_Ctrl_N.tif,0,"[-71.21, -28.457]",5000,90,0.05,"['emissivity_band10', 'emissivity_band11', 'emissivity_band12', 'emissivity_band13', 'emissivity_band14', 'temperature', 'ndvi']"
CL_Huasco_Ctrl_S,CL_Huasco_Ctrl_S.tif,0,"[-71.21, -28.483]",5000,90,0.05,"['emissivity_band10', 'emissivity_band11', 'emissivity_band12', 'emissivity_band13', 'emissivity_band14', 'temperature', 'ndvi']"
CL_Huasco_Ctrl_E,CL_Huasco_Ctrl_E.tif,0,"[-71.197, -28.47]",5000,90,0.05,"['emissivity_band10', 'emissivity_band11', 'emissivity_band12', 'emissivity_band13', 'emissivity_band14', 'temperature', 'ndvi']"
CL_Huasco_Ctrl_W,CL_Huasco_Ctrl_W.tif,0,"[-71.223, -28.47]",5000,90,0.05,"['emissivity_band10', 'emissivity_band11', 'emissivity_band12', 'emissivity_band13', 'emissivity_band14', 'temperature', 'ndvi']"
CL_Huasco_Ctrl_NE,CL_Huasco_Ctrl_NE.tif,0,"[-71.197, -28.457]",5000,90,0.05,"['emissivity_band10', 'emissivity_band11', 'emissivity_band12', 'emissivity_band13', 'emissivity_band14', 'temperature', 'ndvi']"
CL_Huasco_Ctrl_NW,CL_Huasco_Ctrl_NW.tif,0,"[-71.223, -28.457]",5000,90,0.04,"['emissivity_band10', 'emissivity_band11', 'emissivity_band12', 'emissivity_band13', 'emissivity_band14', 'temperature', 'ndvi']"
CL_Huasco_Ctrl_SE,CL_Huasco_Ctrl_SE.tif,0,"[-71.197, -28.483]",5000,90,0.06,"['emissivity_band10', 'emissivity_band11', 'emissivity_band12', 'emissivity_band13', 'emissivity_band14', 'temperature', 'ndvi']"
CL_Huasco_Ctrl_SW,CL_Huasco_Ctrl_SW.tif,0,"[-71.223, -28.483]",5000,90,0.05,"['emissivity_band10', 'emissivity_band11', 'emissivity_band12', 'emissivity_band13', 'emissivity_band14', 'temperature', 'ndvi']"
CL_Lebu_Ctrl_center,CL_Lebu_Ctrl_center.tif,0,"[-73.65, -37.61]",5000,90,0.06,"['emissivity_band10', 'emissivity_band11', 'emissivity_band12', 'emissivity_band13', 'emissivity_band14', 'temperature', 'ndvi']"
CL_Lebu_Ctrl_N,CL_Lebu_Ctrl_N.tif,0,"[-73.65, -37.597]",5000,90,0.05,"['emissivity_band10', 'emissivity_band11', 'emissivity_band12', 'emissivity_band13', 'emissivity_band14', 'temperature', 'ndvi']"
CL_Lebu_Ctrl_S,CL_Lebu_Ctrl_S.tif,0,"[-73.65, -37.623]",5000,90,0.06,"['emissivity_band10', 'emissivity_band11', 'emissivity_band12', 'emissivity_band13', 'emissivity_band14', 'temperature', 'ndvi']"
CL_Lebu_Ctrl_E,CL_Lebu_Ctrl_E.tif,0,"[-73.637, -37.61]",5000,90,0.06,"['emissivity_band10', 'emissivity_band11', 'emissivity_band12', 'emissivity_band13', 'emissivity_band14', 'temperature', 'ndvi']"
CL_Lebu_Ctrl_W,CL_Lebu_Ctrl_W.tif,0,"[-73.663, -37.61]",5000,90,0.05,"['emissivity_band10', 'emissivity_band11', 'emissivity_band12', 'emissivity_band13', 'emissivity_band14', 'temperature', 'ndvi']"
CL_Lebu_Ctrl_NE,CL_Lebu_Ctrl_NE.tif,0,"[-73.637, -37.597]",5000,90,0.06,"['emissivity_band10', 'emissivity_band11', 'emissivity_band12', 'emissivity_band13', 'emissivity_band14', 'temperature', 'ndvi']"
CL_Lebu_Ctrl_NW,CL_Lebu_Ctrl_NW.tif,0,"[-73.663, -37.597]",5000,90,0.05,"['emissivity_band10', 'emissivity_band11', 'emissivity_band12', 'emissivity_band13', 'emissivity_band14', 'temperature', 'ndvi']"
CL_Lebu_Ctrl_SE,CL_Lebu_Ctrl_SE.tif,0,"[-73.637, -37.623]",5000,90,0.06,"['emissivity_band10', 'emissivity_band11', 'emissivity_band12', 'emissivity_band13', 'emissivity_band14', 'temperature', 'ndvi']"
CL_Lebu_Ctrl_SW,CL_Lebu_Ctrl_SW.tif,0,"[-73.663, -37.623]",5000,90,0.05,"['emissivity_band10', 'emissivity_band11', 'emissivity_band12', 'emissivity_band13', 'emissivity_band14', 'temperature', 'ndvi']"
CL_Coronel_Ctrl_center,CL_Coronel_Ctrl_center.tif,0,"[-73.15, -37.03]",5000,90,0.01,"['emissivity_band10', 'emissivity_band11', 'emissivity_band12', 'emissivity_band13', 'emissivity_band14', 'temperature', 'ndvi']"
CL_Coronel_Ctrl_N,CL_Coronel_Ctrl_N.tif,0,"[-73.15, -37.017]",5000,90,0.01,"['emissivity_band10', 'emissivity_band11', 'emissivity_band12', 'emissivity_band13', 'emissivity_band14', 'temperature', 'ndvi']"
CL_Coronel_Ctrl_S,CL_Coronel_Ctrl_S.tif,0,"[-73.15, -37.043]",5000,90,0.0,"['emissivity_band10', 'emissivity_band11', 'emissivity_band12', 'emissivity_band13', 'emissivity_band14', 'temperature', 'ndvi']"
CL_Coronel_Ctrl_E,CL_Coronel_Ctrl_E.tif,0,"[-73.137, -37.03]",5000,90,0.01,"['emissivity_band10', 'emissivity_band11', 'emissivity_band12', 'emissivity_band13', 'emissivity_band14', 'temperature', 'ndvi']"
CL_Coronel_Ctrl_W,CL_Coronel_Ctrl_W.tif,0,"[-73.163, -37.03]",5000,90,0.01,"['emissivity_band10', 'emissivity_band11', 'emissivity_band12', 'emissivity_band13', 'emissivity_band14', 'temperature', 'ndvi']"
CL_Coronel_Ctrl_NE,CL_Coronel_Ctrl_NE.tif,0,"[-73.137, -37.017]",5000,90,0.01,"['emissivity_band10', 'emissivity_band11', 'emissivity_band12', 'emissivity_band13', 'emissivity_band14', 'temperature', 'ndvi']"
CL_Coronel_Ctrl_NW,CL_Coronel_Ctrl_NW.tif,0,"[-73.163, -37.017]",5000,90,0.01,"['emissivity_band10', 'emissivity_band11', 'emissivity_band12', 'emissivity_band13', 'emissivity_band14', 'temperature', 'ndvi']"
CL_Coronel_Ctrl_SE,CL_Coronel_Ctrl_SE.tif,0,"[-73.137, -37.043]",5000,90,0.0,"['emissivity_band10', 'emissivity_band11', 'emissivity_band12', 'emissivity_band13', 'emissivity_band14', 'temperature', 'ndvi']"
CL_Coronel_Ctrl_SW,CL_Coronel_Ctrl_SW.tif,0,"[-73.163, -37.043]",5000,90,0.0,"['emissivity_band10', 'emissivity_band11', 'emissivity_band12', 'emissivity_band13', 'emissivity_band14', 'temperature', 'ndvi']"
