filename,label,zone_name,latitude,longitude
Nevado_del_Ruiz_center.tif,1,Nevado_del_Ruiz_center,4.8951,-75.3222
Nevado_del_Ruiz_north.tif,1,Nevado_del_Ruiz_north,4.91,-75.315
Nevado_del_Ruiz_south.tif,1,Nevado_del_Ruiz_south,4.88,-75.33
Nevado_del_Ruiz_west.tif,1,Nevado_del_Ruiz_west,4.895,-75.345
Nevado_del_Ruiz_east.tif,1,Nevado_del_Ruiz_east,4.895,-75.3
Nevado_del_Ruiz_NE.tif,1,Nevado_del_Ruiz_NE,4.91,-75.3
Nevado_del_Ruiz_SW.tif,1,Nevado_del_Ruiz_SW,4.88,-75.345
Volcan_Purace_center.tif,1,Volcan_Purace_center,2.3206,-76.4036
Volcan_Purace_north.tif,1,Volcan_Purace_north,2.335,-76.4
Volcan_Purace_south.tif,1,Volcan_Purace_south,2.305,-76.407
Volcan_Purace_east.tif,1,Volcan_Purace_east,2.32,-76.385
Volcan_Purace_west.tif,1,Volcan_Purace_west,2.32,-76.42
Volcan_Purace_NE.tif,1,Volcan_Purace_NE,2.335,-76.385
Volcan_Purace_SW.tif,1,Volcan_Purace_SW,2.305,-76.42
Volcan_Galeras_center.tif,1,Volcan_Galeras_center,1.22,-77.36
Volcan_Galeras_north.tif,1,Volcan_Galeras_north,1.235,-77.355
Volcan_Galeras_south.tif,1,Volcan_Galeras_south,1.205,-77.365
Volcan_Galeras_east.tif,1,Volcan_Galeras_east,1.22,-77.34
Volcan_Galeras_west.tif,1,Volcan_Galeras_west,1.22,-77.38
Volcan_Galeras_NE.tif,1,Volcan_Galeras_NE,1.235,-77.34
Volcan_Galeras_SW.tif,1,Volcan_Galeras_SW,1.205,-77.38
Paipa_Iza_center.tif,1,Paipa_Iza_center,5.7781,-73.1124
Paipa_Iza_north.tif,1,Paipa_Iza_north,5.79,-73.11
Paipa_Iza_south.tif,1,Paipa_Iza_south,5.765,-73.115
Paipa_Iza_east.tif,1,Paipa_Iza_east,5.778,-73.095
Paipa_Iza_west.tif,1,Paipa_Iza_west,5.778,-73.13
Paipa_Iza_NE.tif,1,Paipa_Iza_NE,5.79,-73.095
Paipa_Iza_SW.tif,1,Paipa_Iza_SW,5.765,-73.13
Nevado_del_Tolima_center.tif,1,Nevado_del_Tolima_center,4.66,-75.33
Nevado_del_Tolima_north.tif,1,Nevado_del_Tolima_north,4.675,-75.325
Nevado_del_Tolima_south.tif,1,Nevado_del_Tolima_south,4.645,-75.335
Nevado_del_Tolima_east.tif,1,Nevado_del_Tolima_east,4.66,-75.31
Nevado_del_Tolima_west.tif,1,Nevado_del_Tolima_west,4.66,-75.35
Volcan_Cumbal_center.tif,1,Volcan_Cumbal_center,0.95,-77.88
Volcan_Cumbal_north.tif,1,Volcan_Cumbal_north,0.965,-77.875
Volcan_Cumbal_south.tif,1,Volcan_Cumbal_south,0.935,-77.885
Volcan_Cumbal_east.tif,1,Volcan_Cumbal_east,0.95,-77.86
Volcan_Cumbal_west.tif,1,Volcan_Cumbal_west,0.95,-77.9
Volcan_Sotara_center.tif,1,Volcan_Sotara_center,2.11,-76.59
Volcan_Sotara_north.tif,1,Volcan_Sotara_north,2.125,-76.585
Volcan_Sotara_south.tif,1,Volcan_Sotara_south,2.095,-76.595
Volcan_Sotara_east.tif,1,Volcan_Sotara_east,2.11,-76.57
Volcan_Sotara_west.tif,1,Volcan_Sotara_west,2.11,-76.61
Volcan_Azufral_center.tif,1,Volcan_Azufral_center,1.085,-77.68
Volcan_Azufral_north.tif,1,Volcan_Azufral_north,1.1,-77.675
Volcan_Azufral_south.tif,1,Volcan_Azufral_south,1.07,-77.685
Volcan_Azufral_east.tif,1,Volcan_Azufral_east,1.085,-77.66
Volcan_Azufral_west.tif,1,Volcan_Azufral_west,1.085,-77.7
Cerro_Machin_center.tif,1,Cerro_Machin_center,4.49,-75.39
Cerro_Machin_north.tif,1,Cerro_Machin_north,4.505,-75.385
Cerro_Machin_south.tif,1,Cerro_Machin_south,4.475,-75.395
Cerro_Machin_east.tif,1,Cerro_Machin_east,4.49,-75.37
Cerro_Machin_west.tif,1,Cerro_Machin_west,4.49,-75.41
Dona_Juana_center.tif,1,Dona_Juana_center,1.5,-76.94
Dona_Juana_north.tif,1,Dona_Juana_north,1.515,-76.935
Dona_Juana_south.tif,1,Dona_Juana_south,1.485,-76.945
Dona_Juana_east.tif,1,Dona_Juana_east,1.5,-76.92
Dona_Juana_west.tif,1,Dona_Juana_west,1.5,-76.96
Las_Animas_center.tif,1,Las_Animas_center,2.37,-76.58
Las_Animas_north.tif,1,Las_Animas_north,2.385,-76.575
Las_Animas_south.tif,1,Las_Animas_south,2.355,-76.585
Cerro_Bravo_center.tif,1,Cerro_Bravo_center,5.09,-75.3
Cerro_Bravo_north.tif,1,Cerro_Bravo_north,5.105,-75.295
Cerro_Bravo_south.tif,1,Cerro_Bravo_south,5.075,-75.305
Cerro_Bravo_east.tif,1,Cerro_Bravo_east,5.09,-75.28
Santa_Isabel_center.tif,1,Santa_Isabel_center,4.815,-75.37
Santa_Isabel_north.tif,1,Santa_Isabel_north,4.83,-75.365
Santa_Isabel_south.tif,1,Santa_Isabel_south,4.8,-75.375
Nevado_Huila_center.tif,1,Nevado_Huila_center,2.94,-76.03
Nevado_Huila_north.tif,1,Nevado_Huila_north,2.955,-76.025
Nevado_Huila_south.tif,1,Nevado_Huila_south,2.925,-76.035
Nevado_Huila_east.tif,1,Nevado_Huila_east,2.94,-76.01
Volcan_Chiles_center.tif,1,Volcan_Chiles_center,0.82,-77.94
Volcan_Chiles_north.tif,1,Volcan_Chiles_north,0.835,-77.935
Volcan_Chiles_south.tif,1,Volcan_Chiles_south,0.805,-77.945
Cerro_Negro_center.tif,1,Cerro_Negro_center,0.83,-77.96
Cerro_Negro_east.tif,1,Cerro_Negro_east,0.83,-77.94
Manizales_thermal.tif,1,Manizales_thermal,5.07,-75.52
Coconuco_thermal.tif,1,Coconuco_thermal,2.43,-76.385
Santa_Rosa_Cabal.tif,1,Santa_Rosa_Cabal,4.87,-75.62
Herveo_thermal.tif,1,Herveo_thermal,4.88,-75.13
Villa_Maria_thermal.tif,1,Villa_Maria_thermal,4.9,-74.98
Termales_San_Vicente.tif,1,Termales_San_Vicente,6.88,-73.42
Termales_Tabio.tif,1,Termales_Tabio,4.92,-74.09
Termales_Choachi.tif,1,Termales_Choachi,4.53,-73.92
Termales_Rivera_Huila.tif,1,Termales_Rivera_Huila,2.78,-75.26
Termales_Guadalupe_Santander.tif,1,Termales_Guadalupe_Santander,6.25,-73.41
San_Agustin_Huila_thermal.tif,1,San_Agustin_Huila_thermal,1.88,-76.27
Pitalito_thermal.tif,1,Pitalito_thermal,1.86,-76.04
Romeral_center.tif,1,Romeral_center,4.96,-75.364
Romeral_north.tif,1,Romeral_north,4.975,-75.359
Romeral_south.tif,1,Romeral_south,4.945,-75.369
Termales_Coconuco_sur.tif,1,Termales_Coconuco_sur,2.3,-76.39
Termales_Purace_flanco.tif,1,Termales_Purace_flanco,2.31,-76.37
Termales_Santa_Rosa_norte.tif,1,Termales_Santa_Rosa_norte,4.89,-75.61
Termales_Manizales_sur.tif,1,Termales_Manizales_sur,5.05,-75.515
Termales_Ruiz_flanco_E.tif,1,Termales_Ruiz_flanco_E,4.89,-75.28
Termales_Ruiz_flanco_W.tif,1,Termales_Ruiz_flanco_W,4.9,-75.36
Termales_Galeras_flanco_N.tif,1,Termales_Galeras_flanco_N,1.24,-77.345
Termales_Galeras_flanco_S.tif,1,Termales_Galeras_flanco_S,1.2,-77.37
Cerro_Bravo_west.tif,1,Cerro_Bravo_west,5.09,-75.32
Santa_Isabel_east.tif,1,Santa_Isabel_east,4.815,-75.35
Nevado_Huila_west.tif,1,Nevado_Huila_west,2.94,-76.05
Nevado_Huila_NE.tif,1,Nevado_Huila_NE,2.955,-76.01
Cerro_Machin_NE.tif,1,Cerro_Machin_NE,4.505,-75.37
Cerro_Machin_SW.tif,1,Cerro_Machin_SW,4.475,-75.41
Dona_Juana_NE.tif,1,Dona_Juana_NE,1.515,-76.92
Dona_Juana_SW.tif,1,Dona_Juana_SW,1.485,-76.96
Volcan_Chiles_east.tif,1,Volcan_Chiles_east,0.82,-77.92
Volcan_Chiles_west.tif,1,Volcan_Chiles_west,0.82,-77.96
Cocuy_thermal.tif,1,Cocuy_thermal,6.42,-72.31
EC_Cotopaxi_center.tif,1,EC_Cotopaxi_center,-0.677,-78.436
EC_Cotopaxi_north.tif,1,EC_Cotopaxi_north,-0.662,-78.436
EC_Cotopaxi_south.tif,1,EC_Cotopaxi_south,-0.692,-78.436
EC_Cotopaxi_east.tif,1,EC_Cotopaxi_east,-0.677,-78.416
EC_Cotopaxi_west.tif,1,EC_Cotopaxi_west,-0.677,-78.456
EC_Cotopaxi_NE.tif,1,EC_Cotopaxi_NE,-0.662,-78.416
EC_Cotopaxi_SW.tif,1,EC_Cotopaxi_SW,-0.692,-78.456
EC_Tungurahua_center.tif,1,EC_Tungurahua_center,-1.467,-78.442
EC_Tungurahua_north.tif,1,EC_Tungurahua_north,-1.452,-78.442
EC_Tungurahua_south.tif,1,EC_Tungurahua_south,-1.482,-78.442
EC_Tungurahua_east.tif,1,EC_Tungurahua_east,-1.467,-78.422
EC_Tungurahua_west.tif,1,EC_Tungurahua_west,-1.467,-78.462
EC_Tungurahua_NE.tif,1,EC_Tungurahua_NE,-1.452,-78.422
EC_Tungurahua_SW.tif,1,EC_Tungurahua_SW,-1.482,-78.462
EC_Reventador_center.tif,1,EC_Reventador_center,-0.077,-77.65
EC_Reventador_north.tif,1,EC_Reventador_north,-0.062,-77.65
EC_Reventador_south.tif,1,EC_Reventador_south,-0.092,-77.65
EC_Reventador_east.tif,1,EC_Reventador_east,-0.077,-77.63
EC_Reventador_west.tif,1,EC_Reventador_west,-0.077,-77.67
EC_Reventador_NE.tif,1,EC_Reventador_NE,-0.062,-77.63
EC_Reventador_SW.tif,1,EC_Reventador_SW,-0.092,-77.67
EC_Sangay_center.tif,1,EC_Sangay_center,-2.005,-78.341
EC_Sangay_north.tif,1,EC_Sangay_north,-2.015,-78.34
EC_Sangay_south.tif,1,EC_Sangay_south,-2.045,-78.34
EC_Sangay_east.tif,1,EC_Sangay_east,-2.03,-78.32
EC_Sangay_west.tif,1,EC_Sangay_west,-2.03,-78.36
EC_Sangay_NE.tif,1,EC_Sangay_NE,-1.992,-78.328
EC_Sangay_SW.tif,1,EC_Sangay_SW,-2.018,-78.354
EC_Pichincha_center.tif,1,EC_Pichincha_center,-0.171,-78.598
EC_Pichincha_north.tif,1,EC_Pichincha_north,-0.156,-78.598
EC_Pichincha_south.tif,1,EC_Pichincha_south,-0.186,-78.598
EC_Pichincha_east.tif,1,EC_Pichincha_east,-0.171,-78.578
EC_Pichincha_west.tif,1,EC_Pichincha_west,-0.171,-78.618
EC_Cayambe_center.tif,1,EC_Cayambe_center,0.029,-77.986
EC_Cayambe_north.tif,1,EC_Cayambe_north,0.044,-77.986
EC_Cayambe_south.tif,1,EC_Cayambe_south,0.014,-77.986
EC_Cayambe_east.tif,1,EC_Cayambe_east,0.029,-77.966
EC_Cayambe_west.tif,1,EC_Cayambe_west,0.029,-78.006
EC_Antisana_center.tif,1,EC_Antisana_center,-0.481,-78.14
EC_Antisana_north.tif,1,EC_Antisana_north,-0.466,-78.14
EC_Antisana_south.tif,1,EC_Antisana_south,-0.496,-78.14
EC_Antisana_east.tif,1,EC_Antisana_east,-0.481,-78.12
EC_Antisana_west.tif,1,EC_Antisana_west,-0.481,-78.16
EC_Chimborazo_center.tif,1,EC_Chimborazo_center,-1.469,-78.817
EC_Chimborazo_north.tif,1,EC_Chimborazo_north,-1.454,-78.817
EC_Chimborazo_south.tif,1,EC_Chimborazo_south,-1.484,-78.817
EC_Chimborazo_east.tif,1,EC_Chimborazo_east,-1.469,-78.797
EC_Chimborazo_west.tif,1,EC_Chimborazo_west,-1.469,-78.837
EC_Chalupas_center.tif,1,EC_Chalupas_center,-0.78,-78.34
EC_Chalupas_north.tif,1,EC_Chalupas_north,-0.765,-78.34
EC_Chalupas_south.tif,1,EC_Chalupas_south,-0.795,-78.34
EC_Chalupas_east.tif,1,EC_Chalupas_east,-0.78,-78.32
EC_Chalupas_west.tif,1,EC_Chalupas_west,-0.78,-78.36
EC_Quilotoa_center.tif,1,EC_Quilotoa_center,-0.85,-78.9
EC_Quilotoa_north.tif,1,EC_Quilotoa_north,-0.835,-78.9
EC_Quilotoa_south.tif,1,EC_Quilotoa_south,-0.865,-78.9
EC_Illiniza_center.tif,1,EC_Illiniza_center,-0.659,-78.714
EC_Illiniza_north.tif,1,EC_Illiniza_north,-0.644,-78.714
EC_Illiniza_south.tif,1,EC_Illiniza_south,-0.674,-78.714
EC_Chachimbiro_center.tif,1,EC_Chachimbiro_center,0.46,-78.29
EC_Chachimbiro_north.tif,1,EC_Chachimbiro_north,0.475,-78.29
EC_Chachimbiro_south.tif,1,EC_Chachimbiro_south,0.445,-78.29
EC_Cuicocha_center.tif,1,EC_Cuicocha_center,0.308,-78.364
EC_Cuicocha_north.tif,1,EC_Cuicocha_north,0.323,-78.364
EC_Cuicocha_south.tif,1,EC_Cuicocha_south,0.293,-78.364
EC_Pululagua_center.tif,1,EC_Pululagua_center,0.038,-78.463
EC_Pululagua_north.tif,1,EC_Pululagua_north,0.053,-78.463
EC_Pululagua_south.tif,1,EC_Pululagua_south,0.023,-78.463
EC_Atacazo_center.tif,1,EC_Atacazo_center,-0.353,-78.617
EC_Atacazo_north.tif,1,EC_Atacazo_north,-0.338,-78.617
EC_Atacazo_south.tif,1,EC_Atacazo_south,-0.368,-78.617
EC_Cotacachi_center.tif,1,EC_Cotacachi_center,0.361,-78.349
EC_Cotacachi_north.tif,1,EC_Cotacachi_north,0.376,-78.349
EC_Cotacachi_south.tif,1,EC_Cotacachi_south,0.346,-78.349
EC_Mojanda_center.tif,1,EC_Mojanda_center,0.13,-78.27
EC_Mojanda_north.tif,1,EC_Mojanda_north,0.145,-78.27
EC_Mojanda_south.tif,1,EC_Mojanda_south,0.115,-78.27
EC_Imbabura_center.tif,1,EC_Imbabura_center,0.26,-78.18
EC_Imbabura_north.tif,1,EC_Imbabura_north,0.275,-78.18
EC_Imbabura_south.tif,1,EC_Imbabura_south,0.245,-78.18
EC_Banos_Agua_Santa.tif,1,EC_Banos_Agua_Santa,-1.4,-78.42
EC_Papallacta_thermal.tif,1,EC_Papallacta_thermal,-0.37,-78.14
EC_Oyacachi_thermal.tif,1,EC_Oyacachi_thermal,-0.21,-78.07
EC_Nangulvi_thermal.tif,1,EC_Nangulvi_thermal,0.33,-78.5
EC_San_Vicente_thermal.tif,1,EC_San_Vicente_thermal,-2.22,-80.23
EC_Guapan_thermal.tif,1,EC_Guapan_thermal,-2.73,-78.9
PE_Misti_center.tif,1,PE_Misti_center,-16.294,-71.409
PE_Misti_north.tif,1,PE_Misti_north,-16.279,-71.409
PE_Misti_south.tif,1,PE_Misti_south,-16.309,-71.409
PE_Misti_east.tif,1,PE_Misti_east,-16.294,-71.389
PE_Misti_west.tif,1,PE_Misti_west,-16.294,-71.429
PE_Misti_NE.tif,1,PE_Misti_NE,-16.279,-71.389
PE_Misti_SW.tif,1,PE_Misti_SW,-16.309,-71.429
PE_Ubinas_center.tif,1,PE_Ubinas_center,-16.355,-70.903
PE_Ubinas_north.tif,1,PE_Ubinas_north,-16.34,-70.903
PE_Ubinas_south.tif,1,PE_Ubinas_south,-16.37,-70.903
PE_Ubinas_east.tif,1,PE_Ubinas_east,-16.355,-70.883
PE_Ubinas_west.tif,1,PE_Ubinas_west,-16.355,-70.923
PE_Ubinas_NE.tif,1,PE_Ubinas_NE,-16.34,-70.883
PE_Ubinas_SW.tif,1,PE_Ubinas_SW,-16.37,-70.923
PE_Sabancaya_center.tif,1,PE_Sabancaya_center,-15.78,-71.85
PE_Sabancaya_north.tif,1,PE_Sabancaya_north,-15.765,-71.85
PE_Sabancaya_south.tif,1,PE_Sabancaya_south,-15.795,-71.85
PE_Sabancaya_east.tif,1,PE_Sabancaya_east,-15.78,-71.83
PE_Sabancaya_west.tif,1,PE_Sabancaya_west,-15.78,-71.87
PE_Sabancaya_NE.tif,1,PE_Sabancaya_NE,-15.765,-71.83
PE_Sabancaya_SW.tif,1,PE_Sabancaya_SW,-15.795,-71.87
PE_Chachani_center.tif,1,PE_Chachani_center,-16.191,-71.532
PE_Chachani_north.tif,1,PE_Chachani_north,-16.176,-71.53
PE_Chachani_south.tif,1,PE_Chachani_south,-16.206,-71.53
PE_Chachani_east.tif,1,PE_Chachani_east,-16.191,-71.51
PE_Chachani_west.tif,1,PE_Chachani_west,-16.191,-71.55
PE_Huaynaputina_center.tif,1,PE_Huaynaputina_center,-16.608,-70.85
PE_Huaynaputina_north.tif,1,PE_Huaynaputina_north,-16.593,-70.85
PE_Huaynaputina_south.tif,1,PE_Huaynaputina_south,-16.623,-70.85
PE_Huaynaputina_east.tif,1,PE_Huaynaputina_east,-16.608,-70.83
PE_Huaynaputina_west.tif,1,PE_Huaynaputina_west,-16.608,-70.87
PE_Tutupaca_center.tif,1,PE_Tutupaca_center,-17.025,-70.36
PE_Tutupaca_north.tif,1,PE_Tutupaca_north,-17.01,-70.358
PE_Tutupaca_south.tif,1,PE_Tutupaca_south,-17.04,-70.358
PE_Tutupaca_east.tif,1,PE_Tutupaca_east,-17.025,-70.338
PE_Tutupaca_west.tif,1,PE_Tutupaca_west,-17.025,-70.378
PE_Ticsani_center.tif,1,PE_Ticsani_center,-16.755,-70.595
PE_Ticsani_north.tif,1,PE_Ticsani_north,-16.74,-70.595
PE_Ticsani_south.tif,1,PE_Ticsani_south,-16.77,-70.595
PE_Ticsani_east.tif,1,PE_Ticsani_east,-16.755,-70.575
PE_Yucamane_center.tif,1,PE_Yucamane_center,-17.18,-70.202
PE_Ticsani_west.tif,1,PE_Ticsani_west,-16.755,-70.615
PE_Yucamane_north.tif,1,PE_Yucamane_north,-17.165,-70.2
PE_Yucamane_south.tif,1,PE_Yucamane_south,-17.195,-70.2
PE_Yucamane_east.tif,1,PE_Yucamane_east,-17.18,-70.18
PE_Yucamane_west.tif,1,PE_Yucamane_west,-17.18,-70.22
PE_Coropuna_center.tif,1,PE_Coropuna_center,-15.52,-72.653
PE_Coropuna_north.tif,1,PE_Coropuna_north,-15.505,-72.65
PE_Coropuna_south.tif,1,PE_Coropuna_south,-15.535,-72.65
PE_Coropuna_east.tif,1,PE_Coropuna_east,-15.52,-72.63
PE_Coropuna_west.tif,1,PE_Coropuna_west,-15.52,-72.67
PE_Casiri_center.tif,1,PE_Casiri_center,-17.47,-69.813
PE_Casiri_north.tif,1,PE_Casiri_north,-17.455,-69.813
PE_Casiri_south.tif,1,PE_Casiri_south,-17.485,-69.813
PE_Ampato_center.tif,1,PE_Ampato_center,-15.82,-71.89
PE_Ampato_north.tif,1,PE_Ampato_north,-15.802,-71.883
PE_Ampato_south.tif,1,PE_Ampato_south,-15.832,-71.883
PE_Sara_Sara_center.tif,1,PE_Sara_Sara_center,-15.326,-73.45
PE_Sara_Sara_north.tif,1,PE_Sara_Sara_north,-15.315,-73.45
PE_Sara_Sara_south.tif,1,PE_Sara_Sara_south,-15.345,-73.45
PE_Calientes_center.tif,1,PE_Calientes_center,-17.55,-69.9
PE_Calientes_north.tif,1,PE_Calientes_north,-17.535,-69.9
PE_Calientes_south.tif,1,PE_Calientes_south,-17.565,-69.9
PE_Borateras_center.tif,1,PE_Borateras_center,-17.48,-69.83
PE_Borateras_north.tif,1,PE_Borateras_north,-17.465,-69.83
PE_Borateras_south.tif,1,PE_Borateras_south,-17.495,-69.83
PE_Salinas_Chivay_thermal.tif,1,PE_Salinas_Chivay_thermal,-15.63,-71.6
PE_Banos_del_Inca_thermal.tif,1,PE_Banos_del_Inca_thermal,-7.16,-78.47
PE_Churin_thermal.tif,1,PE_Churin_thermal,-10.82,-76.87
PE_Yura_thermal.tif,1,PE_Yura_thermal,-16.25,-71.68
PE_Jesus_thermal.tif,1,PE_Jesus_thermal,-16.48,-71.46
PE_Calientes_Candarave.tif,1,PE_Calientes_Candarave,-17.29,-70.26
PE_La_Calera_Chivay.tif,1,PE_La_Calera_Chivay,-15.64,-71.59
PE_Rio_Jesus_thermal.tif,1,PE_Rio_Jesus_thermal,-16.35,-70.2
CL_El_Tatio_center.tif,1,CL_El_Tatio_center,-22.332,-68.01
CL_El_Tatio_north.tif,1,CL_El_Tatio_north,-22.317,-68.01
CL_El_Tatio_south.tif,1,CL_El_Tatio_south,-22.347,-68.01
CL_El_Tatio_east.tif,1,CL_El_Tatio_east,-22.332,-67.99
CL_El_Tatio_west.tif,1,CL_El_Tatio_west,-22.332,-68.03
CL_El_Tatio_NE.tif,1,CL_El_Tatio_NE,-22.317,-67.99
CL_El_Tatio_SW.tif,1,CL_El_Tatio_SW,-22.347,-68.03
CL_Cerro_Pabellon_center.tif,1,CL_Cerro_Pabellon_center,-22.31,-68.15
CL_Cerro_Pabellon_north.tif,1,CL_Cerro_Pabellon_north,-21.835,-68.15
CL_Cerro_Pabellon_south.tif,1,CL_Cerro_Pabellon_south,-21.865,-68.15
CL_Cerro_Pabellon_east.tif,1,CL_Cerro_Pabellon_east,-21.85,-68.13
CL_Cerro_Pabellon_west.tif,1,CL_Cerro_Pabellon_west,-21.85,-68.17
CL_Cerro_Pabellon_NE.tif,1,CL_Cerro_Pabellon_NE,-22.297,-68.137
CL_Cerro_Pabellon_SW.tif,1,CL_Cerro_Pabellon_SW,-22.323,-68.163
CL_Puchuldiza_center.tif,1,CL_Puchuldiza_center,-19.417,-69.0
CL_Puchuldiza_north.tif,1,CL_Puchuldiza_north,-19.402,-69.0
CL_Puchuldiza_south.tif,1,CL_Puchuldiza_south,-19.432,-69.0
CL_Puchuldiza_east.tif,1,CL_Puchuldiza_east,-19.417,-68.98
CL_Puchuldiza_west.tif,1,CL_Puchuldiza_west,-19.417,-69.02
CL_Puchuldiza_NE.tif,1,CL_Puchuldiza_NE,-19.402,-68.98
CL_Puchuldiza_SW.tif,1,CL_Puchuldiza_SW,-19.432,-69.02
CL_Chillan_center.tif,1,CL_Chillan_center,-36.86,-71.37
CL_Chillan_north.tif,1,CL_Chillan_north,-36.845,-71.37
CL_Chillan_south.tif,1,CL_Chillan_south,-36.875,-71.37
CL_Chillan_east.tif,1,CL_Chillan_east,-36.86,-71.35
CL_Chillan_west.tif,1,CL_Chillan_west,-36.86,-71.39
CL_Chillan_NE.tif,1,CL_Chillan_NE,-36.845,-71.35
CL_Chillan_SW.tif,1,CL_Chillan_SW,-36.875,-71.39
CL_Lascar_center.tif,1,CL_Lascar_center,-23.37,-67.73
CL_Lascar_north.tif,1,CL_Lascar_north,-23.355,-67.73
CL_Lascar_south.tif,1,CL_Lascar_south,-23.385,-67.73
CL_Lascar_east.tif,1,CL_Lascar_east,-23.37,-67.71
CL_Lascar_west.tif,1,CL_Lascar_west,-23.37,-67.75
CL_Guallatiri_center.tif,1,CL_Guallatiri_center,-18.423,-69.092
CL_Guallatiri_north.tif,1,CL_Guallatiri_north,-18.405,-69.09
CL_Guallatiri_south.tif,1,CL_Guallatiri_south,-18.435,-69.09
CL_Guallatiri_east.tif,1,CL_Guallatiri_east,-18.42,-69.07
CL_Guallatiri_west.tif,1,CL_Guallatiri_west,-18.42,-69.11
CL_Calabozos_center.tif,1,CL_Calabozos_center,-35.55,-70.5
CL_Calabozos_north.tif,1,CL_Calabozos_north,-35.535,-70.5
CL_Calabozos_south.tif,1,CL_Calabozos_south,-35.565,-70.5
CL_Calabozos_east.tif,1,CL_Calabozos_east,-35.55,-70.48
CL_Calabozos_west.tif,1,CL_Calabozos_west,-35.55,-70.52
CL_Tolhuaca_center.tif,1,CL_Tolhuaca_center,-38.31,-71.645
CL_Tolhuaca_north.tif,1,CL_Tolhuaca_north,-38.305,-71.65
CL_Tolhuaca_south.tif,1,CL_Tolhuaca_south,-38.335,-71.65
CL_Tolhuaca_east.tif,1,CL_Tolhuaca_east,-38.32,-71.63
CL_Tolhuaca_west.tif,1,CL_Tolhuaca_west,-38.32,-71.67
CL_Cordon_Caulle_center.tif,1,CL_Cordon_Caulle_center,-40.52,-71.75
CL_Cordon_Caulle_north.tif,1,CL_Cordon_Caulle_north,-40.505,-71.75
CL_Cordon_Caulle_south.tif,1,CL_Cordon_Caulle_south,-40.535,-71.75
CL_Cordon_Caulle_east.tif,1,CL_Cordon_Caulle_east,-40.52,-71.73
CL_Cordon_Caulle_west.tif,1,CL_Cordon_Caulle_west,-40.52,-71.77
CL_Villarrica_center.tif,1,CL_Villarrica_center,-39.42,-71.93
CL_Villarrica_north.tif,1,CL_Villarrica_north,-39.405,-71.93
CL_Villarrica_east.tif,1,CL_Villarrica_east,-39.42,-71.91
CL_Putana_center.tif,1,CL_Putana_center,-22.568,-67.856
CL_Villarrica_west.tif,1,CL_Villarrica_west,-39.42,-71.95
CL_Villarrica_south.tif,1,CL_Villarrica_south,-39.435,-71.93
CL_Putana_north.tif,1,CL_Putana_north,-22.555,-67.85
CL_Putana_south.tif,1,CL_Putana_south,-22.585,-67.85
CL_Irruputuncu_center.tif,1,CL_Irruputuncu_center,-20.74,-68.56
CL_Irruputuncu_north.tif,1,CL_Irruputuncu_north,-20.715,-68.55
CL_Irruputuncu_south.tif,1,CL_Irruputuncu_south,-20.745,-68.55
CL_Isluga_center.tif,1,CL_Isluga_center,-19.15,-68.831
CL_Isluga_north.tif,1,CL_Isluga_north,-19.135,-68.83
CL_Isluga_south.tif,1,CL_Isluga_south,-19.165,-68.83
CL_Ollague_center.tif,1,CL_Ollague_center,-21.3,-68.18
CL_Ollague_north.tif,1,CL_Ollague_north,-21.285,-68.18
CL_Ollague_south.tif,1,CL_Ollague_south,-21.315,-68.18
CL_San_Pedro_center.tif,1,CL_San_Pedro_center,-21.88,-68.4
CL_San_Pedro_north.tif,1,CL_San_Pedro_north,-21.865,-68.4
CL_San_Pedro_south.tif,1,CL_San_Pedro_south,-21.895,-68.4
CL_Tacora_center.tif,1,CL_Tacora_center,-17.72,-69.771
CL_Tacora_north.tif,1,CL_Tacora_north,-17.705,-69.77
CL_Tacora_south.tif,1,CL_Tacora_south,-17.735,-69.77
CL_Licancabur_center.tif,1,CL_Licancabur_center,-22.833,-67.883
CL_Licancabur_north.tif,1,CL_Licancabur_north,-22.818,-67.883
CL_Licancabur_south.tif,1,CL_Licancabur_south,-22.848,-67.883
CL_Surire_center.tif,1,CL_Surire_center,-18.85,-69.05
CL_Surire_north.tif,1,CL_Surire_north,-18.835,-69.05
CL_Surire_south.tif,1,CL_Surire_south,-18.865,-69.05
CL_Parinacota_center.tif,1,CL_Parinacota_center,-18.17,-69.142
CL_Parinacota_north.tif,1,CL_Parinacota_north,-18.155,-69.14
CL_Parinacota_south.tif,1,CL_Parinacota_south,-18.185,-69.14
CL_Llaima_center.tif,1,CL_Llaima_center,-38.69,-71.73
CL_Llaima_north.tif,1,CL_Llaima_north,-38.675,-71.73
CL_Llaima_south.tif,1,CL_Llaima_south,-38.705,-71.73
CL_Copahue_center.tif,1,CL_Copahue_center,-37.85,-71.17
CL_Copahue_north.tif,1,CL_Copahue_north,-37.835,-71.17
CL_Copahue_south.tif,1,CL_Copahue_south,-37.865,-71.17
CL_Antuco_center.tif,1,CL_Antuco_center,-37.406,-71.349
CL_Antuco_north.tif,1,CL_Antuco_north,-37.391,-71.349
CL_Antuco_south.tif,1,CL_Antuco_south,-37.421,-71.349
CL_Callaqui_center.tif,1,CL_Callaqui_center,-37.923,-71.449
CL_Callaqui_north.tif,1,CL_Callaqui_north,-37.908,-71.449
CL_Callaqui_south.tif,1,CL_Callaqui_south,-37.938,-71.449
CL_Polloquere_thermal.tif,1,CL_Polloquere_thermal,-18.855,-69.06
CL_Jurasi_thermal.tif,1,CL_Jurasi_thermal,-18.18,-69.51
CL_Colina_thermal.tif,1,CL_Colina_thermal,-33.3,-70.3
CL_Huife_thermal.tif,1,CL_Huife_thermal,-39.35,-71.75
CL_Geometricas_thermal.tif,1,CL_Geometricas_thermal,-39.6,-71.9
CL_Flaco_thermal.tif,1,CL_Flaco_thermal,-34.97,-70.42
CL_Menetue_thermal.tif,1,CL_Menetue_thermal,-39.33,-71.85
CO_Sotara_center.tif,1,CO_Sotara_center,2.11,-76.59
CO_Sotara_N.tif,1,CO_Sotara_N,2.123,-76.59
CO_Sotara_S.tif,1,CO_Sotara_S,2.097,-76.59
CO_Sotara_E.tif,1,CO_Sotara_E,2.11,-76.577
CO_Sotara_W.tif,1,CO_Sotara_W,2.11,-76.603
CO_Sotara_NE.tif,1,CO_Sotara_NE,2.123,-76.577
CO_Sotara_NW.tif,1,CO_Sotara_NW,2.123,-76.603
CO_Sotara_SE.tif,1,CO_Sotara_SE,2.097,-76.577
CO_Sotara_SW.tif,1,CO_Sotara_SW,2.097,-76.603
CO_Dona_Juana_center.tif,1,CO_Dona_Juana_center,1.49,-76.93
CO_Dona_Juana_N.tif,1,CO_Dona_Juana_N,1.503,-76.93
CO_Dona_Juana_S.tif,1,CO_Dona_Juana_S,1.477,-76.93
CO_Dona_Juana_E.tif,1,CO_Dona_Juana_E,1.49,-76.917
CO_Dona_Juana_W.tif,1,CO_Dona_Juana_W,1.49,-76.943
CO_Dona_Juana_NE.tif,1,CO_Dona_Juana_NE,1.503,-76.917
CO_Dona_Juana_NW.tif,1,CO_Dona_Juana_NW,1.503,-76.943
CO_Dona_Juana_SE.tif,1,CO_Dona_Juana_SE,1.477,-76.917
CO_Dona_Juana_SW.tif,1,CO_Dona_Juana_SW,1.477,-76.943
CO_Cerro_Negro_Mayasquer_center.tif,1,CO_Cerro_Negro_Mayasquer_center,1.08,-77.16
CO_Cerro_Negro_Mayasquer_N.tif,1,CO_Cerro_Negro_Mayasquer_N,1.093,-77.16
CO_Cerro_Negro_Mayasquer_S.tif,1,CO_Cerro_Negro_Mayasquer_S,1.067,-77.16
CO_Cerro_Negro_Mayasquer_E.tif,1,CO_Cerro_Negro_Mayasquer_E,1.08,-77.147
CO_Cerro_Negro_Mayasquer_W.tif,1,CO_Cerro_Negro_Mayasquer_W,1.08,-77.173
CO_Cerro_Negro_Mayasquer_NE.tif,1,CO_Cerro_Negro_Mayasquer_NE,1.093,-77.147
CO_Cerro_Negro_Mayasquer_NW.tif,1,CO_Cerro_Negro_Mayasquer_NW,1.093,-77.173
CO_Cerro_Negro_Mayasquer_SE.tif,1,CO_Cerro_Negro_Mayasquer_SE,1.067,-77.147
CO_Cerro_Negro_Mayasquer_SW.tif,1,CO_Cerro_Negro_Mayasquer_SW,1.067,-77.173
CO_Cerro_Bravo_center.tif,1,CO_Cerro_Bravo_center,5.09,-75.3
CO_Cerro_Bravo_N.tif,1,CO_Cerro_Bravo_N,5.103,-75.3
CO_Cerro_Bravo_S.tif,1,CO_Cerro_Bravo_S,5.077,-75.3
CO_Cerro_Bravo_E.tif,1,CO_Cerro_Bravo_E,5.09,-75.287
CO_Cerro_Bravo_W.tif,1,CO_Cerro_Bravo_W,5.09,-75.313
CO_Cerro_Bravo_NE.tif,1,CO_Cerro_Bravo_NE,5.103,-75.287
CO_Cerro_Bravo_NW.tif,1,CO_Cerro_Bravo_NW,5.103,-75.313
CO_Cerro_Bravo_SE.tif,1,CO_Cerro_Bravo_SE,5.077,-75.287
CO_Cerro_Bravo_SW.tif,1,CO_Cerro_Bravo_SW,5.077,-75.313
CO_Santa_Isabel_center.tif,1,CO_Santa_Isabel_center,4.82,-75.37
CO_Santa_Isabel_N.tif,1,CO_Santa_Isabel_N,4.833,-75.37
CO_Santa_Isabel_S.tif,1,CO_Santa_Isabel_S,4.807,-75.37
CO_Santa_Isabel_E.tif,1,CO_Santa_Isabel_E,4.82,-75.357
CO_Santa_Isabel_W.tif,1,CO_Santa_Isabel_W,4.82,-75.383
CO_Santa_Isabel_NE.tif,1,CO_Santa_Isabel_NE,4.833,-75.357
CO_Santa_Isabel_NW.tif,1,CO_Santa_Isabel_NW,4.833,-75.383
CO_Santa_Isabel_SE.tif,1,CO_Santa_Isabel_SE,4.807,-75.357
CO_Santa_Isabel_SW.tif,1,CO_Santa_Isabel_SW,4.807,-75.383
CO_Tolima_center.tif,1,CO_Tolima_center,4.66,-75.33
CO_Tolima_N.tif,1,CO_Tolima_N,4.673,-75.33
CO_Tolima_S.tif,1,CO_Tolima_S,4.647,-75.33
CO_Tolima_E.tif,1,CO_Tolima_E,4.66,-75.317
CO_Tolima_W.tif,1,CO_Tolima_W,4.66,-75.343
CO_Tolima_NE.tif,1,CO_Tolima_NE,4.673,-75.317
CO_Tolima_NW.tif,1,CO_Tolima_NW,4.673,-75.343
CO_Tolima_SE.tif,1,CO_Tolima_SE,4.647,-75.317
CO_Tolima_SW.tif,1,CO_Tolima_SW,4.647,-75.343
CO_Huila_center.tif,1,CO_Huila_center,2.93,-75.58
CO_Huila_N.tif,1,CO_Huila_N,2.943,-75.58
CO_Huila_S.tif,1,CO_Huila_S,2.917,-75.58
CO_Huila_E.tif,1,CO_Huila_E,2.93,-75.567
CO_Huila_W.tif,1,CO_Huila_W,2.93,-75.593
CO_Huila_NE.tif,1,CO_Huila_NE,2.943,-75.567
CO_Huila_NW.tif,1,CO_Huila_NW,2.943,-75.593
CO_Huila_SE.tif,1,CO_Huila_SE,2.917,-75.567
CO_Huila_SW.tif,1,CO_Huila_SW,2.917,-75.593
CO_Chiles_center.tif,1,CO_Chiles_center,0.82,-77.94
CO_Chiles_N.tif,1,CO_Chiles_N,0.833,-77.94
CO_Chiles_S.tif,1,CO_Chiles_S,0.807,-77.94
CO_Chiles_E.tif,1,CO_Chiles_E,0.82,-77.927
CO_Chiles_W.tif,1,CO_Chiles_W,0.82,-77.953
CO_Chiles_NE.tif,1,CO_Chiles_NE,0.833,-77.927
CO_Chiles_NW.tif,1,CO_Chiles_NW,0.833,-77.953
CO_Chiles_SE.tif,1,CO_Chiles_SE,0.807,-77.927
CO_Chiles_SW.tif,1,CO_Chiles_SW,0.807,-77.953
CO_Cerro_Machin_center.tif,1,CO_Cerro_Machin_center,4.485,-75.39
CO_Cerro_Machin_N.tif,1,CO_Cerro_Machin_N,4.498,-75.39
CO_Cerro_Machin_S.tif,1,CO_Cerro_Machin_S,4.472,-75.39
CO_Cerro_Machin_E.tif,1,CO_Cerro_Machin_E,4.485,-75.377
CO_Cerro_Machin_W.tif,1,CO_Cerro_Machin_W,4.485,-75.403
CO_Cerro_Machin_NE.tif,1,CO_Cerro_Machin_NE,4.498,-75.377
CO_Cerro_Machin_NW.tif,1,CO_Cerro_Machin_NW,4.498,-75.403
CO_Cerro_Machin_SE.tif,1,CO_Cerro_Machin_SE,4.472,-75.377
CO_Cerro_Machin_SW.tif,1,CO_Cerro_Machin_SW,4.472,-75.403
CO_Romeral_center.tif,1,CO_Romeral_center,4.937,-75.364
CO_Romeral_N.tif,1,CO_Romeral_N,4.95,-75.364
CO_Romeral_S.tif,1,CO_Romeral_S,4.924,-75.364
CO_Romeral_E.tif,1,CO_Romeral_E,4.937,-75.351
CO_Romeral_W.tif,1,CO_Romeral_W,4.937,-75.377
CO_Romeral_NE.tif,1,CO_Romeral_NE,4.95,-75.351
CO_Romeral_NW.tif,1,CO_Romeral_NW,4.95,-75.377
CO_Romeral_SE.tif,1,CO_Romeral_SE,4.924,-75.351
CO_Romeral_SW.tif,1,CO_Romeral_SW,4.924,-75.377
CO_Cisne_center.tif,1,CO_Cisne_center,4.837,-75.337
CO_Cisne_N.tif,1,CO_Cisne_N,4.85,-75.337
CO_Cisne_S.tif,1,CO_Cisne_S,4.824,-75.337
CO_Cisne_E.tif,1,CO_Cisne_E,4.837,-75.324
CO_Cisne_W.tif,1,CO_Cisne_W,4.837,-75.35
CO_Cisne_NE.tif,1,CO_Cisne_NE,4.85,-75.324
CO_Cisne_NW.tif,1,CO_Cisne_NW,4.85,-75.35
CO_Cisne_SE.tif,1,CO_Cisne_SE,4.824,-75.324
CO_Cisne_SW.tif,1,CO_Cisne_SW,4.824,-75.35
CO_Santa_Rosa_Termas_center.tif,1,CO_Santa_Rosa_Termas_center,4.87,-75.62
CO_Santa_Rosa_Termas_N.tif,1,CO_Santa_Rosa_Termas_N,4.883,-75.62
CO_Santa_Rosa_Termas_S.tif,1,CO_Santa_Rosa_Termas_S,4.857,-75.62
CO_Santa_Rosa_Termas_E.tif,1,CO_Santa_Rosa_Termas_E,4.87,-75.607
CO_Santa_Rosa_Termas_W.tif,1,CO_Santa_Rosa_Termas_W,4.87,-75.633
CO_Santa_Rosa_Termas_NE.tif,1,CO_Santa_Rosa_Termas_NE,4.883,-75.607
CO_Santa_Rosa_Termas_NW.tif,1,CO_Santa_Rosa_Termas_NW,4.883,-75.633
CO_Santa_Rosa_Termas_SE.tif,1,CO_Santa_Rosa_Termas_SE,4.857,-75.607
CO_Santa_Rosa_Termas_SW.tif,1,CO_Santa_Rosa_Termas_SW,4.857,-75.633
CO_San_Vicente_Termas_center.tif,1,CO_San_Vicente_Termas_center,6.08,-73.41
CO_San_Vicente_Termas_N.tif,1,CO_San_Vicente_Termas_N,6.093,-73.41
CO_San_Vicente_Termas_S.tif,1,CO_San_Vicente_Termas_S,6.067,-73.41
CO_San_Vicente_Termas_E.tif,1,CO_San_Vicente_Termas_E,6.08,-73.397
CO_San_Vicente_Termas_W.tif,1,CO_San_Vicente_Termas_W,6.08,-73.423
CO_San_Vicente_Termas_NE.tif,1,CO_San_Vicente_Termas_NE,6.093,-73.397
CO_San_Vicente_Termas_NW.tif,1,CO_San_Vicente_Termas_NW,6.093,-73.423
CO_San_Vicente_Termas_SE.tif,1,CO_San_Vicente_Termas_SE,6.067,-73.397
CO_San_Vicente_Termas_SW.tif,1,CO_San_Vicente_Termas_SW,6.067,-73.423
CO_Paipa_Termas_center.tif,1,CO_Paipa_Termas_center,5.78,-73.11
CO_Paipa_Termas_N.tif,1,CO_Paipa_Termas_N,5.793,-73.11
CO_Paipa_Termas_S.tif,1,CO_Paipa_Termas_S,5.767,-73.11
CO_Paipa_Termas_E.tif,1,CO_Paipa_Termas_E,5.78,-73.097
CO_Paipa_Termas_W.tif,1,CO_Paipa_Termas_W,5.78,-73.123
CO_Paipa_Termas_NE.tif,1,CO_Paipa_Termas_NE,5.793,-73.097
CO_Paipa_Termas_NW.tif,1,CO_Paipa_Termas_NW,5.793,-73.123
CO_Paipa_Termas_SE.tif,1,CO_Paipa_Termas_SE,5.767,-73.097
CO_Paipa_Termas_SW.tif,1,CO_Paipa_Termas_SW,5.767,-73.123
CO_Tabio_Termas_center.tif,1,CO_Tabio_Termas_center,4.92,-74.09
CO_Tabio_Termas_N.tif,1,CO_Tabio_Termas_N,4.933,-74.09
CO_Tabio_Termas_S.tif,1,CO_Tabio_Termas_S,4.907,-74.09
CO_Tabio_Termas_E.tif,1,CO_Tabio_Termas_E,4.92,-74.077
CO_Tabio_Termas_W.tif,1,CO_Tabio_Termas_W,4.92,-74.103
CO_Tabio_Termas_NE.tif,1,CO_Tabio_Termas_NE,4.933,-74.077
CO_Tabio_Termas_NW.tif,1,CO_Tabio_Termas_NW,4.933,-74.103
CO_Tabio_Termas_SE.tif,1,CO_Tabio_Termas_SE,4.907,-74.077
CO_Tabio_Termas_SW.tif,1,CO_Tabio_Termas_SW,4.907,-74.103
CO_Coconucos_center.tif,1,CO_Coconucos_center,2.27,-76.466
CO_Coconucos_N.tif,1,CO_Coconucos_N,2.283,-76.466
CO_Coconucos_S.tif,1,CO_Coconucos_S,2.257,-76.466
CO_Coconucos_E.tif,1,CO_Coconucos_E,2.27,-76.453
CO_Coconucos_W.tif,1,CO_Coconucos_W,2.27,-76.479
CO_Coconucos_NE.tif,1,CO_Coconucos_NE,2.283,-76.453
CO_Coconucos_NW.tif,1,CO_Coconucos_NW,2.283,-76.479
CO_Coconucos_SE.tif,1,CO_Coconucos_SE,2.257,-76.453
CO_Coconucos_SW.tif,1,CO_Coconucos_SW,2.257,-76.479
CO_Dona_Juana_E_center.tif,1,CO_Dona_Juana_E_center,1.52,-76.9
CO_Dona_Juana_E_N.tif,1,CO_Dona_Juana_E_N,1.533,-76.9
CO_Dona_Juana_E_S.tif,1,CO_Dona_Juana_E_S,1.507,-76.9
CO_Dona_Juana_E_E.tif,1,CO_Dona_Juana_E_E,1.52,-76.887
CO_Dona_Juana_E_W.tif,1,CO_Dona_Juana_E_W,1.52,-76.913
CO_Dona_Juana_E_NE.tif,1,CO_Dona_Juana_E_NE,1.533,-76.887
CO_Dona_Juana_E_NW.tif,1,CO_Dona_Juana_E_NW,1.533,-76.913
CO_Dona_Juana_E_SE.tif,1,CO_Dona_Juana_E_SE,1.507,-76.887
CO_Dona_Juana_E_SW.tif,1,CO_Dona_Juana_E_SW,1.507,-76.913
CO_Azufral_Mayasquer_center.tif,1,CO_Azufral_Mayasquer_center,0.98,-77.73
CO_Azufral_Mayasquer_N.tif,1,CO_Azufral_Mayasquer_N,0.993,-77.73
CO_Azufral_Mayasquer_S.tif,1,CO_Azufral_Mayasquer_S,0.967,-77.73
CO_Azufral_Mayasquer_E.tif,1,CO_Azufral_Mayasquer_E,0.98,-77.717
CO_Azufral_Mayasquer_W.tif,1,CO_Azufral_Mayasquer_W,0.98,-77.743
CO_Azufral_Mayasquer_NE.tif,1,CO_Azufral_Mayasquer_NE,0.993,-77.717
CO_Azufral_Mayasquer_NW.tif,1,CO_Azufral_Mayasquer_NW,0.993,-77.743
CO_Azufral_Mayasquer_SE.tif,1,CO_Azufral_Mayasquer_SE,0.967,-77.717
CO_Azufral_Mayasquer_SW.tif,1,CO_Azufral_Mayasquer_SW,0.967,-77.743
EC_Pichincha_V_center.tif,1,EC_Pichincha_V_center,-0.172,-78.598
EC_Pichincha_V_N.tif,1,EC_Pichincha_V_N,-0.159,-78.598
EC_Pichincha_V_S.tif,1,EC_Pichincha_V_S,-0.185,-78.598
EC_Pichincha_V_E.tif,1,EC_Pichincha_V_E,-0.172,-78.585
EC_Pichincha_V_W.tif,1,EC_Pichincha_V_W,-0.172,-78.611
EC_Pichincha_V_NE.tif,1,EC_Pichincha_V_NE,-0.159,-78.585
EC_Pichincha_V_NW.tif,1,EC_Pichincha_V_NW,-0.159,-78.611
EC_Pichincha_V_SE.tif,1,EC_Pichincha_V_SE,-0.185,-78.585
EC_Pichincha_V_SW.tif,1,EC_Pichincha_V_SW,-0.185,-78.611
EC_Atacazo_N.tif,1,EC_Atacazo_N,-0.34,-78.617
EC_Atacazo_S.tif,1,EC_Atacazo_S,-0.366,-78.617
EC_Atacazo_E.tif,1,EC_Atacazo_E,-0.353,-78.604
EC_Atacazo_W.tif,1,EC_Atacazo_W,-0.353,-78.63
EC_Atacazo_NE.tif,1,EC_Atacazo_NE,-0.34,-78.604
EC_Atacazo_NW.tif,1,EC_Atacazo_NW,-0.34,-78.63
EC_Atacazo_SE.tif,1,EC_Atacazo_SE,-0.366,-78.604
EC_Atacazo_SW.tif,1,EC_Atacazo_SW,-0.366,-78.63
EC_Sumaco_center.tif,1,EC_Sumaco_center,-0.54,-77.63
EC_Sumaco_N.tif,1,EC_Sumaco_N,-0.527,-77.63
EC_Sumaco_S.tif,1,EC_Sumaco_S,-0.553,-77.63
EC_Sumaco_E.tif,1,EC_Sumaco_E,-0.54,-77.617
EC_Sumaco_W.tif,1,EC_Sumaco_W,-0.54,-77.643
EC_Sumaco_NE.tif,1,EC_Sumaco_NE,-0.527,-77.617
EC_Sumaco_NW.tif,1,EC_Sumaco_NW,-0.527,-77.643
EC_Sumaco_SE.tif,1,EC_Sumaco_SE,-0.553,-77.617
EC_Sumaco_SW.tif,1,EC_Sumaco_SW,-0.553,-77.643
EC_Sangay_N.tif,1,EC_Sangay_N,-1.992,-78.341
EC_Sangay_S.tif,1,EC_Sangay_S,-2.018,-78.341
EC_Sangay_E.tif,1,EC_Sangay_E,-2.005,-78.328
EC_Sangay_W.tif,1,EC_Sangay_W,-2.005,-78.354
EC_Sangay_NW.tif,1,EC_Sangay_NW,-1.992,-78.354
EC_Sangay_SE.tif,1,EC_Sangay_SE,-2.018,-78.328
EC_El_Altar_center.tif,1,EC_El_Altar_center,-1.68,-78.42
EC_El_Altar_N.tif,1,EC_El_Altar_N,-1.667,-78.42
EC_El_Altar_S.tif,1,EC_El_Altar_S,-1.693,-78.42
EC_El_Altar_E.tif,1,EC_El_Altar_E,-1.68,-78.407
EC_El_Altar_W.tif,1,EC_El_Altar_W,-1.68,-78.433
EC_El_Altar_NE.tif,1,EC_El_Altar_NE,-1.667,-78.407
EC_El_Altar_NW.tif,1,EC_El_Altar_NW,-1.667,-78.433
EC_El_Altar_SE.tif,1,EC_El_Altar_SE,-1.693,-78.407
EC_El_Altar_SW.tif,1,EC_El_Altar_SW,-1.693,-78.433
EC_Cayambe_N.tif,1,EC_Cayambe_N,0.042,-77.986
EC_Cayambe_S.tif,1,EC_Cayambe_S,0.016,-77.986
EC_Cayambe_E.tif,1,EC_Cayambe_E,0.029,-77.973
EC_Cayambe_W.tif,1,EC_Cayambe_W,0.029,-77.999
EC_Cayambe_NE.tif,1,EC_Cayambe_NE,0.042,-77.973
EC_Cayambe_NW.tif,1,EC_Cayambe_NW,0.042,-77.999
EC_Cayambe_SE.tif,1,EC_Cayambe_SE,0.016,-77.973
EC_Cayambe_SW.tif,1,EC_Cayambe_SW,0.016,-77.999
EC_Illiniza_N.tif,1,EC_Illiniza_N,-0.646,-78.714
EC_Illiniza_S.tif,1,EC_Illiniza_S,-0.672,-78.714
EC_Illiniza_E.tif,1,EC_Illiniza_E,-0.659,-78.701
EC_Illiniza_W.tif,1,EC_Illiniza_W,-0.659,-78.727
EC_Illiniza_NE.tif,1,EC_Illiniza_NE,-0.646,-78.701
EC_Illiniza_NW.tif,1,EC_Illiniza_NW,-0.646,-78.727
EC_Illiniza_SE.tif,1,EC_Illiniza_SE,-0.672,-78.701
EC_Illiniza_SW.tif,1,EC_Illiniza_SW,-0.672,-78.727
EC_Corazon_center.tif,1,EC_Corazon_center,-0.54,-78.66
EC_Corazon_N.tif,1,EC_Corazon_N,-0.527,-78.66
EC_Corazon_S.tif,1,EC_Corazon_S,-0.553,-78.66
EC_Corazon_E.tif,1,EC_Corazon_E,-0.54,-78.647
EC_Corazon_W.tif,1,EC_Corazon_W,-0.54,-78.673
EC_Corazon_NE.tif,1,EC_Corazon_NE,-0.527,-78.647
EC_Corazon_NW.tif,1,EC_Corazon_NW,-0.527,-78.673
EC_Corazon_SE.tif,1,EC_Corazon_SE,-0.553,-78.647
EC_Corazon_SW.tif,1,EC_Corazon_SW,-0.553,-78.673
EC_Imbabura_V_center.tif,1,EC_Imbabura_V_center,0.258,-78.183
EC_Imbabura_V_N.tif,1,EC_Imbabura_V_N,0.271,-78.183
EC_Imbabura_V_S.tif,1,EC_Imbabura_V_S,0.245,-78.183
EC_Imbabura_V_E.tif,1,EC_Imbabura_V_E,0.258,-78.17
EC_Imbabura_V_W.tif,1,EC_Imbabura_V_W,0.258,-78.196
EC_Imbabura_V_NE.tif,1,EC_Imbabura_V_NE,0.271,-78.17
EC_Imbabura_V_NW.tif,1,EC_Imbabura_V_NW,0.271,-78.196
EC_Imbabura_V_SE.tif,1,EC_Imbabura_V_SE,0.245,-78.17
EC_Imbabura_V_SW.tif,1,EC_Imbabura_V_SW,0.245,-78.196
EC_Mojanda_N.tif,1,EC_Mojanda_N,0.143,-78.27
EC_Mojanda_S.tif,1,EC_Mojanda_S,0.117,-78.27
EC_Mojanda_E.tif,1,EC_Mojanda_E,0.13,-78.257
EC_Mojanda_W.tif,1,EC_Mojanda_W,0.13,-78.283
EC_Mojanda_NE.tif,1,EC_Mojanda_NE,0.143,-78.257
EC_Mojanda_NW.tif,1,EC_Mojanda_NW,0.143,-78.283
EC_Mojanda_SE.tif,1,EC_Mojanda_SE,0.117,-78.257
EC_Mojanda_SW.tif,1,EC_Mojanda_SW,0.117,-78.283
EC_Carihuairazo_center.tif,1,EC_Carihuairazo_center,-1.4,-78.75
EC_Carihuairazo_N.tif,1,EC_Carihuairazo_N,-1.387,-78.75
EC_Carihuairazo_S.tif,1,EC_Carihuairazo_S,-1.413,-78.75
EC_Carihuairazo_E.tif,1,EC_Carihuairazo_E,-1.4,-78.737
EC_Carihuairazo_W.tif,1,EC_Carihuairazo_W,-1.4,-78.763
EC_Carihuairazo_NE.tif,1,EC_Carihuairazo_NE,-1.387,-78.737
EC_Carihuairazo_NW.tif,1,EC_Carihuairazo_NW,-1.387,-78.763
EC_Carihuairazo_SE.tif,1,EC_Carihuairazo_SE,-1.413,-78.737
EC_Carihuairazo_SW.tif,1,EC_Carihuairazo_SW,-1.413,-78.763
EC_Guagua_Pichincha_center.tif,1,EC_Guagua_Pichincha_center,-0.171,-78.6
EC_Guagua_Pichincha_N.tif,1,EC_Guagua_Pichincha_N,-0.158,-78.6
EC_Guagua_Pichincha_S.tif,1,EC_Guagua_Pichincha_S,-0.184,-78.6
EC_Guagua_Pichincha_E.tif,1,EC_Guagua_Pichincha_E,-0.171,-78.587
EC_Guagua_Pichincha_W.tif,1,EC_Guagua_Pichincha_W,-0.171,-78.613
EC_Guagua_Pichincha_NE.tif,1,EC_Guagua_Pichincha_NE,-0.158,-78.587
EC_Guagua_Pichincha_NW.tif,1,EC_Guagua_Pichincha_NW,-0.158,-78.613
EC_Guagua_Pichincha_SE.tif,1,EC_Guagua_Pichincha_SE,-0.184,-78.587
EC_Guagua_Pichincha_SW.tif,1,EC_Guagua_Pichincha_SW,-0.184,-78.613
EC_Cerro_Hermoso_center.tif,1,EC_Cerro_Hermoso_center,-0.48,-77.5
EC_Cerro_Hermoso_N.tif,1,EC_Cerro_Hermoso_N,-0.467,-77.5
EC_Cerro_Hermoso_S.tif,1,EC_Cerro_Hermoso_S,-0.493,-77.5
EC_Cerro_Hermoso_E.tif,1,EC_Cerro_Hermoso_E,-0.48,-77.487
EC_Cerro_Hermoso_W.tif,1,EC_Cerro_Hermoso_W,-0.48,-77.513
EC_Cerro_Hermoso_NE.tif,1,EC_Cerro_Hermoso_NE,-0.467,-77.487
EC_Cerro_Hermoso_NW.tif,1,EC_Cerro_Hermoso_NW,-0.467,-77.513
EC_Cerro_Hermoso_SE.tif,1,EC_Cerro_Hermoso_SE,-0.493,-77.487
EC_Cerro_Hermoso_SW.tif,1,EC_Cerro_Hermoso_SW,-0.493,-77.513
EC_Sarahurco_center.tif,1,EC_Sarahurco_center,-0.33,-78.23
EC_Sarahurco_N.tif,1,EC_Sarahurco_N,-0.317,-78.23
EC_Sarahurco_S.tif,1,EC_Sarahurco_S,-0.343,-78.23
EC_Sarahurco_E.tif,1,EC_Sarahurco_E,-0.33,-78.217
EC_Sarahurco_W.tif,1,EC_Sarahurco_W,-0.33,-78.243
EC_Sarahurco_NE.tif,1,EC_Sarahurco_NE,-0.317,-78.217
EC_Sarahurco_NW.tif,1,EC_Sarahurco_NW,-0.317,-78.243
EC_Sarahurco_SE.tif,1,EC_Sarahurco_SE,-0.343,-78.217
EC_Sarahurco_SW.tif,1,EC_Sarahurco_SW,-0.343,-78.243
EC_Cuicocha_N.tif,1,EC_Cuicocha_N,0.321,-78.364
EC_Cuicocha_S.tif,1,EC_Cuicocha_S,0.295,-78.364
EC_Cuicocha_E.tif,1,EC_Cuicocha_E,0.308,-78.351
EC_Cuicocha_W.tif,1,EC_Cuicocha_W,0.308,-78.377
EC_Cuicocha_NE.tif,1,EC_Cuicocha_NE,0.321,-78.351
EC_Cuicocha_NW.tif,1,EC_Cuicocha_NW,0.321,-78.377
EC_Cuicocha_SE.tif,1,EC_Cuicocha_SE,0.295,-78.351
EC_Cuicocha_SW.tif,1,EC_Cuicocha_SW,0.295,-78.377
EC_Pululahua_center.tif,1,EC_Pululahua_center,-0.038,-78.464
EC_Pululahua_N.tif,1,EC_Pululahua_N,-0.025,-78.464
EC_Pululahua_S.tif,1,EC_Pululahua_S,-0.051,-78.464
EC_Pululahua_E.tif,1,EC_Pululahua_E,-0.038,-78.451
EC_Pululahua_W.tif,1,EC_Pululahua_W,-0.038,-78.477
EC_Pululahua_NE.tif,1,EC_Pululahua_NE,-0.025,-78.451
EC_Pululahua_NW.tif,1,EC_Pululahua_NW,-0.025,-78.477
EC_Pululahua_SE.tif,1,EC_Pululahua_SE,-0.051,-78.451
EC_Pululahua_SW.tif,1,EC_Pululahua_SW,-0.051,-78.477
EC_Papallacta_Termas_center.tif,1,EC_Papallacta_Termas_center,-0.373,-78.14
EC_Papallacta_Termas_N.tif,1,EC_Papallacta_Termas_N,-0.36,-78.14
EC_Papallacta_Termas_S.tif,1,EC_Papallacta_Termas_S,-0.386,-78.14
EC_Papallacta_Termas_E.tif,1,EC_Papallacta_Termas_E,-0.373,-78.127
EC_Papallacta_Termas_W.tif,1,EC_Papallacta_Termas_W,-0.373,-78.153
EC_Papallacta_Termas_NE.tif,1,EC_Papallacta_Termas_NE,-0.36,-78.127
EC_Papallacta_Termas_NW.tif,1,EC_Papallacta_Termas_NW,-0.36,-78.153
EC_Papallacta_Termas_SE.tif,1,EC_Papallacta_Termas_SE,-0.386,-78.127
EC_Papallacta_Termas_SW.tif,1,EC_Papallacta_Termas_SW,-0.386,-78.153
EC_Banos_Cuenca_Termas_center.tif,1,EC_Banos_Cuenca_Termas_center,-2.93,-78.92
EC_Banos_Cuenca_Termas_N.tif,1,EC_Banos_Cuenca_Termas_N,-2.917,-78.92
EC_Banos_Cuenca_Termas_S.tif,1,EC_Banos_Cuenca_Termas_S,-2.943,-78.92
EC_Banos_Cuenca_Termas_E.tif,1,EC_Banos_Cuenca_Termas_E,-2.93,-78.907
EC_Banos_Cuenca_Termas_W.tif,1,EC_Banos_Cuenca_Termas_W,-2.93,-78.933
EC_Banos_Cuenca_Termas_NE.tif,1,EC_Banos_Cuenca_Termas_NE,-2.917,-78.907
EC_Banos_Cuenca_Termas_NW.tif,1,EC_Banos_Cuenca_Termas_NW,-2.917,-78.933
EC_Banos_Cuenca_Termas_SE.tif,1,EC_Banos_Cuenca_Termas_SE,-2.943,-78.907
EC_Banos_Cuenca_Termas_SW.tif,1,EC_Banos_Cuenca_Termas_SW,-2.943,-78.933
PE_Ampato_N.tif,1,PE_Ampato_N,-15.807,-71.89
PE_Ampato_S.tif,1,PE_Ampato_S,-15.833,-71.89
PE_Ampato_E.tif,1,PE_Ampato_E,-15.82,-71.877
PE_Ampato_W.tif,1,PE_Ampato_W,-15.82,-71.903
PE_Ampato_NE.tif,1,PE_Ampato_NE,-15.807,-71.877
PE_Ampato_NW.tif,1,PE_Ampato_NW,-15.807,-71.903
PE_Ampato_SE.tif,1,PE_Ampato_SE,-15.833,-71.877
PE_Ampato_SW.tif,1,PE_Ampato_SW,-15.833,-71.903
PE_Huaynaputina_N.tif,1,PE_Huaynaputina_N,-16.595,-70.85
PE_Huaynaputina_S.tif,1,PE_Huaynaputina_S,-16.621,-70.85
PE_Huaynaputina_E.tif,1,PE_Huaynaputina_E,-16.608,-70.837
PE_Huaynaputina_W.tif,1,PE_Huaynaputina_W,-16.608,-70.863
PE_Huaynaputina_NE.tif,1,PE_Huaynaputina_NE,-16.595,-70.837
PE_Huaynaputina_NW.tif,1,PE_Huaynaputina_NW,-16.595,-70.863
PE_Huaynaputina_SE.tif,1,PE_Huaynaputina_SE,-16.621,-70.837
PE_Huaynaputina_SW.tif,1,PE_Huaynaputina_SW,-16.621,-70.863
PE_Ticsani_N.tif,1,PE_Ticsani_N,-16.742,-70.595
PE_Ticsani_S.tif,1,PE_Ticsani_S,-16.768,-70.595
PE_Ticsani_E.tif,1,PE_Ticsani_E,-16.755,-70.582
PE_Ticsani_W.tif,1,PE_Ticsani_W,-16.755,-70.608
PE_Ticsani_NE.tif,1,PE_Ticsani_NE,-16.742,-70.582
PE_Ticsani_NW.tif,1,PE_Ticsani_NW,-16.742,-70.608
PE_Ticsani_SE.tif,1,PE_Ticsani_SE,-16.768,-70.582
PE_Ticsani_SW.tif,1,PE_Ticsani_SW,-16.768,-70.608
PE_Tutupaca_N.tif,1,PE_Tutupaca_N,-17.012,-70.36
PE_Tutupaca_S.tif,1,PE_Tutupaca_S,-17.038,-70.36
PE_Tutupaca_E.tif,1,PE_Tutupaca_E,-17.025,-70.347
PE_Tutupaca_W.tif,1,PE_Tutupaca_W,-17.025,-70.373
PE_Tutupaca_NE.tif,1,PE_Tutupaca_NE,-17.012,-70.347
PE_Tutupaca_NW.tif,1,PE_Tutupaca_NW,-17.012,-70.373
PE_Tutupaca_SE.tif,1,PE_Tutupaca_SE,-17.038,-70.347
PE_Tutupaca_SW.tif,1,PE_Tutupaca_SW,-17.038,-70.373
PE_Yucamane_N.tif,1,PE_Yucamane_N,-17.167,-70.202
PE_Yucamane_S.tif,1,PE_Yucamane_S,-17.193,-70.202
PE_Yucamane_E.tif,1,PE_Yucamane_E,-17.18,-70.189
PE_Yucamane_W.tif,1,PE_Yucamane_W,-17.18,-70.215
PE_Yucamane_NE.tif,1,PE_Yucamane_NE,-17.167,-70.189
PE_Yucamane_NW.tif,1,PE_Yucamane_NW,-17.167,-70.215
PE_Yucamane_SE.tif,1,PE_Yucamane_SE,-17.193,-70.189
PE_Yucamane_SW.tif,1,PE_Yucamane_SW,-17.193,-70.215
PE_Coropuna_N.tif,1,PE_Coropuna_N,-15.507,-72.653
PE_Coropuna_S.tif,1,PE_Coropuna_S,-15.533,-72.653
PE_Coropuna_E.tif,1,PE_Coropuna_E,-15.52,-72.64
PE_Coropuna_W.tif,1,PE_Coropuna_W,-15.52,-72.666
PE_Coropuna_NE.tif,1,PE_Coropuna_NE,-15.507,-72.64
PE_Coropuna_NW.tif,1,PE_Coropuna_NW,-15.507,-72.666
PE_Coropuna_SE.tif,1,PE_Coropuna_SE,-15.533,-72.64
PE_Coropuna_SW.tif,1,PE_Coropuna_SW,-15.533,-72.666
PE_Sara_Sara_N.tif,1,PE_Sara_Sara_N,-15.313,-73.45
PE_Sara_Sara_S.tif,1,PE_Sara_Sara_S,-15.339,-73.45
PE_Sara_Sara_E.tif,1,PE_Sara_Sara_E,-15.326,-73.437
PE_Sara_Sara_W.tif,1,PE_Sara_Sara_W,-15.326,-73.463
PE_Sara_Sara_NE.tif,1,PE_Sara_Sara_NE,-15.313,-73.437
PE_Sara_Sara_NW.tif,1,PE_Sara_Sara_NW,-15.313,-73.463
PE_Sara_Sara_SE.tif,1,PE_Sara_Sara_SE,-15.339,-73.437
PE_Sara_Sara_SW.tif,1,PE_Sara_Sara_SW,-15.339,-73.463
PE_Solimana_center.tif,1,PE_Solimana_center,-15.41,-72.89
PE_Solimana_N.tif,1,PE_Solimana_N,-15.397,-72.89
PE_Solimana_S.tif,1,PE_Solimana_S,-15.423,-72.89
PE_Solimana_E.tif,1,PE_Solimana_E,-15.41,-72.877
PE_Solimana_W.tif,1,PE_Solimana_W,-15.41,-72.903
PE_Solimana_NE.tif,1,PE_Solimana_NE,-15.397,-72.877
PE_Solimana_NW.tif,1,PE_Solimana_NW,-15.397,-72.903
PE_Solimana_SE.tif,1,PE_Solimana_SE,-15.423,-72.877
PE_Solimana_SW.tif,1,PE_Solimana_SW,-15.423,-72.903
PE_Chachani_N.tif,1,PE_Chachani_N,-16.178,-71.532
PE_Chachani_S.tif,1,PE_Chachani_S,-16.204,-71.532
PE_Chachani_E.tif,1,PE_Chachani_E,-16.191,-71.519
PE_Chachani_W.tif,1,PE_Chachani_W,-16.191,-71.545
PE_Chachani_NE.tif,1,PE_Chachani_NE,-16.178,-71.519
PE_Chachani_NW.tif,1,PE_Chachani_NW,-16.178,-71.545
PE_Chachani_SE.tif,1,PE_Chachani_SE,-16.204,-71.519
PE_Chachani_SW.tif,1,PE_Chachani_SW,-16.204,-71.545
PE_Pichu_Pichu_center.tif,1,PE_Pichu_Pichu_center,-16.44,-71.23
PE_Pichu_Pichu_N.tif,1,PE_Pichu_Pichu_N,-16.427,-71.23
PE_Pichu_Pichu_S.tif,1,PE_Pichu_Pichu_S,-16.453,-71.23
PE_Pichu_Pichu_E.tif,1,PE_Pichu_Pichu_E,-16.44,-71.217
PE_Pichu_Pichu_W.tif,1,PE_Pichu_Pichu_W,-16.44,-71.243
PE_Pichu_Pichu_NE.tif,1,PE_Pichu_Pichu_NE,-16.427,-71.217
PE_Pichu_Pichu_NW.tif,1,PE_Pichu_Pichu_NW,-16.427,-71.243
PE_Pichu_Pichu_SE.tif,1,PE_Pichu_Pichu_SE,-16.453,-71.217
PE_Pichu_Pichu_SW.tif,1,PE_Pichu_Pichu_SW,-16.453,-71.243
PE_Calientes_Tacna_center.tif,1,PE_Calientes_Tacna_center,-17.71,-70.08
PE_Calientes_Tacna_N.tif,1,PE_Calientes_Tacna_N,-17.697,-70.08
PE_Calientes_Tacna_S.tif,1,PE_Calientes_Tacna_S,-17.723,-70.08
PE_Calientes_Tacna_E.tif,1,PE_Calientes_Tacna_E,-17.71,-70.067
PE_Calientes_Tacna_W.tif,1,PE_Calientes_Tacna_W,-17.71,-70.093
PE_Calientes_Tacna_NE.tif,1,PE_Calientes_Tacna_NE,-17.697,-70.067
PE_Calientes_Tacna_NW.tif,1,PE_Calientes_Tacna_NW,-17.697,-70.093
PE_Calientes_Tacna_SE.tif,1,PE_Calientes_Tacna_SE,-17.723,-70.067
PE_Calientes_Tacna_SW.tif,1,PE_Calientes_Tacna_SW,-17.723,-70.093
PE_Churin_Termas_center.tif,1,PE_Churin_Termas_center,-10.82,-76.88
PE_Churin_Termas_N.tif,1,PE_Churin_Termas_N,-10.807,-76.88
PE_Churin_Termas_S.tif,1,PE_Churin_Termas_S,-10.833,-76.88
PE_Churin_Termas_E.tif,1,PE_Churin_Termas_E,-10.82,-76.867
PE_Churin_Termas_W.tif,1,PE_Churin_Termas_W,-10.82,-76.893
PE_Churin_Termas_NE.tif,1,PE_Churin_Termas_NE,-10.807,-76.867
PE_Churin_Termas_NW.tif,1,PE_Churin_Termas_NW,-10.807,-76.893
PE_Churin_Termas_SE.tif,1,PE_Churin_Termas_SE,-10.833,-76.867
PE_Churin_Termas_SW.tif,1,PE_Churin_Termas_SW,-10.833,-76.893
PE_La_Calera_Termas_center.tif,1,PE_La_Calera_Termas_center,-15.66,-71.59
PE_La_Calera_Termas_N.tif,1,PE_La_Calera_Termas_N,-15.647,-71.59
PE_La_Calera_Termas_S.tif,1,PE_La_Calera_Termas_S,-15.673,-71.59
PE_La_Calera_Termas_E.tif,1,PE_La_Calera_Termas_E,-15.66,-71.577
PE_La_Calera_Termas_W.tif,1,PE_La_Calera_Termas_W,-15.66,-71.603
PE_La_Calera_Termas_NE.tif,1,PE_La_Calera_Termas_NE,-15.647,-71.577
PE_La_Calera_Termas_NW.tif,1,PE_La_Calera_Termas_NW,-15.647,-71.603
PE_La_Calera_Termas_SE.tif,1,PE_La_Calera_Termas_SE,-15.673,-71.577
PE_La_Calera_Termas_SW.tif,1,PE_La_Calera_Termas_SW,-15.673,-71.603
PE_Chivay_Termas_center.tif,1,PE_Chivay_Termas_center,-15.64,-71.6
PE_Chivay_Termas_N.tif,1,PE_Chivay_Termas_N,-15.627,-71.6
PE_Chivay_Termas_S.tif,1,PE_Chivay_Termas_S,-15.653,-71.6
PE_Chivay_Termas_E.tif,1,PE_Chivay_Termas_E,-15.64,-71.587
PE_Chivay_Termas_W.tif,1,PE_Chivay_Termas_W,-15.64,-71.613
PE_Chivay_Termas_NE.tif,1,PE_Chivay_Termas_NE,-15.627,-71.587
PE_Chivay_Termas_NW.tif,1,PE_Chivay_Termas_NW,-15.627,-71.613
PE_Chivay_Termas_SE.tif,1,PE_Chivay_Termas_SE,-15.653,-71.587
PE_Chivay_Termas_SW.tif,1,PE_Chivay_Termas_SW,-15.653,-71.613
PE_Jesus_Termas_center.tif,1,PE_Jesus_Termas_center,-15.97,-71.42
PE_Jesus_Termas_N.tif,1,PE_Jesus_Termas_N,-15.957,-71.42
PE_Jesus_Termas_S.tif,1,PE_Jesus_Termas_S,-15.983,-71.42
PE_Jesus_Termas_E.tif,1,PE_Jesus_Termas_E,-15.97,-71.407
PE_Jesus_Termas_W.tif,1,PE_Jesus_Termas_W,-15.97,-71.433
PE_Jesus_Termas_NE.tif,1,PE_Jesus_Termas_NE,-15.957,-71.407
PE_Jesus_Termas_NW.tif,1,PE_Jesus_Termas_NW,-15.957,-71.433
PE_Jesus_Termas_SE.tif,1,PE_Jesus_Termas_SE,-15.983,-71.407
PE_Jesus_Termas_SW.tif,1,PE_Jesus_Termas_SW,-15.983,-71.433
PE_Cayani_center.tif,1,PE_Cayani_center,-16.85,-70.3
PE_Cayani_N.tif,1,PE_Cayani_N,-16.837,-70.3
PE_Cayani_S.tif,1,PE_Cayani_S,-16.863,-70.3
PE_Cayani_E.tif,1,PE_Cayani_E,-16.85,-70.287
PE_Cayani_W.tif,1,PE_Cayani_W,-16.85,-70.313
PE_Cayani_NE.tif,1,PE_Cayani_NE,-16.837,-70.287
PE_Cayani_NW.tif,1,PE_Cayani_NW,-16.837,-70.313
PE_Cayani_SE.tif,1,PE_Cayani_SE,-16.863,-70.287
PE_Cayani_SW.tif,1,PE_Cayani_SW,-16.863,-70.313
PE_Salinas_Laguna_center.tif,1,PE_Salinas_Laguna_center,-16.256,-71.133
PE_Salinas_Laguna_N.tif,1,PE_Salinas_Laguna_N,-16.243,-71.133
PE_Salinas_Laguna_S.tif,1,PE_Salinas_Laguna_S,-16.269,-71.133
PE_Salinas_Laguna_E.tif,1,PE_Salinas_Laguna_E,-16.256,-71.12
PE_Salinas_Laguna_W.tif,1,PE_Salinas_Laguna_W,-16.256,-71.146
PE_Salinas_Laguna_NE.tif,1,PE_Salinas_Laguna_NE,-16.243,-71.12
PE_Salinas_Laguna_NW.tif,1,PE_Salinas_Laguna_NW,-16.243,-71.146
PE_Salinas_Laguna_SE.tif,1,PE_Salinas_Laguna_SE,-16.269,-71.12
PE_Salinas_Laguna_SW.tif,1,PE_Salinas_Laguna_SW,-16.269,-71.146
PE_Nicholson_center.tif,1,PE_Nicholson_center,-16.75,-70.7
PE_Nicholson_N.tif,1,PE_Nicholson_N,-16.737,-70.7
PE_Nicholson_S.tif,1,PE_Nicholson_S,-16.763,-70.7
PE_Nicholson_E.tif,1,PE_Nicholson_E,-16.75,-70.687
PE_Nicholson_W.tif,1,PE_Nicholson_W,-16.75,-70.713
PE_Nicholson_NE.tif,1,PE_Nicholson_NE,-16.737,-70.687
PE_Nicholson_NW.tif,1,PE_Nicholson_NW,-16.737,-70.713
PE_Nicholson_SE.tif,1,PE_Nicholson_SE,-16.763,-70.687
PE_Nicholson_SW.tif,1,PE_Nicholson_SW,-16.763,-70.713
CL_Irruputuncu_N.tif,1,CL_Irruputuncu_N,-20.727,-68.56
CL_Irruputuncu_S.tif,1,CL_Irruputuncu_S,-20.753,-68.56
CL_Irruputuncu_E.tif,1,CL_Irruputuncu_E,-20.74,-68.547
CL_Irruputuncu_W.tif,1,CL_Irruputuncu_W,-20.74,-68.573
CL_Irruputuncu_NE.tif,1,CL_Irruputuncu_NE,-20.727,-68.547
CL_Irruputuncu_NW.tif,1,CL_Irruputuncu_NW,-20.727,-68.573
CL_Irruputuncu_SE.tif,1,CL_Irruputuncu_SE,-20.753,-68.547
CL_Irruputuncu_SW.tif,1,CL_Irruputuncu_SW,-20.753,-68.573
CL_Olague_center.tif,1,CL_Olague_center,-21.3,-68.18
CL_Olague_N.tif,1,CL_Olague_N,-21.287,-68.18
CL_Olague_S.tif,1,CL_Olague_S,-21.313,-68.18
CL_Olague_E.tif,1,CL_Olague_E,-21.3,-68.167
CL_Olague_W.tif,1,CL_Olague_W,-21.3,-68.193
CL_Olague_NE.tif,1,CL_Olague_NE,-21.287,-68.167
CL_Olague_NW.tif,1,CL_Olague_NW,-21.287,-68.193
CL_Olague_SE.tif,1,CL_Olague_SE,-21.313,-68.167
CL_Olague_SW.tif,1,CL_Olague_SW,-21.313,-68.193
CL_San_Pedro_V_center.tif,1,CL_San_Pedro_V_center,-21.88,-68.396
CL_San_Pedro_V_N.tif,1,CL_San_Pedro_V_N,-21.867,-68.396
CL_San_Pedro_V_S.tif,1,CL_San_Pedro_V_S,-21.893,-68.396
CL_San_Pedro_V_E.tif,1,CL_San_Pedro_V_E,-21.88,-68.383
CL_San_Pedro_V_W.tif,1,CL_San_Pedro_V_W,-21.88,-68.409
CL_San_Pedro_V_NE.tif,1,CL_San_Pedro_V_NE,-21.867,-68.383
CL_San_Pedro_V_NW.tif,1,CL_San_Pedro_V_NW,-21.867,-68.409
CL_San_Pedro_V_SE.tif,1,CL_San_Pedro_V_SE,-21.893,-68.383
CL_San_Pedro_V_SW.tif,1,CL_San_Pedro_V_SW,-21.893,-68.409
CL_Putana_N.tif,1,CL_Putana_N,-22.555,-67.856
CL_Putana_S.tif,1,CL_Putana_S,-22.581,-67.856
CL_Putana_E.tif,1,CL_Putana_E,-22.568,-67.843
CL_Putana_W.tif,1,CL_Putana_W,-22.568,-67.869
CL_Putana_NE.tif,1,CL_Putana_NE,-22.555,-67.843
CL_Putana_NW.tif,1,CL_Putana_NW,-22.555,-67.869
CL_Putana_SE.tif,1,CL_Putana_SE,-22.581,-67.843
CL_Putana_SW.tif,1,CL_Putana_SW,-22.581,-67.869
CL_Guallatiri_N.tif,1,CL_Guallatiri_N,-18.41,-69.092
CL_Guallatiri_S.tif,1,CL_Guallatiri_S,-18.436,-69.092
CL_Guallatiri_E.tif,1,CL_Guallatiri_E,-18.423,-69.079
CL_Guallatiri_W.tif,1,CL_Guallatiri_W,-18.423,-69.105
CL_Guallatiri_NE.tif,1,CL_Guallatiri_NE,-18.41,-69.079
CL_Guallatiri_NW.tif,1,CL_Guallatiri_NW,-18.41,-69.105
CL_Guallatiri_SE.tif,1,CL_Guallatiri_SE,-18.436,-69.079
CL_Guallatiri_SW.tif,1,CL_Guallatiri_SW,-18.436,-69.105
CL_Parinacota_N.tif,1,CL_Parinacota_N,-18.157,-69.142
CL_Parinacota_S.tif,1,CL_Parinacota_S,-18.183,-69.142
CL_Parinacota_E.tif,1,CL_Parinacota_E,-18.17,-69.129
CL_Parinacota_W.tif,1,CL_Parinacota_W,-18.17,-69.155
CL_Parinacota_NE.tif,1,CL_Parinacota_NE,-18.157,-69.129
CL_Parinacota_NW.tif,1,CL_Parinacota_NW,-18.157,-69.155
CL_Parinacota_SE.tif,1,CL_Parinacota_SE,-18.183,-69.129
CL_Parinacota_SW.tif,1,CL_Parinacota_SW,-18.183,-69.155
CL_Isluga_N.tif,1,CL_Isluga_N,-19.137,-68.831
CL_Isluga_S.tif,1,CL_Isluga_S,-19.163,-68.831
CL_Isluga_E.tif,1,CL_Isluga_E,-19.15,-68.818
CL_Isluga_W.tif,1,CL_Isluga_W,-19.15,-68.844
CL_Isluga_NE.tif,1,CL_Isluga_NE,-19.137,-68.818
CL_Isluga_NW.tif,1,CL_Isluga_NW,-19.137,-68.844
CL_Isluga_SE.tif,1,CL_Isluga_SE,-19.163,-68.818
CL_Isluga_SW.tif,1,CL_Isluga_SW,-19.163,-68.844
CL_Tacora_N.tif,1,CL_Tacora_N,-17.707,-69.771
CL_Tacora_S.tif,1,CL_Tacora_S,-17.733,-69.771
CL_Tacora_E.tif,1,CL_Tacora_E,-17.72,-69.758
CL_Tacora_W.tif,1,CL_Tacora_W,-17.72,-69.784
CL_Tacora_NE.tif,1,CL_Tacora_NE,-17.707,-69.758
CL_Tacora_NW.tif,1,CL_Tacora_NW,-17.707,-69.784
CL_Tacora_SE.tif,1,CL_Tacora_SE,-17.733,-69.758
CL_Tacora_SW.tif,1,CL_Tacora_SW,-17.733,-69.784
CL_Cerro_Pabellon_N.tif,1,CL_Cerro_Pabellon_N,-22.297,-68.15
CL_Cerro_Pabellon_S.tif,1,CL_Cerro_Pabellon_S,-22.323,-68.15
CL_Cerro_Pabellon_E.tif,1,CL_Cerro_Pabellon_E,-22.31,-68.137
CL_Cerro_Pabellon_W.tif,1,CL_Cerro_Pabellon_W,-22.31,-68.163
CL_Cerro_Pabellon_NW.tif,1,CL_Cerro_Pabellon_NW,-22.297,-68.163
CL_Cerro_Pabellon_SE.tif,1,CL_Cerro_Pabellon_SE,-22.323,-68.137
CL_Apacheta_center.tif,1,CL_Apacheta_center,-22.22,-68.18
CL_Apacheta_N.tif,1,CL_Apacheta_N,-22.207,-68.18
CL_Apacheta_S.tif,1,CL_Apacheta_S,-22.233,-68.18
CL_Apacheta_E.tif,1,CL_Apacheta_E,-22.22,-68.167
CL_Apacheta_W.tif,1,CL_Apacheta_W,-22.22,-68.193
CL_Apacheta_NE.tif,1,CL_Apacheta_NE,-22.207,-68.167
CL_Apacheta_NW.tif,1,CL_Apacheta_NW,-22.207,-68.193
CL_Apacheta_SE.tif,1,CL_Apacheta_SE,-22.233,-68.167
CL_Apacheta_SW.tif,1,CL_Apacheta_SW,-22.233,-68.193
CL_Pampa_Lirima_center.tif,1,CL_Pampa_Lirima_center,-19.82,-69.33
CL_Pampa_Lirima_N.tif,1,CL_Pampa_Lirima_N,-19.807,-69.33
CL_Pampa_Lirima_S.tif,1,CL_Pampa_Lirima_S,-19.833,-69.33
CL_Pampa_Lirima_E.tif,1,CL_Pampa_Lirima_E,-19.82,-69.317
CL_Pampa_Lirima_W.tif,1,CL_Pampa_Lirima_W,-19.82,-69.343
CL_Pampa_Lirima_NE.tif,1,CL_Pampa_Lirima_NE,-19.807,-69.317
CL_Pampa_Lirima_NW.tif,1,CL_Pampa_Lirima_NW,-19.807,-69.343
CL_Pampa_Lirima_SE.tif,1,CL_Pampa_Lirima_SE,-19.833,-69.317
CL_Pampa_Lirima_SW.tif,1,CL_Pampa_Lirima_SW,-19.833,-69.343
CL_Chaiten_center.tif,1,CL_Chaiten_center,-42.83,-72.65
CL_Chaiten_N.tif,1,CL_Chaiten_N,-42.817,-72.65
CL_Chaiten_S.tif,1,CL_Chaiten_S,-42.843,-72.65
CL_Chaiten_E.tif,1,CL_Chaiten_E,-42.83,-72.637
CL_Chaiten_W.tif,1,CL_Chaiten_W,-42.83,-72.663
CL_Chaiten_NE.tif,1,CL_Chaiten_NE,-42.817,-72.637
CL_Chaiten_NW.tif,1,CL_Chaiten_NW,-42.817,-72.663
CL_Chaiten_SE.tif,1,CL_Chaiten_SE,-42.843,-72.637
CL_Chaiten_SW.tif,1,CL_Chaiten_SW,-42.843,-72.663
CL_Melimoyu_center.tif,1,CL_Melimoyu_center,-44.07,-72.86
CL_Melimoyu_N.tif,1,CL_Melimoyu_N,-44.057,-72.86
CL_Melimoyu_S.tif,1,CL_Melimoyu_S,-44.083,-72.86
CL_Melimoyu_E.tif,1,CL_Melimoyu_E,-44.07,-72.847
CL_Melimoyu_W.tif,1,CL_Melimoyu_W,-44.07,-72.873
CL_Melimoyu_NE.tif,1,CL_Melimoyu_NE,-44.057,-72.847
CL_Melimoyu_NW.tif,1,CL_Melimoyu_NW,-44.057,-72.873
CL_Melimoyu_SE.tif,1,CL_Melimoyu_SE,-44.083,-72.847
CL_Melimoyu_SW.tif,1,CL_Melimoyu_SW,-44.083,-72.873
CL_Corcovado_center.tif,1,CL_Corcovado_center,-43.19,-72.8
CL_Corcovado_N.tif,1,CL_Corcovado_N,-43.177,-72.8
CL_Corcovado_S.tif,1,CL_Corcovado_S,-43.203,-72.8
CL_Corcovado_E.tif,1,CL_Corcovado_E,-43.19,-72.787
CL_Corcovado_W.tif,1,CL_Corcovado_W,-43.19,-72.813
CL_Corcovado_NE.tif,1,CL_Corcovado_NE,-43.177,-72.787
CL_Corcovado_NW.tif,1,CL_Corcovado_NW,-43.177,-72.813
CL_Corcovado_SE.tif,1,CL_Corcovado_SE,-43.203,-72.787
CL_Corcovado_SW.tif,1,CL_Corcovado_SW,-43.203,-72.813
CL_Lonquimay_center.tif,1,CL_Lonquimay_center,-38.379,-71.585
CL_Lonquimay_N.tif,1,CL_Lonquimay_N,-38.366,-71.585
CL_Lonquimay_S.tif,1,CL_Lonquimay_S,-38.392,-71.585
CL_Lonquimay_E.tif,1,CL_Lonquimay_E,-38.379,-71.572
CL_Lonquimay_W.tif,1,CL_Lonquimay_W,-38.379,-71.598
CL_Lonquimay_NE.tif,1,CL_Lonquimay_NE,-38.366,-71.572
CL_Lonquimay_NW.tif,1,CL_Lonquimay_NW,-38.366,-71.598
CL_Lonquimay_SE.tif,1,CL_Lonquimay_SE,-38.392,-71.572
CL_Lonquimay_SW.tif,1,CL_Lonquimay_SW,-38.392,-71.598
CL_Sollipulli_center.tif,1,CL_Sollipulli_center,-38.97,-71.52
CL_Sollipulli_N.tif,1,CL_Sollipulli_N,-38.957,-71.52
CL_Sollipulli_S.tif,1,CL_Sollipulli_S,-38.983,-71.52
CL_Sollipulli_E.tif,1,CL_Sollipulli_E,-38.97,-71.507
CL_Sollipulli_W.tif,1,CL_Sollipulli_W,-38.97,-71.533
CL_Sollipulli_NE.tif,1,CL_Sollipulli_NE,-38.957,-71.507
CL_Sollipulli_NW.tif,1,CL_Sollipulli_NW,-38.957,-71.533
CL_Sollipulli_SE.tif,1,CL_Sollipulli_SE,-38.983,-71.507
CL_Sollipulli_SW.tif,1,CL_Sollipulli_SW,-38.983,-71.533
CL_Tolhuaca_N.tif,1,CL_Tolhuaca_N,-38.297,-71.645
CL_Tolhuaca_S.tif,1,CL_Tolhuaca_S,-38.323,-71.645
CL_Tolhuaca_E.tif,1,CL_Tolhuaca_E,-38.31,-71.632
CL_Tolhuaca_W.tif,1,CL_Tolhuaca_W,-38.31,-71.658
CL_Tolhuaca_NE.tif,1,CL_Tolhuaca_NE,-38.297,-71.632
CL_Tolhuaca_NW.tif,1,CL_Tolhuaca_NW,-38.297,-71.658
CL_Tolhuaca_SE.tif,1,CL_Tolhuaca_SE,-38.323,-71.632
CL_Tolhuaca_SW.tif,1,CL_Tolhuaca_SW,-38.323,-71.658
CL_Mocho_Choshuenco_center.tif,1,CL_Mocho_Choshuenco_center,-39.927,-72.027
CL_Mocho_Choshuenco_N.tif,1,CL_Mocho_Choshuenco_N,-39.914,-72.027
CL_Mocho_Choshuenco_S.tif,1,CL_Mocho_Choshuenco_S,-39.94,-72.027
CL_Mocho_Choshuenco_E.tif,1,CL_Mocho_Choshuenco_E,-39.927,-72.014
CL_Mocho_Choshuenco_W.tif,1,CL_Mocho_Choshuenco_W,-39.927,-72.04
CL_Mocho_Choshuenco_NE.tif,1,CL_Mocho_Choshuenco_NE,-39.914,-72.014
CL_Mocho_Choshuenco_NW.tif,1,CL_Mocho_Choshuenco_NW,-39.914,-72.04
CL_Mocho_Choshuenco_SE.tif,1,CL_Mocho_Choshuenco_SE,-39.94,-72.014
CL_Mocho_Choshuenco_SW.tif,1,CL_Mocho_Choshuenco_SW,-39.94,-72.04
Casanare_Yopal.tif,0,Casanare_Yopal,5.3378,-72.395
Casanare_Paz_Ariporo.tif,0,Casanare_Paz_Ariporo,5.88,-71.88
Casanare_Hato_Corozal.tif,0,Casanare_Hato_Corozal,6.17,-71.76
Casanare_Trinidad.tif,0,Casanare_Trinidad,5.43,-71.66
Arauca_Arauca.tif,0,Arauca_Arauca,7.09,-70.76
Arauca_Saravena.tif,0,Arauca_Saravena,6.96,-71.88
Vichada_Puerto_Carreno.tif,0,Vichada_Puerto_Carreno,6.19,-67.49
Meta_Villavicencio.tif,0,Meta_Villavicencio,4.142,-73.62
Meta_Puerto_Lopez.tif,0,Meta_Puerto_Lopez,4.08,-72.96
Meta_Puerto_Gaitan.tif,0,Meta_Puerto_Gaitan,4.32,-72.08
Meta_Acacias.tif,0,Meta_Acacias,3.99,-73.76
Meta_Granada.tif,0,Meta_Granada,3.55,-73.7
Casanare_Aguazul.tif,0,Casanare_Aguazul,5.17,-72.55
Casanare_Villanueva.tif,0,Casanare_Villanueva,4.95,-72.92
Amazonas_Leticia.tif,0,Amazonas_Leticia,-4.2153,-69.94
Amazonas_Puerto_Narino.tif,0,Amazonas_Puerto_Narino,-3.77,-70.38
Caqueta_Florencia.tif,0,Caqueta_Florencia,1.6144,-75.6144
Caqueta_San_Vicente.tif,0,Caqueta_San_Vicente,0.64,-74.77
Putumayo_Mocoa.tif,0,Putumayo_Mocoa,1.15,-76.65
Putumayo_Puerto_Asis.tif,0,Putumayo_Puerto_Asis,0.5054,-76.4989
Guaviare_San_Jose.tif,0,Guaviare_San_Jose,2.57,-72.64
Vaupes_Mitu.tif,0,Vaupes_Mitu,1.25,-70.17
Guainia_Inirida.tif,0,Guainia_Inirida,3.87,-67.92
Amazonas_Tarapaca.tif,0,Amazonas_Tarapaca,-2.88,-69.75
Atlantico_Barranquilla.tif,0,Atlantico_Barranquilla,10.9639,-74.7813
Magdalena_Santa_Marta.tif,0,Magdalena_Santa_Marta,11.2408,-74.21
Cesar_Valledupar.tif,0,Cesar_Valledupar,10.4631,-73.25
La_Guajira_Riohacha.tif,0,La_Guajira_Riohacha,11.5444,-72.9072
Cordoba_Monteria.tif,0,Cordoba_Monteria,8.7479,-75.8814
Sucre_Sincelejo.tif,0,Sucre_Sincelejo,9.3047,-75.3978
Bolivar_Cartagena.tif,0,Bolivar_Cartagena,10.391,-75.5144
Bolivar_Magangue.tif,0,Bolivar_Magangue,9.2417,-74.7542
La_Guajira_Maicao.tif,0,La_Guajira_Maicao,11.38,-72.24
Cesar_Aguachica.tif,0,Cesar_Aguachica,8.31,-73.62
Magdalena_Cienaga.tif,0,Magdalena_Cienaga,11.01,-74.25
Atlantico_Sabanalarga.tif,0,Atlantico_Sabanalarga,10.63,-74.92
Santander_Bucaramanga.tif,0,Santander_Bucaramanga,7.1254,-73.1198
Santander_Barrancabermeja.tif,0,Santander_Barrancabermeja,7.0653,-73.8542
Norte_Santander_Cucuta.tif,0,Norte_Santander_Cucuta,7.8939,-72.5047
Boyaca_Tunja.tif,0,Boyaca_Tunja,5.5353,-73.3678
Boyaca_Sogamoso.tif,0,Boyaca_Sogamoso,5.7142,-72.9342
Cundinamarca_Girardot.tif,0,Cundinamarca_Girardot,4.3011,-74.8039
Cundinamarca_Zipaquira.tif,0,Cundinamarca_Zipaquira,5.0214,-74.0042
Santander_San_Gil.tif,0,Santander_San_Gil,6.56,-73.13
Santander_Socorro.tif,0,Santander_Socorro,6.47,-73.26
Boyaca_Duitama.tif,0,Boyaca_Duitama,5.83,-73.03
Boyaca_Chiquinquira.tif,0,Boyaca_Chiquinquira,5.62,-73.82
Norte_Santander_Ocana.tif,0,Norte_Santander_Ocana,8.24,-73.36
Valle_Cali_norte.tif,0,Valle_Cali_norte,3.5,-76.5225
Valle_Palmira.tif,0,Valle_Palmira,3.5394,-76.3036
Valle_Tulua.tif,0,Valle_Tulua,4.0864,-76.1953
Valle_Buga.tif,0,Valle_Buga,3.9014,-76.3
Valle_Cartago.tif,0,Valle_Cartago,4.7467,-75.9114
Valle_Cali_sur.tif,0,Valle_Cali_sur,3.38,-76.54
Valle_Jamundi.tif,0,Valle_Jamundi,3.26,-76.54
Cauca_Popayan_control.tif,0,Cauca_Popayan_control,2.44,-76.61
Choco_Quibdo.tif,0,Choco_Quibdo,5.6919,-76.6611
Choco_Bahia_Solano.tif,0,Choco_Bahia_Solano,6.1989,-77.4094
Narino_Tumaco.tif,0,Narino_Tumaco,1.79,-78.77
Choco_Istmina.tif,0,Choco_Istmina,5.16,-76.68
Risaralda_Pereira_control.tif,0,Risaralda_Pereira_control,4.81,-75.69
Quindio_Armenia_control.tif,0,Quindio_Armenia_control,4.5339,-75.681
Caldas_La_Dorada.tif,0,Caldas_La_Dorada,5.45,-74.66
Antioquia_Medellin.tif,0,Antioquia_Medellin,6.2442,-75.5636
Antioquia_Rionegro.tif,0,Antioquia_Rionegro,6.15,-75.37
Antioquia_Turbo.tif,0,Antioquia_Turbo,8.09,-76.73
Bogota_centro.tif,0,Bogota_centro,4.711,-74.0721
Bogota_norte.tif,0,Bogota_norte,4.76,-74.03
Cundinamarca_Chia.tif,0,Cundinamarca_Chia,4.86,-74.06
Cundinamarca_Facatativa.tif,0,Cundinamarca_Facatativa,4.81,-74.36
Cundinamarca_Soacha.tif,0,Cundinamarca_Soacha,4.59,-74.22
Meta_San_Martin.tif,0,Meta_San_Martin,3.69,-73.69
Casanare_Monterrey.tif,0,Casanare_Monterrey,4.88,-72.89
Arauca_Tame.tif,0,Arauca_Tame,6.46,-71.73
Vichada_La_Primavera.tif,0,Vichada_La_Primavera,5.49,-70.41
La_Guajira_Uribia.tif,0,La_Guajira_Uribia,11.71,-72.27
Cesar_La_Paz.tif,0,Cesar_La_Paz,10.38,-73.17
Magdalena_Plato.tif,0,Magdalena_Plato,9.79,-74.79
Cordoba_Planeta_Rica.tif,0,Cordoba_Planeta_Rica,8.41,-75.59
Sucre_Ovejas.tif,0,Sucre_Ovejas,9.53,-75.23
Caqueta_Belen_Andaquies.tif,0,Caqueta_Belen_Andaquies,1.59,-75.87
Putumayo_Puerto_Leguizamo.tif,0,Putumayo_Puerto_Leguizamo,-0.19,-74.78
Guaviare_El_Retorno.tif,0,Guaviare_El_Retorno,2.33,-72.62
Antioquia_Santa_Fe.tif,0,Antioquia_Santa_Fe,7.87,-75.83
Antioquia_Apartado.tif,0,Antioquia_Apartado,7.88,-76.63
Cundinamarca_Madrid.tif,0,Cundinamarca_Madrid,4.73,-74.26
Cundinamarca_Funza.tif,0,Cundinamarca_Funza,4.72,-74.21
Tolima_Ibague_control.tif,0,Tolima_Ibague_control,4.438,-75.23
Huila_Neiva_control.tif,0,Huila_Neiva_control,2.927,-75.28
EC_Guayaquil_control.tif,0,EC_Guayaquil_control,-2.17,-79.897
EC_Machala_control.tif,0,EC_Machala_control,-3.26,-79.96
EC_Esmeraldas_control.tif,0,EC_Esmeraldas_control,0.96,-79.65
EC_Santo_Domingo_control.tif,0,EC_Santo_Domingo_control,-0.25,-79.17
EC_Quevedo_control.tif,0,EC_Quevedo_control,-1.02,-79.46
EC_Manta_control.tif,0,EC_Manta_control,-0.95,-80.733
EC_Portoviejo_control.tif,0,EC_Portoviejo_control,-1.05,-80.45
EC_Lago_Agrio_control.tif,0,EC_Lago_Agrio_control,0.084,-76.878
EC_Puyo_control.tif,0,EC_Puyo_control,-1.49,-77.99
EC_Tena_control.tif,0,EC_Tena_control,-1.0,-77.81
EC_Zamora_control.tif,0,EC_Zamora_control,-4.07,-78.95
EC_Loja_sur_control.tif,0,EC_Loja_sur_control,-4.05,-79.22
EC_Santa_Elena_control.tif,0,EC_Santa_Elena_control,-2.23,-80.86
EC_Duran_control.tif,0,EC_Duran_control,-2.17,-79.83
EC_Milagro_control.tif,0,EC_Milagro_control,-2.13,-79.59
EC_Babahoyo_control.tif,0,EC_Babahoyo_control,-1.8,-79.53
EC_Vinces_control.tif,0,EC_Vinces_control,-1.56,-79.75
EC_Cuenca_control.tif,0,EC_Cuenca_control,-2.92,-79.02
EC_Nueva_Loja_control.tif,0,EC_Nueva_Loja_control,0.09,-76.88
EC_Daule_control.tif,0,EC_Daule_control,-1.86,-79.98
PE_Lima_control.tif,0,PE_Lima_control,-12.046,-77.028
PE_Piura_control.tif,0,PE_Piura_control,-5.19,-80.63
PE_Chiclayo_control.tif,0,PE_Chiclayo_control,-6.77,-79.84
PE_Trujillo_control.tif,0,PE_Trujillo_control,-8.11,-79.03
PE_Ica_control.tif,0,PE_Ica_control,-14.06,-75.73
PE_Nasca_control.tif,0,PE_Nasca_control,-14.83,-75.12
PE_Chimbote_control.tif,0,PE_Chimbote_control,-9.07,-78.53
PE_Huancayo_control.tif,0,PE_Huancayo_control,-12.07,-75.21
PE_Cusco_control.tif,0,PE_Cusco_control,-13.52,-71.97
PE_Puno_control.tif,0,PE_Puno_control,-15.84,-70.02
PE_Juliaca_control.tif,0,PE_Juliaca_control,-15.5,-70.13
PE_Iquitos_control.tif,0,PE_Iquitos_control,-3.75,-73.25
PE_Pucallpa_control.tif,0,PE_Pucallpa_control,-8.38,-74.53
PE_Tarapoto_control.tif,0,PE_Tarapoto_control,-6.49,-76.37
PE_Tumbes_control.tif,0,PE_Tumbes_control,-3.57,-80.45
PE_Ayacucho_control.tif,0,PE_Ayacucho_control,-13.16,-74.22
PE_Huaraz_control.tif,0,PE_Huaraz_control,-9.53,-77.528
PE_Cajamarca_control.tif,0,PE_Cajamarca_control,-7.16,-78.52
PE_Tacna_control.tif,0,PE_Tacna_control,-18.01,-70.25
PE_Arequipa_control.tif,0,PE_Arequipa_control,-16.409,-71.54
CL_Santiago_control.tif,0,CL_Santiago_control,-33.448,-70.65
CL_Valparaiso_control.tif,0,CL_Valparaiso_control,-33.047,-71.62
CL_Concepcion_control.tif,0,CL_Concepcion_control,-36.83,-73.05
CL_La_Serena_control.tif,0,CL_La_Serena_control,-29.9,-71.25
CL_Copiapo_control.tif,0,CL_Copiapo_control,-27.37,-70.33
CL_Antofagasta_control.tif,0,CL_Antofagasta_control,-23.65,-70.4
CL_Arica_control.tif,0,CL_Arica_control,-18.475,-70.311
CL_Temuco_control.tif,0,CL_Temuco_control,-38.74,-72.64
CL_Osorno_control.tif,0,CL_Osorno_control,-40.573,-73.15
CL_Valdivia_control.tif,0,CL_Valdivia_control,-39.81,-73.24
CL_Rancagua_control.tif,0,CL_Rancagua_control,-34.17,-70.74
CL_Talca_control.tif,0,CL_Talca_control,-35.43,-71.65
CL_Chillan_ciudad_control.tif,0,CL_Chillan_ciudad_control,-36.6,-72.1
CL_Punta_Arenas_control.tif,0,CL_Punta_Arenas_control,-53.15,-70.917
CL_Puerto_Montt_control.tif,0,CL_Puerto_Montt_control,-41.47,-72.94
CL_Iquique_control.tif,0,CL_Iquique_control,-20.21,-70.13
CL_Calama_control.tif,0,CL_Calama_control,-22.45,-68.92
CL_San_Fernando_control.tif,0,CL_San_Fernando_control,-34.58,-71.0
CL_Curico_control.tif,0,CL_Curico_control,-34.98,-71.24
CL_Los_Angeles_control.tif,0,CL_Los_Angeles_control,-37.47,-72.35
CO_Leticia_Ctrl_center.tif,0,CO_Leticia_Ctrl_center,-4.215,-69.94
CO_Leticia_Ctrl_N.tif,0,CO_Leticia_Ctrl_N,-4.202,-69.94
CO_Leticia_Ctrl_S.tif,0,CO_Leticia_Ctrl_S,-4.228,-69.94
CO_Leticia_Ctrl_E.tif,0,CO_Leticia_Ctrl_E,-4.215,-69.927
CO_Leticia_Ctrl_W.tif,0,CO_Leticia_Ctrl_W,-4.215,-69.953
CO_Leticia_Ctrl_NE.tif,0,CO_Leticia_Ctrl_NE,-4.202,-69.927
CO_Leticia_Ctrl_NW.tif,0,CO_Leticia_Ctrl_NW,-4.202,-69.953
CO_Leticia_Ctrl_SE.tif,0,CO_Leticia_Ctrl_SE,-4.228,-69.927
CO_Leticia_Ctrl_SW.tif,0,CO_Leticia_Ctrl_SW,-4.228,-69.953
CO_Puerto_Inirida_Ctrl_center.tif,0,CO_Puerto_Inirida_Ctrl_center,3.865,-67.92
CO_Puerto_Inirida_Ctrl_N.tif,0,CO_Puerto_Inirida_Ctrl_N,3.878,-67.92
CO_Puerto_Inirida_Ctrl_S.tif,0,CO_Puerto_Inirida_Ctrl_S,3.852,-67.92
CO_Puerto_Inirida_Ctrl_E.tif,0,CO_Puerto_Inirida_Ctrl_E,3.865,-67.907
CO_Puerto_Inirida_Ctrl_W.tif,0,CO_Puerto_Inirida_Ctrl_W,3.865,-67.933
CO_Puerto_Inirida_Ctrl_NE.tif,0,CO_Puerto_Inirida_Ctrl_NE,3.878,-67.907
CO_Puerto_Inirida_Ctrl_NW.tif,0,CO_Puerto_Inirida_Ctrl_NW,3.878,-67.933
CO_Puerto_Inirida_Ctrl_SE.tif,0,CO_Puerto_Inirida_Ctrl_SE,3.852,-67.907
CO_Puerto_Inirida_Ctrl_SW.tif,0,CO_Puerto_Inirida_Ctrl_SW,3.852,-67.933
CO_Mitu_Ctrl_center.tif,0,CO_Mitu_Ctrl_center,1.253,-70.24
CO_Mitu_Ctrl_N.tif,0,CO_Mitu_Ctrl_N,1.266,-70.24
CO_Mitu_Ctrl_S.tif,0,CO_Mitu_Ctrl_S,1.24,-70.24
CO_Mitu_Ctrl_E.tif,0,CO_Mitu_Ctrl_E,1.253,-70.227
CO_Mitu_Ctrl_W.tif,0,CO_Mitu_Ctrl_W,1.253,-70.253
CO_Mitu_Ctrl_NE.tif,0,CO_Mitu_Ctrl_NE,1.266,-70.227
CO_Mitu_Ctrl_NW.tif,0,CO_Mitu_Ctrl_NW,1.266,-70.253
CO_Mitu_Ctrl_SE.tif,0,CO_Mitu_Ctrl_SE,1.24,-70.227
CO_Mitu_Ctrl_SW.tif,0,CO_Mitu_Ctrl_SW,1.24,-70.253
CO_San_Jose_Guaviare_Ctrl_center.tif,0,CO_San_Jose_Guaviare_Ctrl_center,2.57,-72.64
CO_San_Jose_Guaviare_Ctrl_N.tif,0,CO_San_Jose_Guaviare_Ctrl_N,2.583,-72.64
CO_San_Jose_Guaviare_Ctrl_S.tif,0,CO_San_Jose_Guaviare_Ctrl_S,2.557,-72.64
CO_San_Jose_Guaviare_Ctrl_E.tif,0,CO_San_Jose_Guaviare_Ctrl_E,2.57,-72.627
CO_San_Jose_Guaviare_Ctrl_W.tif,0,CO_San_Jose_Guaviare_Ctrl_W,2.57,-72.653
CO_San_Jose_Guaviare_Ctrl_NE.tif,0,CO_San_Jose_Guaviare_Ctrl_NE,2.583,-72.627
CO_San_Jose_Guaviare_Ctrl_NW.tif,0,CO_San_Jose_Guaviare_Ctrl_NW,2.583,-72.653
CO_San_Jose_Guaviare_Ctrl_SE.tif,0,CO_San_Jose_Guaviare_Ctrl_SE,2.557,-72.627
CO_San_Jose_Guaviare_Ctrl_SW.tif,0,CO_San_Jose_Guaviare_Ctrl_SW,2.557,-72.653
CO_Florencia_Ctrl_center.tif,0,CO_Florencia_Ctrl_center,1.61,-75.61
CO_Florencia_Ctrl_N.tif,0,CO_Florencia_Ctrl_N,1.623,-75.61
CO_Florencia_Ctrl_S.tif,0,CO_Florencia_Ctrl_S,1.597,-75.61
CO_Florencia_Ctrl_E.tif,0,CO_Florencia_Ctrl_E,1.61,-75.597
CO_Florencia_Ctrl_W.tif,0,CO_Florencia_Ctrl_W,1.61,-75.623
CO_Florencia_Ctrl_NE.tif,0,CO_Florencia_Ctrl_NE,1.623,-75.597
CO_Florencia_Ctrl_NW.tif,0,CO_Florencia_Ctrl_NW,1.623,-75.623
CO_Florencia_Ctrl_SE.tif,0,CO_Florencia_Ctrl_SE,1.597,-75.597
CO_Florencia_Ctrl_SW.tif,0,CO_Florencia_Ctrl_SW,1.597,-75.623
CO_Mocoa_Ctrl_center.tif,0,CO_Mocoa_Ctrl_center,1.15,-76.65
CO_Mocoa_Ctrl_N.tif,0,CO_Mocoa_Ctrl_N,1.163,-76.65
CO_Mocoa_Ctrl_S.tif,0,CO_Mocoa_Ctrl_S,1.137,-76.65
CO_Mocoa_Ctrl_E.tif,0,CO_Mocoa_Ctrl_E,1.15,-76.637
CO_Mocoa_Ctrl_W.tif,0,CO_Mocoa_Ctrl_W,1.15,-76.663
CO_Mocoa_Ctrl_NE.tif,0,CO_Mocoa_Ctrl_NE,1.163,-76.637
CO_Mocoa_Ctrl_NW.tif,0,CO_Mocoa_Ctrl_NW,1.163,-76.663
CO_Mocoa_Ctrl_SE.tif,0,CO_Mocoa_Ctrl_SE,1.137,-76.637
CO_Mocoa_Ctrl_SW.tif,0,CO_Mocoa_Ctrl_SW,1.137,-76.663
CO_Sincelejo_Ctrl_center.tif,0,CO_Sincelejo_Ctrl_center,9.3,-75.39
CO_Sincelejo_Ctrl_N.tif,0,CO_Sincelejo_Ctrl_N,9.313,-75.39
CO_Sincelejo_Ctrl_S.tif,0,CO_Sincelejo_Ctrl_S,9.287,-75.39
CO_Sincelejo_Ctrl_E.tif,0,CO_Sincelejo_Ctrl_E,9.3,-75.377
CO_Sincelejo_Ctrl_W.tif,0,CO_Sincelejo_Ctrl_W,9.3,-75.403
CO_Sincelejo_Ctrl_NE.tif,0,CO_Sincelejo_Ctrl_NE,9.313,-75.377
CO_Sincelejo_Ctrl_NW.tif,0,CO_Sincelejo_Ctrl_NW,9.313,-75.403
CO_Sincelejo_Ctrl_SE.tif,0,CO_Sincelejo_Ctrl_SE,9.287,-75.377
CO_Sincelejo_Ctrl_SW.tif,0,CO_Sincelejo_Ctrl_SW,9.287,-75.403
CO_Monteria_Ctrl_center.tif,0,CO_Monteria_Ctrl_center,8.75,-75.89
CO_Monteria_Ctrl_N.tif,0,CO_Monteria_Ctrl_N,8.763,-75.89
CO_Monteria_Ctrl_S.tif,0,CO_Monteria_Ctrl_S,8.737,-75.89
CO_Monteria_Ctrl_E.tif,0,CO_Monteria_Ctrl_E,8.75,-75.877
CO_Monteria_Ctrl_W.tif,0,CO_Monteria_Ctrl_W,8.75,-75.903
CO_Monteria_Ctrl_NE.tif,0,CO_Monteria_Ctrl_NE,8.763,-75.877
CO_Monteria_Ctrl_NW.tif,0,CO_Monteria_Ctrl_NW,8.763,-75.903
CO_Monteria_Ctrl_SE.tif,0,CO_Monteria_Ctrl_SE,8.737,-75.877
CO_Monteria_Ctrl_SW.tif,0,CO_Monteria_Ctrl_SW,8.737,-75.903
CO_Turbo_Ctrl_center.tif,0,CO_Turbo_Ctrl_center,8.09,-76.73
CO_Turbo_Ctrl_N.tif,0,CO_Turbo_Ctrl_N,8.103,-76.73
CO_Turbo_Ctrl_S.tif,0,CO_Turbo_Ctrl_S,8.077,-76.73
CO_Turbo_Ctrl_E.tif,0,CO_Turbo_Ctrl_E,8.09,-76.717
CO_Turbo_Ctrl_W.tif,0,CO_Turbo_Ctrl_W,8.09,-76.743
CO_Turbo_Ctrl_NE.tif,0,CO_Turbo_Ctrl_NE,8.103,-76.717
CO_Turbo_Ctrl_NW.tif,0,CO_Turbo_Ctrl_NW,8.103,-76.743
CO_Turbo_Ctrl_SE.tif,0,CO_Turbo_Ctrl_SE,8.077,-76.717
CO_Turbo_Ctrl_SW.tif,0,CO_Turbo_Ctrl_SW,8.077,-76.743
CO_Quibdo_Ctrl_center.tif,0,CO_Quibdo_Ctrl_center,5.69,-76.65
CO_Quibdo_Ctrl_N.tif,0,CO_Quibdo_Ctrl_N,5.703,-76.65
CO_Quibdo_Ctrl_S.tif,0,CO_Quibdo_Ctrl_S,5.677,-76.65
CO_Quibdo_Ctrl_E.tif,0,CO_Quibdo_Ctrl_E,5.69,-76.637
CO_Quibdo_Ctrl_W.tif,0,CO_Quibdo_Ctrl_W,5.69,-76.663
CO_Quibdo_Ctrl_NE.tif,0,CO_Quibdo_Ctrl_NE,5.703,-76.637
CO_Quibdo_Ctrl_NW.tif,0,CO_Quibdo_Ctrl_NW,5.703,-76.663
CO_Quibdo_Ctrl_SE.tif,0,CO_Quibdo_Ctrl_SE,5.677,-76.637
CO_Quibdo_Ctrl_SW.tif,0,CO_Quibdo_Ctrl_SW,5.677,-76.663
CO_Riohacha_Ctrl_center.tif,0,CO_Riohacha_Ctrl_center,11.544,-72.907
CO_Riohacha_Ctrl_N.tif,0,CO_Riohacha_Ctrl_N,11.557,-72.907
CO_Riohacha_Ctrl_S.tif,0,CO_Riohacha_Ctrl_S,11.531,-72.907
CO_Riohacha_Ctrl_E.tif,0,CO_Riohacha_Ctrl_E,11.544,-72.894
CO_Riohacha_Ctrl_W.tif,0,CO_Riohacha_Ctrl_W,11.544,-72.92
CO_Riohacha_Ctrl_NE.tif,0,CO_Riohacha_Ctrl_NE,11.557,-72.894
CO_Riohacha_Ctrl_NW.tif,0,CO_Riohacha_Ctrl_NW,11.557,-72.92
CO_Riohacha_Ctrl_SE.tif,0,CO_Riohacha_Ctrl_SE,11.531,-72.894
CO_Riohacha_Ctrl_SW.tif,0,CO_Riohacha_Ctrl_SW,11.531,-72.92
CO_Valledupar_Ctrl_center.tif,0,CO_Valledupar_Ctrl_center,10.473,-73.25
CO_Valledupar_Ctrl_N.tif,0,CO_Valledupar_Ctrl_N,10.486,-73.25
CO_Valledupar_Ctrl_S.tif,0,CO_Valledupar_Ctrl_S,10.46,-73.25
CO_Valledupar_Ctrl_E.tif,0,CO_Valledupar_Ctrl_E,10.473,-73.237
CO_Valledupar_Ctrl_W.tif,0,CO_Valledupar_Ctrl_W,10.473,-73.263
CO_Valledupar_Ctrl_NE.tif,0,CO_Valledupar_Ctrl_NE,10.486,-73.237
CO_Valledupar_Ctrl_NW.tif,0,CO_Valledupar_Ctrl_NW,10.486,-73.263
CO_Valledupar_Ctrl_SE.tif,0,CO_Valledupar_Ctrl_SE,10.46,-73.237
CO_Valledupar_Ctrl_SW.tif,0,CO_Valledupar_Ctrl_SW,10.46,-73.263
CO_Santa_Marta_Ctrl_center.tif,0,CO_Santa_Marta_Ctrl_center,11.24,-74.2
CO_Santa_Marta_Ctrl_N.tif,0,CO_Santa_Marta_Ctrl_N,11.253,-74.2
CO_Santa_Marta_Ctrl_S.tif,0,CO_Santa_Marta_Ctrl_S,11.227,-74.2
CO_Santa_Marta_Ctrl_E.tif,0,CO_Santa_Marta_Ctrl_E,11.24,-74.187
CO_Santa_Marta_Ctrl_W.tif,0,CO_Santa_Marta_Ctrl_W,11.24,-74.213
CO_Santa_Marta_Ctrl_NE.tif,0,CO_Santa_Marta_Ctrl_NE,11.253,-74.187
CO_Santa_Marta_Ctrl_NW.tif,0,CO_Santa_Marta_Ctrl_NW,11.253,-74.213
CO_Santa_Marta_Ctrl_SE.tif,0,CO_Santa_Marta_Ctrl_SE,11.227,-74.187
CO_Santa_Marta_Ctrl_SW.tif,0,CO_Santa_Marta_Ctrl_SW,11.227,-74.213
CO_Barranquilla_Ctrl_center.tif,0,CO_Barranquilla_Ctrl_center,10.963,-74.796
CO_Barranquilla_Ctrl_N.tif,0,CO_Barranquilla_Ctrl_N,10.976,-74.796
CO_Barranquilla_Ctrl_S.tif,0,CO_Barranquilla_Ctrl_S,10.95,-74.796
CO_Barranquilla_Ctrl_E.tif,0,CO_Barranquilla_Ctrl_E,10.963,-74.783
CO_Barranquilla_Ctrl_W.tif,0,CO_Barranquilla_Ctrl_W,10.963,-74.809
CO_Barranquilla_Ctrl_NE.tif,0,CO_Barranquilla_Ctrl_NE,10.976,-74.783
CO_Barranquilla_Ctrl_NW.tif,0,CO_Barranquilla_Ctrl_NW,10.976,-74.809
CO_Barranquilla_Ctrl_SE.tif,0,CO_Barranquilla_Ctrl_SE,10.95,-74.783
CO_Barranquilla_Ctrl_SW.tif,0,CO_Barranquilla_Ctrl_SW,10.95,-74.809
CO_Cartagena_Ctrl_center.tif,0,CO_Cartagena_Ctrl_center,10.391,-75.514
CO_Cartagena_Ctrl_N.tif,0,CO_Cartagena_Ctrl_N,10.404,-75.514
CO_Cartagena_Ctrl_S.tif,0,CO_Cartagena_Ctrl_S,10.378,-75.514
CO_Cartagena_Ctrl_E.tif,0,CO_Cartagena_Ctrl_E,10.391,-75.501
CO_Cartagena_Ctrl_W.tif,0,CO_Cartagena_Ctrl_W,10.391,-75.527
CO_Cartagena_Ctrl_NE.tif,0,CO_Cartagena_Ctrl_NE,10.404,-75.501
CO_Cartagena_Ctrl_NW.tif,0,CO_Cartagena_Ctrl_NW,10.404,-75.527
CO_Cartagena_Ctrl_SE.tif,0,CO_Cartagena_Ctrl_SE,10.378,-75.501
CO_Cartagena_Ctrl_SW.tif,0,CO_Cartagena_Ctrl_SW,10.378,-75.527
CO_Bucaramanga_Ctrl_center.tif,0,CO_Bucaramanga_Ctrl_center,7.119,-73.126
CO_Bucaramanga_Ctrl_N.tif,0,CO_Bucaramanga_Ctrl_N,7.132,-73.126
CO_Bucaramanga_Ctrl_S.tif,0,CO_Bucaramanga_Ctrl_S,7.106,-73.126
CO_Bucaramanga_Ctrl_E.tif,0,CO_Bucaramanga_Ctrl_E,7.119,-73.113
CO_Bucaramanga_Ctrl_W.tif,0,CO_Bucaramanga_Ctrl_W,7.119,-73.139
CO_Bucaramanga_Ctrl_NE.tif,0,CO_Bucaramanga_Ctrl_NE,7.132,-73.113
CO_Bucaramanga_Ctrl_NW.tif,0,CO_Bucaramanga_Ctrl_NW,7.132,-73.139
CO_Bucaramanga_Ctrl_SE.tif,0,CO_Bucaramanga_Ctrl_SE,7.106,-73.113
CO_Bucaramanga_Ctrl_SW.tif,0,CO_Bucaramanga_Ctrl_SW,7.106,-73.139
CO_Cucuta_Ctrl_center.tif,0,CO_Cucuta_Ctrl_center,7.894,-72.507
CO_Cucuta_Ctrl_N.tif,0,CO_Cucuta_Ctrl_N,7.907,-72.507
CO_Cucuta_Ctrl_S.tif,0,CO_Cucuta_Ctrl_S,7.881,-72.507
CO_Cucuta_Ctrl_E.tif,0,CO_Cucuta_Ctrl_E,7.894,-72.494
CO_Cucuta_Ctrl_W.tif,0,CO_Cucuta_Ctrl_W,7.894,-72.52
CO_Cucuta_Ctrl_NE.tif,0,CO_Cucuta_Ctrl_NE,7.907,-72.494
CO_Cucuta_Ctrl_NW.tif,0,CO_Cucuta_Ctrl_NW,7.907,-72.52
CO_Cucuta_Ctrl_SE.tif,0,CO_Cucuta_Ctrl_SE,7.881,-72.494
CO_Cucuta_Ctrl_SW.tif,0,CO_Cucuta_Ctrl_SW,7.881,-72.52
CO_Tunja_Ctrl_center.tif,0,CO_Tunja_Ctrl_center,5.535,-73.361
CO_Tunja_Ctrl_N.tif,0,CO_Tunja_Ctrl_N,5.548,-73.361
CO_Tunja_Ctrl_S.tif,0,CO_Tunja_Ctrl_S,5.522,-73.361
CO_Tunja_Ctrl_E.tif,0,CO_Tunja_Ctrl_E,5.535,-73.348
CO_Tunja_Ctrl_W.tif,0,CO_Tunja_Ctrl_W,5.535,-73.374
CO_Tunja_Ctrl_NE.tif,0,CO_Tunja_Ctrl_NE,5.548,-73.348
CO_Tunja_Ctrl_NW.tif,0,CO_Tunja_Ctrl_NW,5.548,-73.374
CO_Tunja_Ctrl_SE.tif,0,CO_Tunja_Ctrl_SE,5.522,-73.348
CO_Tunja_Ctrl_SW.tif,0,CO_Tunja_Ctrl_SW,5.522,-73.374
CO_Pasto_Ciudad_Ctrl_center.tif,0,CO_Pasto_Ciudad_Ctrl_center,1.214,-77.279
CO_Pasto_Ciudad_Ctrl_N.tif,0,CO_Pasto_Ciudad_Ctrl_N,1.227,-77.279
CO_Pasto_Ciudad_Ctrl_S.tif,0,CO_Pasto_Ciudad_Ctrl_S,1.201,-77.279
CO_Pasto_Ciudad_Ctrl_E.tif,0,CO_Pasto_Ciudad_Ctrl_E,1.214,-77.266
CO_Pasto_Ciudad_Ctrl_W.tif,0,CO_Pasto_Ciudad_Ctrl_W,1.214,-77.292
CO_Pasto_Ciudad_Ctrl_NE.tif,0,CO_Pasto_Ciudad_Ctrl_NE,1.227,-77.266
CO_Pasto_Ciudad_Ctrl_NW.tif,0,CO_Pasto_Ciudad_Ctrl_NW,1.227,-77.292
CO_Pasto_Ciudad_Ctrl_SE.tif,0,CO_Pasto_Ciudad_Ctrl_SE,1.201,-77.266
CO_Pasto_Ciudad_Ctrl_SW.tif,0,CO_Pasto_Ciudad_Ctrl_SW,1.201,-77.292
CO_Popayan_Ciudad_Ctrl_center.tif,0,CO_Popayan_Ciudad_Ctrl_center,2.441,-76.606
CO_Popayan_Ciudad_Ctrl_N.tif,0,CO_Popayan_Ciudad_Ctrl_N,2.454,-76.606
CO_Popayan_Ciudad_Ctrl_S.tif,0,CO_Popayan_Ciudad_Ctrl_S,2.428,-76.606
CO_Popayan_Ciudad_Ctrl_E.tif,0,CO_Popayan_Ciudad_Ctrl_E,2.441,-76.593
CO_Popayan_Ciudad_Ctrl_W.tif,0,CO_Popayan_Ciudad_Ctrl_W,2.441,-76.619
CO_Popayan_Ciudad_Ctrl_NE.tif,0,CO_Popayan_Ciudad_Ctrl_NE,2.454,-76.593
CO_Popayan_Ciudad_Ctrl_NW.tif,0,CO_Popayan_Ciudad_Ctrl_NW,2.454,-76.619
CO_Popayan_Ciudad_Ctrl_SE.tif,0,CO_Popayan_Ciudad_Ctrl_SE,2.428,-76.593
CO_Popayan_Ciudad_Ctrl_SW.tif,0,CO_Popayan_Ciudad_Ctrl_SW,2.428,-76.619
CO_Neiva_Ctrl_center.tif,0,CO_Neiva_Ctrl_center,2.927,-75.292
CO_Neiva_Ctrl_N.tif,0,CO_Neiva_Ctrl_N,2.94,-75.292
CO_Neiva_Ctrl_S.tif,0,CO_Neiva_Ctrl_S,2.914,-75.292
CO_Neiva_Ctrl_E.tif,0,CO_Neiva_Ctrl_E,2.927,-75.279
CO_Neiva_Ctrl_W.tif,0,CO_Neiva_Ctrl_W,2.927,-75.305
CO_Neiva_Ctrl_NE.tif,0,CO_Neiva_Ctrl_NE,2.94,-75.279
CO_Neiva_Ctrl_NW.tif,0,CO_Neiva_Ctrl_NW,2.94,-75.305
CO_Neiva_Ctrl_SE.tif,0,CO_Neiva_Ctrl_SE,2.914,-75.279
CO_Neiva_Ctrl_SW.tif,0,CO_Neiva_Ctrl_SW,2.914,-75.305
CO_Ibague_Ctrl_center.tif,0,CO_Ibague_Ctrl_center,4.438,-75.232
CO_Ibague_Ctrl_N.tif,0,CO_Ibague_Ctrl_N,4.451,-75.232
CO_Ibague_Ctrl_S.tif,0,CO_Ibague_Ctrl_S,4.425,-75.232
CO_Ibague_Ctrl_E.tif,0,CO_Ibague_Ctrl_E,4.438,-75.219
CO_Ibague_Ctrl_W.tif,0,CO_Ibague_Ctrl_W,4.438,-75.245
CO_Ibague_Ctrl_NE.tif,0,CO_Ibague_Ctrl_NE,4.451,-75.219
CO_Ibague_Ctrl_NW.tif,0,CO_Ibague_Ctrl_NW,4.451,-75.245
CO_Ibague_Ctrl_SE.tif,0,CO_Ibague_Ctrl_SE,4.425,-75.219
CO_Ibague_Ctrl_SW.tif,0,CO_Ibague_Ctrl_SW,4.425,-75.245
CO_Armenia_Ctrl_center.tif,0,CO_Armenia_Ctrl_center,4.534,-75.681
CO_Armenia_Ctrl_N.tif,0,CO_Armenia_Ctrl_N,4.547,-75.681
CO_Armenia_Ctrl_S.tif,0,CO_Armenia_Ctrl_S,4.521,-75.681
CO_Armenia_Ctrl_E.tif,0,CO_Armenia_Ctrl_E,4.534,-75.668
CO_Armenia_Ctrl_W.tif,0,CO_Armenia_Ctrl_W,4.534,-75.694
CO_Armenia_Ctrl_NE.tif,0,CO_Armenia_Ctrl_NE,4.547,-75.668
CO_Armenia_Ctrl_NW.tif,0,CO_Armenia_Ctrl_NW,4.547,-75.694
CO_Armenia_Ctrl_SE.tif,0,CO_Armenia_Ctrl_SE,4.521,-75.668
CO_Armenia_Ctrl_SW.tif,0,CO_Armenia_Ctrl_SW,4.521,-75.694
CO_Pereira_Ctrl_center.tif,0,CO_Pereira_Ctrl_center,4.813,-75.696
CO_Pereira_Ctrl_N.tif,0,CO_Pereira_Ctrl_N,4.826,-75.696
CO_Pereira_Ctrl_S.tif,0,CO_Pereira_Ctrl_S,4.8,-75.696
CO_Pereira_Ctrl_E.tif,0,CO_Pereira_Ctrl_E,4.813,-75.683
CO_Pereira_Ctrl_W.tif,0,CO_Pereira_Ctrl_W,4.813,-75.709
CO_Pereira_Ctrl_NE.tif,0,CO_Pereira_Ctrl_NE,4.826,-75.683
CO_Pereira_Ctrl_NW.tif,0,CO_Pereira_Ctrl_NW,4.826,-75.709
CO_Pereira_Ctrl_SE.tif,0,CO_Pereira_Ctrl_SE,4.8,-75.683
CO_Pereira_Ctrl_SW.tif,0,CO_Pereira_Ctrl_SW,4.8,-75.709
CO_Manizales_Ctrl_center.tif,0,CO_Manizales_Ctrl_center,5.069,-75.517
CO_Manizales_Ctrl_N.tif,0,CO_Manizales_Ctrl_N,5.082,-75.517
CO_Manizales_Ctrl_S.tif,0,CO_Manizales_Ctrl_S,5.056,-75.517
CO_Manizales_Ctrl_E.tif,0,CO_Manizales_Ctrl_E,5.069,-75.504
CO_Manizales_Ctrl_W.tif,0,CO_Manizales_Ctrl_W,5.069,-75.53
CO_Manizales_Ctrl_NE.tif,0,CO_Manizales_Ctrl_NE,5.082,-75.504
CO_Manizales_Ctrl_NW.tif,0,CO_Manizales_Ctrl_NW,5.082,-75.53
CO_Manizales_Ctrl_SE.tif,0,CO_Manizales_Ctrl_SE,5.056,-75.504
CO_Manizales_Ctrl_SW.tif,0,CO_Manizales_Ctrl_SW,5.056,-75.53
EC_Guayaquil_Ctrl_center.tif,0,EC_Guayaquil_Ctrl_center,-2.187,-79.889
EC_Guayaquil_Ctrl_N.tif,0,EC_Guayaquil_Ctrl_N,-2.174,-79.889
EC_Guayaquil_Ctrl_S.tif,0,EC_Guayaquil_Ctrl_S,-2.2,-79.889
EC_Guayaquil_Ctrl_E.tif,0,EC_Guayaquil_Ctrl_E,-2.187,-79.876
EC_Guayaquil_Ctrl_W.tif,0,EC_Guayaquil_Ctrl_W,-2.187,-79.902
EC_Guayaquil_Ctrl_NE.tif,0,EC_Guayaquil_Ctrl_NE,-2.174,-79.876
EC_Guayaquil_Ctrl_NW.tif,0,EC_Guayaquil_Ctrl_NW,-2.174,-79.902
EC_Guayaquil_Ctrl_SE.tif,0,EC_Guayaquil_Ctrl_SE,-2.2,-79.876
EC_Guayaquil_Ctrl_SW.tif,0,EC_Guayaquil_Ctrl_SW,-2.2,-79.902
EC_Quito_Ciudad_Ctrl_center.tif,0,EC_Quito_Ciudad_Ctrl_center,-0.23,-78.525
EC_Quito_Ciudad_Ctrl_N.tif,0,EC_Quito_Ciudad_Ctrl_N,-0.217,-78.525
EC_Quito_Ciudad_Ctrl_S.tif,0,EC_Quito_Ciudad_Ctrl_S,-0.243,-78.525
EC_Quito_Ciudad_Ctrl_E.tif,0,EC_Quito_Ciudad_Ctrl_E,-0.23,-78.512
EC_Quito_Ciudad_Ctrl_W.tif,0,EC_Quito_Ciudad_Ctrl_W,-0.23,-78.538
EC_Quito_Ciudad_Ctrl_NE.tif,0,EC_Quito_Ciudad_Ctrl_NE,-0.217,-78.512
EC_Quito_Ciudad_Ctrl_NW.tif,0,EC_Quito_Ciudad_Ctrl_NW,-0.217,-78.538
EC_Quito_Ciudad_Ctrl_SE.tif,0,EC_Quito_Ciudad_Ctrl_SE,-0.243,-78.512
EC_Quito_Ciudad_Ctrl_SW.tif,0,EC_Quito_Ciudad_Ctrl_SW,-0.243,-78.538
EC_Cuenca_East_Ctrl_center.tif,0,EC_Cuenca_East_Ctrl_center,-2.9,-78.95
EC_Cuenca_East_Ctrl_N.tif,0,EC_Cuenca_East_Ctrl_N,-2.887,-78.95
EC_Cuenca_East_Ctrl_S.tif,0,EC_Cuenca_East_Ctrl_S,-2.913,-78.95
EC_Cuenca_East_Ctrl_E.tif,0,EC_Cuenca_East_Ctrl_E,-2.9,-78.937
EC_Cuenca_East_Ctrl_W.tif,0,EC_Cuenca_East_Ctrl_W,-2.9,-78.963
EC_Cuenca_East_Ctrl_NE.tif,0,EC_Cuenca_East_Ctrl_NE,-2.887,-78.937
EC_Cuenca_East_Ctrl_NW.tif,0,EC_Cuenca_East_Ctrl_NW,-2.887,-78.963
EC_Cuenca_East_Ctrl_SE.tif,0,EC_Cuenca_East_Ctrl_SE,-2.913,-78.937
EC_Cuenca_East_Ctrl_SW.tif,0,EC_Cuenca_East_Ctrl_SW,-2.913,-78.963
EC_Machala_Ctrl_center.tif,0,EC_Machala_Ctrl_center,-3.26,-79.96
EC_Machala_Ctrl_N.tif,0,EC_Machala_Ctrl_N,-3.247,-79.96
EC_Machala_Ctrl_S.tif,0,EC_Machala_Ctrl_S,-3.273,-79.96
EC_Machala_Ctrl_E.tif,0,EC_Machala_Ctrl_E,-3.26,-79.947
EC_Machala_Ctrl_W.tif,0,EC_Machala_Ctrl_W,-3.26,-79.973
EC_Machala_Ctrl_NE.tif,0,EC_Machala_Ctrl_NE,-3.247,-79.947
EC_Machala_Ctrl_NW.tif,0,EC_Machala_Ctrl_NW,-3.247,-79.973
EC_Machala_Ctrl_SE.tif,0,EC_Machala_Ctrl_SE,-3.273,-79.947
EC_Machala_Ctrl_SW.tif,0,EC_Machala_Ctrl_SW,-3.273,-79.973
EC_Esmeraldas_Ctrl_center.tif,0,EC_Esmeraldas_Ctrl_center,0.96,-79.65
EC_Esmeraldas_Ctrl_N.tif,0,EC_Esmeraldas_Ctrl_N,0.973,-79.65
EC_Esmeraldas_Ctrl_S.tif,0,EC_Esmeraldas_Ctrl_S,0.947,-79.65
EC_Esmeraldas_Ctrl_E.tif,0,EC_Esmeraldas_Ctrl_E,0.96,-79.637
EC_Esmeraldas_Ctrl_W.tif,0,EC_Esmeraldas_Ctrl_W,0.96,-79.663
EC_Esmeraldas_Ctrl_NE.tif,0,EC_Esmeraldas_Ctrl_NE,0.973,-79.637
EC_Esmeraldas_Ctrl_NW.tif,0,EC_Esmeraldas_Ctrl_NW,0.973,-79.663
EC_Esmeraldas_Ctrl_SE.tif,0,EC_Esmeraldas_Ctrl_SE,0.947,-79.637
EC_Esmeraldas_Ctrl_SW.tif,0,EC_Esmeraldas_Ctrl_SW,0.947,-79.663
EC_Manta_Ctrl_center.tif,0,EC_Manta_Ctrl_center,-0.95,-80.733
EC_Manta_Ctrl_N.tif,0,EC_Manta_Ctrl_N,-0.937,-80.733
EC_Manta_Ctrl_S.tif,0,EC_Manta_Ctrl_S,-0.963,-80.733
EC_Manta_Ctrl_E.tif,0,EC_Manta_Ctrl_E,-0.95,-80.72
EC_Manta_Ctrl_W.tif,0,EC_Manta_Ctrl_W,-0.95,-80.746
EC_Manta_Ctrl_NE.tif,0,EC_Manta_Ctrl_NE,-0.937,-80.72
EC_Manta_Ctrl_NW.tif,0,EC_Manta_Ctrl_NW,-0.937,-80.746
EC_Manta_Ctrl_SE.tif,0,EC_Manta_Ctrl_SE,-0.963,-80.72
EC_Manta_Ctrl_SW.tif,0,EC_Manta_Ctrl_SW,-0.963,-80.746
EC_Ambato_Ctrl_center.tif,0,EC_Ambato_Ctrl_center,-1.24,-78.63
EC_Ambato_Ctrl_N.tif,0,EC_Ambato_Ctrl_N,-1.227,-78.63
EC_Ambato_Ctrl_S.tif,0,EC_Ambato_Ctrl_S,-1.253,-78.63
EC_Ambato_Ctrl_E.tif,0,EC_Ambato_Ctrl_E,-1.24,-78.617
EC_Ambato_Ctrl_W.tif,0,EC_Ambato_Ctrl_W,-1.24,-78.643
EC_Ambato_Ctrl_NE.tif,0,EC_Ambato_Ctrl_NE,-1.227,-78.617
EC_Ambato_Ctrl_NW.tif,0,EC_Ambato_Ctrl_NW,-1.227,-78.643
EC_Ambato_Ctrl_SE.tif,0,EC_Ambato_Ctrl_SE,-1.253,-78.617
EC_Ambato_Ctrl_SW.tif,0,EC_Ambato_Ctrl_SW,-1.253,-78.643
EC_Riobamba_Ctrl_center.tif,0,EC_Riobamba_Ctrl_center,-1.67,-78.65
EC_Riobamba_Ctrl_N.tif,0,EC_Riobamba_Ctrl_N,-1.657,-78.65
EC_Riobamba_Ctrl_S.tif,0,EC_Riobamba_Ctrl_S,-1.683,-78.65
EC_Riobamba_Ctrl_E.tif,0,EC_Riobamba_Ctrl_E,-1.67,-78.637
EC_Riobamba_Ctrl_W.tif,0,EC_Riobamba_Ctrl_W,-1.67,-78.663
EC_Riobamba_Ctrl_NE.tif,0,EC_Riobamba_Ctrl_NE,-1.657,-78.637
EC_Riobamba_Ctrl_NW.tif,0,EC_Riobamba_Ctrl_NW,-1.657,-78.663
EC_Riobamba_Ctrl_SE.tif,0,EC_Riobamba_Ctrl_SE,-1.683,-78.637
EC_Riobamba_Ctrl_SW.tif,0,EC_Riobamba_Ctrl_SW,-1.683,-78.663
EC_Ibarra_Ctrl_center.tif,0,EC_Ibarra_Ctrl_center,0.35,-78.12
EC_Ibarra_Ctrl_N.tif,0,EC_Ibarra_Ctrl_N,0.363,-78.12
EC_Ibarra_Ctrl_S.tif,0,EC_Ibarra_Ctrl_S,0.337,-78.12
EC_Ibarra_Ctrl_E.tif,0,EC_Ibarra_Ctrl_E,0.35,-78.107
EC_Ibarra_Ctrl_W.tif,0,EC_Ibarra_Ctrl_W,0.35,-78.133
EC_Ibarra_Ctrl_NE.tif,0,EC_Ibarra_Ctrl_NE,0.363,-78.107
EC_Ibarra_Ctrl_NW.tif,0,EC_Ibarra_Ctrl_NW,0.363,-78.133
EC_Ibarra_Ctrl_SE.tif,0,EC_Ibarra_Ctrl_SE,0.337,-78.107
EC_Ibarra_Ctrl_SW.tif,0,EC_Ibarra_Ctrl_SW,0.337,-78.133
EC_Tulcan_Ctrl_center.tif,0,EC_Tulcan_Ctrl_center,0.81,-77.72
EC_Tulcan_Ctrl_N.tif,0,EC_Tulcan_Ctrl_N,0.823,-77.72
EC_Tulcan_Ctrl_S.tif,0,EC_Tulcan_Ctrl_S,0.797,-77.72
EC_Tulcan_Ctrl_E.tif,0,EC_Tulcan_Ctrl_E,0.81,-77.707
EC_Tulcan_Ctrl_W.tif,0,EC_Tulcan_Ctrl_W,0.81,-77.733
EC_Tulcan_Ctrl_NE.tif,0,EC_Tulcan_Ctrl_NE,0.823,-77.707
EC_Tulcan_Ctrl_NW.tif,0,EC_Tulcan_Ctrl_NW,0.823,-77.733
EC_Tulcan_Ctrl_SE.tif,0,EC_Tulcan_Ctrl_SE,0.797,-77.707
EC_Tulcan_Ctrl_SW.tif,0,EC_Tulcan_Ctrl_SW,0.797,-77.733
EC_Quevedo_Ctrl_center.tif,0,EC_Quevedo_Ctrl_center,-1.02,-79.47
EC_Quevedo_Ctrl_N.tif,0,EC_Quevedo_Ctrl_N,-1.007,-79.47
EC_Quevedo_Ctrl_S.tif,0,EC_Quevedo_Ctrl_S,-1.033,-79.47
EC_Quevedo_Ctrl_E.tif,0,EC_Quevedo_Ctrl_E,-1.02,-79.457
EC_Quevedo_Ctrl_W.tif,0,EC_Quevedo_Ctrl_W,-1.02,-79.483
EC_Quevedo_Ctrl_NE.tif,0,EC_Quevedo_Ctrl_NE,-1.007,-79.457
EC_Quevedo_Ctrl_NW.tif,0,EC_Quevedo_Ctrl_NW,-1.007,-79.483
EC_Quevedo_Ctrl_SE.tif,0,EC_Quevedo_Ctrl_SE,-1.033,-79.457
EC_Quevedo_Ctrl_SW.tif,0,EC_Quevedo_Ctrl_SW,-1.033,-79.483
EC_Santo_Domingo_Ctrl_center.tif,0,EC_Santo_Domingo_Ctrl_center,-0.253,-79.174
EC_Santo_Domingo_Ctrl_N.tif,0,EC_Santo_Domingo_Ctrl_N,-0.24,-79.174
EC_Santo_Domingo_Ctrl_S.tif,0,EC_Santo_Domingo_Ctrl_S,-0.266,-79.174
EC_Santo_Domingo_Ctrl_E.tif,0,EC_Santo_Domingo_Ctrl_E,-0.253,-79.161
EC_Santo_Domingo_Ctrl_W.tif,0,EC_Santo_Domingo_Ctrl_W,-0.253,-79.187
EC_Santo_Domingo_Ctrl_NE.tif,0,EC_Santo_Domingo_Ctrl_NE,-0.24,-79.161
EC_Santo_Domingo_Ctrl_NW.tif,0,EC_Santo_Domingo_Ctrl_NW,-0.24,-79.187
EC_Santo_Domingo_Ctrl_SE.tif,0,EC_Santo_Domingo_Ctrl_SE,-0.266,-79.161
EC_Santo_Domingo_Ctrl_SW.tif,0,EC_Santo_Domingo_Ctrl_SW,-0.266,-79.187
EC_Coca_Ctrl_center.tif,0,EC_Coca_Ctrl_center,-0.47,-76.97
EC_Coca_Ctrl_N.tif,0,EC_Coca_Ctrl_N,-0.457,-76.97
EC_Coca_Ctrl_S.tif,0,EC_Coca_Ctrl_S,-0.483,-76.97
EC_Coca_Ctrl_E.tif,0,EC_Coca_Ctrl_E,-0.47,-76.957
EC_Coca_Ctrl_W.tif,0,EC_Coca_Ctrl_W,-0.47,-76.983
EC_Coca_Ctrl_NE.tif,0,EC_Coca_Ctrl_NE,-0.457,-76.957
EC_Coca_Ctrl_NW.tif,0,EC_Coca_Ctrl_NW,-0.457,-76.983
EC_Coca_Ctrl_SE.tif,0,EC_Coca_Ctrl_SE,-0.483,-76.957
EC_Coca_Ctrl_SW.tif,0,EC_Coca_Ctrl_SW,-0.483,-76.983
EC_Macas_Ctrl_center.tif,0,EC_Macas_Ctrl_center,-2.31,-78.12
EC_Macas_Ctrl_N.tif,0,EC_Macas_Ctrl_N,-2.297,-78.12
EC_Macas_Ctrl_S.tif,0,EC_Macas_Ctrl_S,-2.323,-78.12
EC_Macas_Ctrl_E.tif,0,EC_Macas_Ctrl_E,-2.31,-78.107
EC_Macas_Ctrl_W.tif,0,EC_Macas_Ctrl_W,-2.31,-78.133
EC_Macas_Ctrl_NE.tif,0,EC_Macas_Ctrl_NE,-2.297,-78.107
EC_Macas_Ctrl_NW.tif,0,EC_Macas_Ctrl_NW,-2.297,-78.133
EC_Macas_Ctrl_SE.tif,0,EC_Macas_Ctrl_SE,-2.323,-78.107
EC_Macas_Ctrl_SW.tif,0,EC_Macas_Ctrl_SW,-2.323,-78.133
EC_Guaranda_Ctrl_center.tif,0,EC_Guaranda_Ctrl_center,-1.59,-78.99
EC_Guaranda_Ctrl_N.tif,0,EC_Guaranda_Ctrl_N,-1.577,-78.99
EC_Guaranda_Ctrl_S.tif,0,EC_Guaranda_Ctrl_S,-1.603,-78.99
EC_Guaranda_Ctrl_E.tif,0,EC_Guaranda_Ctrl_E,-1.59,-78.977
EC_Guaranda_Ctrl_W.tif,0,EC_Guaranda_Ctrl_W,-1.59,-79.003
EC_Guaranda_Ctrl_NE.tif,0,EC_Guaranda_Ctrl_NE,-1.577,-78.977
EC_Guaranda_Ctrl_NW.tif,0,EC_Guaranda_Ctrl_NW,-1.577,-79.003
EC_Guaranda_Ctrl_SE.tif,0,EC_Guaranda_Ctrl_SE,-1.603,-78.977
EC_Guaranda_Ctrl_SW.tif,0,EC_Guaranda_Ctrl_SW,-1.603,-79.003
EC_Azogues_Ctrl_center.tif,0,EC_Azogues_Ctrl_center,-2.74,-78.85
EC_Azogues_Ctrl_N.tif,0,EC_Azogues_Ctrl_N,-2.727,-78.85
EC_Azogues_Ctrl_S.tif,0,EC_Azogues_Ctrl_S,-2.753,-78.85
EC_Azogues_Ctrl_E.tif,0,EC_Azogues_Ctrl_E,-2.74,-78.837
EC_Azogues_Ctrl_W.tif,0,EC_Azogues_Ctrl_W,-2.74,-78.863
EC_Azogues_Ctrl_NE.tif,0,EC_Azogues_Ctrl_NE,-2.727,-78.837
EC_Azogues_Ctrl_SE.tif,0,EC_Azogues_Ctrl_SE,-2.753,-78.837
EC_Azogues_Ctrl_NW.tif,0,EC_Azogues_Ctrl_NW,-2.727,-78.863
EC_Azogues_Ctrl_SW.tif,0,EC_Azogues_Ctrl_SW,-2.753,-78.863
EC_Salinas_Ciudad_Ctrl_center.tif,0,EC_Salinas_Ciudad_Ctrl_center,-2.21,-80.95
EC_Salinas_Ciudad_Ctrl_N.tif,0,EC_Salinas_Ciudad_Ctrl_N,-2.197,-80.95
EC_Salinas_Ciudad_Ctrl_S.tif,0,EC_Salinas_Ciudad_Ctrl_S,-2.223,-80.95
EC_Salinas_Ciudad_Ctrl_E.tif,0,EC_Salinas_Ciudad_Ctrl_E,-2.21,-80.937
EC_Salinas_Ciudad_Ctrl_W.tif,0,EC_Salinas_Ciudad_Ctrl_W,-2.21,-80.963
EC_Salinas_Ciudad_Ctrl_NE.tif,0,EC_Salinas_Ciudad_Ctrl_NE,-2.197,-80.937
EC_Salinas_Ciudad_Ctrl_NW.tif,0,EC_Salinas_Ciudad_Ctrl_NW,-2.197,-80.963
EC_Salinas_Ciudad_Ctrl_SE.tif,0,EC_Salinas_Ciudad_Ctrl_SE,-2.223,-80.937
EC_Salinas_Ciudad_Ctrl_SW.tif,0,EC_Salinas_Ciudad_Ctrl_SW,-2.223,-80.963
EC_Playas_Ctrl_center.tif,0,EC_Playas_Ctrl_center,-2.63,-80.39
EC_Playas_Ctrl_N.tif,0,EC_Playas_Ctrl_N,-2.617,-80.39
EC_Playas_Ctrl_S.tif,0,EC_Playas_Ctrl_S,-2.643,-80.39
EC_Playas_Ctrl_E.tif,0,EC_Playas_Ctrl_E,-2.63,-80.377
EC_Playas_Ctrl_W.tif,0,EC_Playas_Ctrl_W,-2.63,-80.403
EC_Playas_Ctrl_NE.tif,0,EC_Playas_Ctrl_NE,-2.617,-80.377
EC_Playas_Ctrl_NW.tif,0,EC_Playas_Ctrl_NW,-2.617,-80.403
EC_Playas_Ctrl_SE.tif,0,EC_Playas_Ctrl_SE,-2.643,-80.377
EC_Playas_Ctrl_SW.tif,0,EC_Playas_Ctrl_SW,-2.643,-80.403
EC_Jipijapa_Ctrl_center.tif,0,EC_Jipijapa_Ctrl_center,-1.35,-80.58
EC_Jipijapa_Ctrl_N.tif,0,EC_Jipijapa_Ctrl_N,-1.337,-80.58
EC_Jipijapa_Ctrl_S.tif,0,EC_Jipijapa_Ctrl_S,-1.363,-80.58
EC_Jipijapa_Ctrl_E.tif,0,EC_Jipijapa_Ctrl_E,-1.35,-80.567
EC_Jipijapa_Ctrl_W.tif,0,EC_Jipijapa_Ctrl_W,-1.35,-80.593
EC_Jipijapa_Ctrl_NE.tif,0,EC_Jipijapa_Ctrl_NE,-1.337,-80.567
EC_Jipijapa_Ctrl_NW.tif,0,EC_Jipijapa_Ctrl_NW,-1.337,-80.593
EC_Jipijapa_Ctrl_SE.tif,0,EC_Jipijapa_Ctrl_SE,-1.363,-80.567
EC_Jipijapa_Ctrl_SW.tif,0,EC_Jipijapa_Ctrl_SW,-1.363,-80.593
EC_Chone_Ctrl_center.tif,0,EC_Chone_Ctrl_center,-0.69,-80.09
EC_Chone_Ctrl_N.tif,0,EC_Chone_Ctrl_N,-0.677,-80.09
EC_Chone_Ctrl_S.tif,0,EC_Chone_Ctrl_S,-0.703,-80.09
EC_Chone_Ctrl_E.tif,0,EC_Chone_Ctrl_E,-0.69,-80.077
EC_Chone_Ctrl_W.tif,0,EC_Chone_Ctrl_W,-0.69,-80.103
EC_Chone_Ctrl_NE.tif,0,EC_Chone_Ctrl_NE,-0.677,-80.077
EC_Chone_Ctrl_NW.tif,0,EC_Chone_Ctrl_NW,-0.677,-80.103
EC_Chone_Ctrl_SE.tif,0,EC_Chone_Ctrl_SE,-0.703,-80.077
EC_Chone_Ctrl_SW.tif,0,EC_Chone_Ctrl_SW,-0.703,-80.103
EC_Pedernales_Ctrl_center.tif,0,EC_Pedernales_Ctrl_center,0.07,-80.05
EC_Pedernales_Ctrl_N.tif,0,EC_Pedernales_Ctrl_N,0.083,-80.05
EC_Pedernales_Ctrl_S.tif,0,EC_Pedernales_Ctrl_S,0.057,-80.05
EC_Pedernales_Ctrl_E.tif,0,EC_Pedernales_Ctrl_E,0.07,-80.037
EC_Pedernales_Ctrl_W.tif,0,EC_Pedernales_Ctrl_W,0.07,-80.063
EC_Pedernales_Ctrl_NE.tif,0,EC_Pedernales_Ctrl_NE,0.083,-80.037
EC_Pedernales_Ctrl_NW.tif,0,EC_Pedernales_Ctrl_NW,0.083,-80.063
EC_Pedernales_Ctrl_SE.tif,0,EC_Pedernales_Ctrl_SE,0.057,-80.037
EC_Pedernales_Ctrl_SW.tif,0,EC_Pedernales_Ctrl_SW,0.057,-80.063
EC_Muisne_Ctrl_center.tif,0,EC_Muisne_Ctrl_center,0.61,-80.02
EC_Muisne_Ctrl_N.tif,0,EC_Muisne_Ctrl_N,0.623,-80.02
EC_Muisne_Ctrl_S.tif,0,EC_Muisne_Ctrl_S,0.597,-80.02
EC_Muisne_Ctrl_E.tif,0,EC_Muisne_Ctrl_E,0.61,-80.007
EC_Muisne_Ctrl_W.tif,0,EC_Muisne_Ctrl_W,0.61,-80.033
EC_Muisne_Ctrl_NE.tif,0,EC_Muisne_Ctrl_NE,0.623,-80.007
EC_Muisne_Ctrl_NW.tif,0,EC_Muisne_Ctrl_NW,0.623,-80.033
EC_Muisne_Ctrl_SE.tif,0,EC_Muisne_Ctrl_SE,0.597,-80.007
EC_Muisne_Ctrl_SW.tif,0,EC_Muisne_Ctrl_SW,0.597,-80.033
PE_Lima_North_Ctrl_center.tif,0,PE_Lima_North_Ctrl_center,-11.95,-77.08
PE_Lima_North_Ctrl_N.tif,0,PE_Lima_North_Ctrl_N,-11.937,-77.08
PE_Lima_North_Ctrl_S.tif,0,PE_Lima_North_Ctrl_S,-11.963,-77.08
PE_Lima_North_Ctrl_E.tif,0,PE_Lima_North_Ctrl_E,-11.95,-77.067
PE_Lima_North_Ctrl_W.tif,0,PE_Lima_North_Ctrl_W,-11.95,-77.093
PE_Lima_North_Ctrl_NE.tif,0,PE_Lima_North_Ctrl_NE,-11.937,-77.067
PE_Lima_North_Ctrl_NW.tif,0,PE_Lima_North_Ctrl_NW,-11.937,-77.093
PE_Lima_North_Ctrl_SE.tif,0,PE_Lima_North_Ctrl_SE,-11.963,-77.067
PE_Lima_North_Ctrl_SW.tif,0,PE_Lima_North_Ctrl_SW,-11.963,-77.093
PE_Sullana_Ctrl_center.tif,0,PE_Sullana_Ctrl_center,-4.9,-80.69
PE_Sullana_Ctrl_N.tif,0,PE_Sullana_Ctrl_N,-4.887,-80.69
PE_Sullana_Ctrl_S.tif,0,PE_Sullana_Ctrl_S,-4.913,-80.69
PE_Sullana_Ctrl_E.tif,0,PE_Sullana_Ctrl_E,-4.9,-80.677
PE_Sullana_Ctrl_W.tif,0,PE_Sullana_Ctrl_W,-4.9,-80.703
PE_Sullana_Ctrl_NE.tif,0,PE_Sullana_Ctrl_NE,-4.887,-80.677
PE_Sullana_Ctrl_NW.tif,0,PE_Sullana_Ctrl_NW,-4.887,-80.703
PE_Sullana_Ctrl_SE.tif,0,PE_Sullana_Ctrl_SE,-4.913,-80.677
PE_Sullana_Ctrl_SW.tif,0,PE_Sullana_Ctrl_SW,-4.913,-80.703
PE_Paita_Ctrl_center.tif,0,PE_Paita_Ctrl_center,-5.09,-81.11
PE_Paita_Ctrl_N.tif,0,PE_Paita_Ctrl_N,-5.077,-81.11
PE_Paita_Ctrl_S.tif,0,PE_Paita_Ctrl_S,-5.103,-81.11
PE_Paita_Ctrl_E.tif,0,PE_Paita_Ctrl_E,-5.09,-81.097
PE_Paita_Ctrl_W.tif,0,PE_Paita_Ctrl_W,-5.09,-81.123
PE_Paita_Ctrl_NE.tif,0,PE_Paita_Ctrl_NE,-5.077,-81.097
PE_Paita_Ctrl_NW.tif,0,PE_Paita_Ctrl_NW,-5.077,-81.123
PE_Paita_Ctrl_SE.tif,0,PE_Paita_Ctrl_SE,-5.103,-81.097
PE_Paita_Ctrl_SW.tif,0,PE_Paita_Ctrl_SW,-5.103,-81.123
PE_Lambayeque_Ctrl_center.tif,0,PE_Lambayeque_Ctrl_center,-6.71,-79.91
PE_Lambayeque_Ctrl_N.tif,0,PE_Lambayeque_Ctrl_N,-6.697,-79.91
PE_Lambayeque_Ctrl_S.tif,0,PE_Lambayeque_Ctrl_S,-6.723,-79.91
PE_Lambayeque_Ctrl_E.tif,0,PE_Lambayeque_Ctrl_E,-6.71,-79.897
PE_Lambayeque_Ctrl_W.tif,0,PE_Lambayeque_Ctrl_W,-6.71,-79.923
PE_Lambayeque_Ctrl_NE.tif,0,PE_Lambayeque_Ctrl_NE,-6.697,-79.897
PE_Lambayeque_Ctrl_NW.tif,0,PE_Lambayeque_Ctrl_NW,-6.697,-79.923
PE_Lambayeque_Ctrl_SE.tif,0,PE_Lambayeque_Ctrl_SE,-6.723,-79.897
PE_Lambayeque_Ctrl_SW.tif,0,PE_Lambayeque_Ctrl_SW,-6.723,-79.923
PE_Chepen_Ctrl_center.tif,0,PE_Chepen_Ctrl_center,-7.23,-79.43
PE_Chepen_Ctrl_N.tif,0,PE_Chepen_Ctrl_N,-7.217,-79.43
PE_Chepen_Ctrl_S.tif,0,PE_Chepen_Ctrl_S,-7.243,-79.43
PE_Chepen_Ctrl_E.tif,0,PE_Chepen_Ctrl_E,-7.23,-79.417
PE_Chepen_Ctrl_W.tif,0,PE_Chepen_Ctrl_W,-7.23,-79.443
PE_Chepen_Ctrl_NE.tif,0,PE_Chepen_Ctrl_NE,-7.217,-79.417
PE_Chepen_Ctrl_NW.tif,0,PE_Chepen_Ctrl_NW,-7.217,-79.443
PE_Chepen_Ctrl_SE.tif,0,PE_Chepen_Ctrl_SE,-7.243,-79.417
PE_Chepen_Ctrl_SW.tif,0,PE_Chepen_Ctrl_SW,-7.243,-79.443
PE_Huacho_Ctrl_center.tif,0,PE_Huacho_Ctrl_center,-11.11,-77.61
PE_Huacho_Ctrl_N.tif,0,PE_Huacho_Ctrl_N,-11.097,-77.61
PE_Huacho_Ctrl_S.tif,0,PE_Huacho_Ctrl_S,-11.123,-77.61
PE_Huacho_Ctrl_E.tif,0,PE_Huacho_Ctrl_E,-11.11,-77.597
PE_Huacho_Ctrl_W.tif,0,PE_Huacho_Ctrl_W,-11.11,-77.623
PE_Huacho_Ctrl_NE.tif,0,PE_Huacho_Ctrl_NE,-11.097,-77.597
PE_Huacho_Ctrl_NW.tif,0,PE_Huacho_Ctrl_NW,-11.097,-77.623
PE_Huacho_Ctrl_SE.tif,0,PE_Huacho_Ctrl_SE,-11.123,-77.597
PE_Huacho_Ctrl_SW.tif,0,PE_Huacho_Ctrl_SW,-11.123,-77.623
PE_Chincha_Ctrl_center.tif,0,PE_Chincha_Ctrl_center,-13.46,-76.13
PE_Chincha_Ctrl_N.tif,0,PE_Chincha_Ctrl_N,-13.447,-76.13
PE_Chincha_Ctrl_S.tif,0,PE_Chincha_Ctrl_S,-13.473,-76.13
PE_Chincha_Ctrl_E.tif,0,PE_Chincha_Ctrl_E,-13.46,-76.117
PE_Chincha_Ctrl_W.tif,0,PE_Chincha_Ctrl_W,-13.46,-76.143
PE_Chincha_Ctrl_NE.tif,0,PE_Chincha_Ctrl_NE,-13.447,-76.117
PE_Chincha_Ctrl_NW.tif,0,PE_Chincha_Ctrl_NW,-13.447,-76.143
PE_Chincha_Ctrl_SE.tif,0,PE_Chincha_Ctrl_SE,-13.473,-76.117
PE_Chincha_Ctrl_SW.tif,0,PE_Chincha_Ctrl_SW,-13.473,-76.143
PE_Pisco_Ctrl_center.tif,0,PE_Pisco_Ctrl_center,-13.71,-76.22
PE_Pisco_Ctrl_N.tif,0,PE_Pisco_Ctrl_N,-13.697,-76.22
PE_Pisco_Ctrl_S.tif,0,PE_Pisco_Ctrl_S,-13.723,-76.22
PE_Pisco_Ctrl_E.tif,0,PE_Pisco_Ctrl_E,-13.71,-76.207
PE_Pisco_Ctrl_W.tif,0,PE_Pisco_Ctrl_W,-13.71,-76.233
PE_Pisco_Ctrl_NE.tif,0,PE_Pisco_Ctrl_NE,-13.697,-76.207
PE_Pisco_Ctrl_NW.tif,0,PE_Pisco_Ctrl_NW,-13.697,-76.233
PE_Pisco_Ctrl_SE.tif,0,PE_Pisco_Ctrl_SE,-13.723,-76.207
PE_Pisco_Ctrl_SW.tif,0,PE_Pisco_Ctrl_SW,-13.723,-76.233
PE_Camana_Ctrl_center.tif,0,PE_Camana_Ctrl_center,-16.62,-72.71
PE_Camana_Ctrl_N.tif,0,PE_Camana_Ctrl_N,-16.607,-72.71
PE_Camana_Ctrl_S.tif,0,PE_Camana_Ctrl_S,-16.633,-72.71
PE_Camana_Ctrl_E.tif,0,PE_Camana_Ctrl_E,-16.62,-72.697
PE_Camana_Ctrl_W.tif,0,PE_Camana_Ctrl_W,-16.62,-72.723
PE_Camana_Ctrl_NE.tif,0,PE_Camana_Ctrl_NE,-16.607,-72.697
PE_Camana_Ctrl_NW.tif,0,PE_Camana_Ctrl_NW,-16.607,-72.723
PE_Camana_Ctrl_SE.tif,0,PE_Camana_Ctrl_SE,-16.633,-72.697
PE_Camana_Ctrl_SW.tif,0,PE_Camana_Ctrl_SW,-16.633,-72.723
PE_Mollendo_Ctrl_center.tif,0,PE_Mollendo_Ctrl_center,-17.02,-72.01
PE_Mollendo_Ctrl_N.tif,0,PE_Mollendo_Ctrl_N,-17.007,-72.01
PE_Mollendo_Ctrl_S.tif,0,PE_Mollendo_Ctrl_S,-17.033,-72.01
PE_Mollendo_Ctrl_E.tif,0,PE_Mollendo_Ctrl_E,-17.02,-71.997
PE_Mollendo_Ctrl_W.tif,0,PE_Mollendo_Ctrl_W,-17.02,-72.023
PE_Mollendo_Ctrl_NE.tif,0,PE_Mollendo_Ctrl_NE,-17.007,-71.997
PE_Mollendo_Ctrl_NW.tif,0,PE_Mollendo_Ctrl_NW,-17.007,-72.023
PE_Mollendo_Ctrl_SE.tif,0,PE_Mollendo_Ctrl_SE,-17.033,-71.997
PE_Mollendo_Ctrl_SW.tif,0,PE_Mollendo_Ctrl_SW,-17.033,-72.023
PE_Ilo_Ctrl_center.tif,0,PE_Ilo_Ctrl_center,-17.64,-71.34
PE_Ilo_Ctrl_S.tif,0,PE_Ilo_Ctrl_S,-17.653,-71.34
PE_Ilo_Ctrl_N.tif,0,PE_Ilo_Ctrl_N,-17.627,-71.34
PE_Ilo_Ctrl_E.tif,0,PE_Ilo_Ctrl_E,-17.64,-71.327
PE_Ilo_Ctrl_W.tif,0,PE_Ilo_Ctrl_W,-17.64,-71.353
PE_Ilo_Ctrl_NE.tif,0,PE_Ilo_Ctrl_NE,-17.627,-71.327
PE_Ilo_Ctrl_NW.tif,0,PE_Ilo_Ctrl_NW,-17.627,-71.353
PE_Ilo_Ctrl_SE.tif,0,PE_Ilo_Ctrl_SE,-17.653,-71.327
PE_Ilo_Ctrl_SW.tif,0,PE_Ilo_Ctrl_SW,-17.653,-71.353
PE_Moquegua_Ctrl_center.tif,0,PE_Moquegua_Ctrl_center,-17.19,-70.93
PE_Moquegua_Ctrl_N.tif,0,PE_Moquegua_Ctrl_N,-17.177,-70.93
PE_Moquegua_Ctrl_S.tif,0,PE_Moquegua_Ctrl_S,-17.203,-70.93
PE_Moquegua_Ctrl_E.tif,0,PE_Moquegua_Ctrl_E,-17.19,-70.917
PE_Moquegua_Ctrl_W.tif,0,PE_Moquegua_Ctrl_W,-17.19,-70.943
PE_Moquegua_Ctrl_NE.tif,0,PE_Moquegua_Ctrl_NE,-17.177,-70.917
PE_Moquegua_Ctrl_NW.tif,0,PE_Moquegua_Ctrl_NW,-17.177,-70.943
PE_Moquegua_Ctrl_SE.tif,0,PE_Moquegua_Ctrl_SE,-17.203,-70.917
PE_Moquegua_Ctrl_SW.tif,0,PE_Moquegua_Ctrl_SW,-17.203,-70.943
PE_Abancay_Ctrl_center.tif,0,PE_Abancay_Ctrl_center,-13.64,-72.88
PE_Abancay_Ctrl_N.tif,0,PE_Abancay_Ctrl_N,-13.627,-72.88
PE_Abancay_Ctrl_S.tif,0,PE_Abancay_Ctrl_S,-13.653,-72.88
PE_Abancay_Ctrl_E.tif,0,PE_Abancay_Ctrl_E,-13.64,-72.867
PE_Abancay_Ctrl_W.tif,0,PE_Abancay_Ctrl_W,-13.64,-72.893
PE_Abancay_Ctrl_NE.tif,0,PE_Abancay_Ctrl_NE,-13.627,-72.867
PE_Abancay_Ctrl_NW.tif,0,PE_Abancay_Ctrl_NW,-13.627,-72.893
PE_Abancay_Ctrl_SE.tif,0,PE_Abancay_Ctrl_SE,-13.653,-72.867
PE_Abancay_Ctrl_SW.tif,0,PE_Abancay_Ctrl_SW,-13.653,-72.893
PE_Huanuco_Ctrl_center.tif,0,PE_Huanuco_Ctrl_center,-9.93,-76.23
PE_Huanuco_Ctrl_N.tif,0,PE_Huanuco_Ctrl_N,-9.917,-76.23
PE_Huanuco_Ctrl_S.tif,0,PE_Huanuco_Ctrl_S,-9.943,-76.23
PE_Huanuco_Ctrl_E.tif,0,PE_Huanuco_Ctrl_E,-9.93,-76.217
PE_Huanuco_Ctrl_W.tif,0,PE_Huanuco_Ctrl_W,-9.93,-76.243
PE_Huanuco_Ctrl_NE.tif,0,PE_Huanuco_Ctrl_NE,-9.917,-76.217
PE_Huanuco_Ctrl_NW.tif,0,PE_Huanuco_Ctrl_NW,-9.917,-76.243
PE_Huanuco_Ctrl_SE.tif,0,PE_Huanuco_Ctrl_SE,-9.943,-76.217
PE_Huanuco_Ctrl_SW.tif,0,PE_Huanuco_Ctrl_SW,-9.943,-76.243
PE_Cerro_Pasco_Ctrl_center.tif,0,PE_Cerro_Pasco_Ctrl_center,-10.69,-76.21
PE_Cerro_Pasco_Ctrl_N.tif,0,PE_Cerro_Pasco_Ctrl_N,-10.677,-76.21
PE_Cerro_Pasco_Ctrl_S.tif,0,PE_Cerro_Pasco_Ctrl_S,-10.703,-76.21
PE_Cerro_Pasco_Ctrl_E.tif,0,PE_Cerro_Pasco_Ctrl_E,-10.69,-76.197
PE_Cerro_Pasco_Ctrl_W.tif,0,PE_Cerro_Pasco_Ctrl_W,-10.69,-76.223
PE_Cerro_Pasco_Ctrl_NE.tif,0,PE_Cerro_Pasco_Ctrl_NE,-10.677,-76.197
PE_Cerro_Pasco_Ctrl_NW.tif,0,PE_Cerro_Pasco_Ctrl_NW,-10.677,-76.223
PE_Cerro_Pasco_Ctrl_SE.tif,0,PE_Cerro_Pasco_Ctrl_SE,-10.703,-76.197
PE_Cerro_Pasco_Ctrl_SW.tif,0,PE_Cerro_Pasco_Ctrl_SW,-10.703,-76.223
PE_Tingo_Maria_Ctrl_center.tif,0,PE_Tingo_Maria_Ctrl_center,-9.29,-76.0
PE_Tingo_Maria_Ctrl_N.tif,0,PE_Tingo_Maria_Ctrl_N,-9.277,-76.0
PE_Tingo_Maria_Ctrl_S.tif,0,PE_Tingo_Maria_Ctrl_S,-9.303,-76.0
PE_Tingo_Maria_Ctrl_E.tif,0,PE_Tingo_Maria_Ctrl_E,-9.29,-75.987
PE_Tingo_Maria_Ctrl_W.tif,0,PE_Tingo_Maria_Ctrl_W,-9.29,-76.013
PE_Tingo_Maria_Ctrl_NE.tif,0,PE_Tingo_Maria_Ctrl_NE,-9.277,-75.987
PE_Tingo_Maria_Ctrl_NW.tif,0,PE_Tingo_Maria_Ctrl_NW,-9.277,-76.013
PE_Tingo_Maria_Ctrl_SE.tif,0,PE_Tingo_Maria_Ctrl_SE,-9.303,-75.987
PE_Tingo_Maria_Ctrl_SW.tif,0,PE_Tingo_Maria_Ctrl_SW,-9.303,-76.013
PE_Moyobamba_Ctrl_center.tif,0,PE_Moyobamba_Ctrl_center,-6.04,-76.97
PE_Moyobamba_Ctrl_N.tif,0,PE_Moyobamba_Ctrl_N,-6.027,-76.97
PE_Moyobamba_Ctrl_S.tif,0,PE_Moyobamba_Ctrl_S,-6.053,-76.97
PE_Moyobamba_Ctrl_E.tif,0,PE_Moyobamba_Ctrl_E,-6.04,-76.957
PE_Moyobamba_Ctrl_W.tif,0,PE_Moyobamba_Ctrl_W,-6.04,-76.983
PE_Moyobamba_Ctrl_NE.tif,0,PE_Moyobamba_Ctrl_NE,-6.027,-76.957
PE_Moyobamba_Ctrl_NW.tif,0,PE_Moyobamba_Ctrl_NW,-6.027,-76.983
PE_Moyobamba_Ctrl_SE.tif,0,PE_Moyobamba_Ctrl_SE,-6.053,-76.957
PE_Moyobamba_Ctrl_SW.tif,0,PE_Moyobamba_Ctrl_SW,-6.053,-76.983
PE_Chachapoyas_Ctrl_center.tif,0,PE_Chachapoyas_Ctrl_center,-6.23,-77.87
PE_Chachapoyas_Ctrl_N.tif,0,PE_Chachapoyas_Ctrl_N,-6.217,-77.87
PE_Chachapoyas_Ctrl_S.tif,0,PE_Chachapoyas_Ctrl_S,-6.243,-77.87
PE_Chachapoyas_Ctrl_E.tif,0,PE_Chachapoyas_Ctrl_E,-6.23,-77.857
PE_Chachapoyas_Ctrl_W.tif,0,PE_Chachapoyas_Ctrl_W,-6.23,-77.883
PE_Chachapoyas_Ctrl_NE.tif,0,PE_Chachapoyas_Ctrl_NE,-6.217,-77.857
PE_Chachapoyas_Ctrl_NW.tif,0,PE_Chachapoyas_Ctrl_NW,-6.217,-77.883
PE_Chachapoyas_Ctrl_SE.tif,0,PE_Chachapoyas_Ctrl_SE,-6.243,-77.857
PE_Chachapoyas_Ctrl_SW.tif,0,PE_Chachapoyas_Ctrl_SW,-6.243,-77.883
PE_Bagua_Ctrl_center.tif,0,PE_Bagua_Ctrl_center,-5.64,-78.53
PE_Bagua_Ctrl_N.tif,0,PE_Bagua_Ctrl_N,-5.627,-78.53
PE_Bagua_Ctrl_S.tif,0,PE_Bagua_Ctrl_S,-5.653,-78.53
PE_Bagua_Ctrl_E.tif,0,PE_Bagua_Ctrl_E,-5.64,-78.517
PE_Bagua_Ctrl_W.tif,0,PE_Bagua_Ctrl_W,-5.64,-78.543
PE_Bagua_Ctrl_NE.tif,0,PE_Bagua_Ctrl_NE,-5.627,-78.517
PE_Bagua_Ctrl_NW.tif,0,PE_Bagua_Ctrl_NW,-5.627,-78.543
PE_Bagua_Ctrl_SE.tif,0,PE_Bagua_Ctrl_SE,-5.653,-78.517
PE_Bagua_Ctrl_SW.tif,0,PE_Bagua_Ctrl_SW,-5.653,-78.543
PE_Jaen_Ctrl_center.tif,0,PE_Jaen_Ctrl_center,-5.71,-78.81
PE_Jaen_Ctrl_N.tif,0,PE_Jaen_Ctrl_N,-5.697,-78.81
PE_Jaen_Ctrl_S.tif,0,PE_Jaen_Ctrl_S,-5.723,-78.81
PE_Jaen_Ctrl_E.tif,0,PE_Jaen_Ctrl_E,-5.71,-78.797
PE_Jaen_Ctrl_W.tif,0,PE_Jaen_Ctrl_W,-5.71,-78.823
PE_Jaen_Ctrl_NE.tif,0,PE_Jaen_Ctrl_NE,-5.697,-78.797
PE_Jaen_Ctrl_NW.tif,0,PE_Jaen_Ctrl_NW,-5.697,-78.823
PE_Jaen_Ctrl_SE.tif,0,PE_Jaen_Ctrl_SE,-5.723,-78.797
PE_Jaen_Ctrl_SW.tif,0,PE_Jaen_Ctrl_SW,-5.723,-78.823
PE_Atalaya_Ctrl_center.tif,0,PE_Atalaya_Ctrl_center,-10.73,-73.75
PE_Atalaya_Ctrl_N.tif,0,PE_Atalaya_Ctrl_N,-10.717,-73.75
PE_Atalaya_Ctrl_S.tif,0,PE_Atalaya_Ctrl_S,-10.743,-73.75
PE_Atalaya_Ctrl_E.tif,0,PE_Atalaya_Ctrl_E,-10.73,-73.737
PE_Atalaya_Ctrl_W.tif,0,PE_Atalaya_Ctrl_W,-10.73,-73.763
PE_Atalaya_Ctrl_NE.tif,0,PE_Atalaya_Ctrl_NE,-10.717,-73.737
PE_Atalaya_Ctrl_NW.tif,0,PE_Atalaya_Ctrl_NW,-10.717,-73.763
PE_Atalaya_Ctrl_SE.tif,0,PE_Atalaya_Ctrl_SE,-10.743,-73.737
PE_Atalaya_Ctrl_SW.tif,0,PE_Atalaya_Ctrl_SW,-10.743,-73.763
PE_Nauta_Ctrl_center.tif,0,PE_Nauta_Ctrl_center,-4.51,-73.58
PE_Nauta_Ctrl_N.tif,0,PE_Nauta_Ctrl_N,-4.497,-73.58
PE_Nauta_Ctrl_S.tif,0,PE_Nauta_Ctrl_S,-4.523,-73.58
PE_Nauta_Ctrl_E.tif,0,PE_Nauta_Ctrl_E,-4.51,-73.567
PE_Nauta_Ctrl_W.tif,0,PE_Nauta_Ctrl_W,-4.51,-73.593
PE_Nauta_Ctrl_NE.tif,0,PE_Nauta_Ctrl_NE,-4.497,-73.567
PE_Nauta_Ctrl_NW.tif,0,PE_Nauta_Ctrl_NW,-4.497,-73.593
PE_Nauta_Ctrl_SE.tif,0,PE_Nauta_Ctrl_SE,-4.523,-73.567
PE_Nauta_Ctrl_SW.tif,0,PE_Nauta_Ctrl_SW,-4.523,-73.593
PE_Puerto_Maldonado_Ctrl_center.tif,0,PE_Puerto_Maldonado_Ctrl_center,-12.6,-69.19
PE_Puerto_Maldonado_Ctrl_N.tif,0,PE_Puerto_Maldonado_Ctrl_N,-12.587,-69.19
PE_Puerto_Maldonado_Ctrl_S.tif,0,PE_Puerto_Maldonado_Ctrl_S,-12.613,-69.19
PE_Puerto_Maldonado_Ctrl_E.tif,0,PE_Puerto_Maldonado_Ctrl_E,-12.6,-69.177
PE_Puerto_Maldonado_Ctrl_W.tif,0,PE_Puerto_Maldonado_Ctrl_W,-12.6,-69.203
PE_Puerto_Maldonado_Ctrl_NE.tif,0,PE_Puerto_Maldonado_Ctrl_NE,-12.587,-69.177
PE_Puerto_Maldonado_Ctrl_NW.tif,0,PE_Puerto_Maldonado_Ctrl_NW,-12.587,-69.203
PE_Puerto_Maldonado_Ctrl_SE.tif,0,PE_Puerto_Maldonado_Ctrl_SE,-12.613,-69.177
PE_Puerto_Maldonado_Ctrl_SW.tif,0,PE_Puerto_Maldonado_Ctrl_SW,-12.613,-69.203
PE_Huancavelica_Ctrl_center.tif,0,PE_Huancavelica_Ctrl_center,-12.78,-75.02
PE_Huancavelica_Ctrl_N.tif,0,PE_Huancavelica_Ctrl_N,-12.767,-75.02
PE_Huancavelica_Ctrl_S.tif,0,PE_Huancavelica_Ctrl_S,-12.793,-75.02
PE_Huancavelica_Ctrl_E.tif,0,PE_Huancavelica_Ctrl_E,-12.78,-75.007
PE_Huancavelica_Ctrl_W.tif,0,PE_Huancavelica_Ctrl_W,-12.78,-75.033
PE_Huancavelica_Ctrl_NE.tif,0,PE_Huancavelica_Ctrl_NE,-12.767,-75.007
PE_Huancavelica_Ctrl_NW.tif,0,PE_Huancavelica_Ctrl_NW,-12.767,-75.033
PE_Huancavelica_Ctrl_SE.tif,0,PE_Huancavelica_Ctrl_SE,-12.793,-75.007
PE_Huancavelica_Ctrl_SW.tif,0,PE_Huancavelica_Ctrl_SW,-12.793,-75.033
PE_Oxapampa_Ctrl_center.tif,0,PE_Oxapampa_Ctrl_center,-10.58,-75.4
PE_Oxapampa_Ctrl_N.tif,0,PE_Oxapampa_Ctrl_N,-10.567,-75.4
PE_Oxapampa_Ctrl_S.tif,0,PE_Oxapampa_Ctrl_S,-10.593,-75.4
PE_Oxapampa_Ctrl_E.tif,0,PE_Oxapampa_Ctrl_E,-10.58,-75.387
PE_Oxapampa_Ctrl_W.tif,0,PE_Oxapampa_Ctrl_W,-10.58,-75.413
PE_Oxapampa_Ctrl_NE.tif,0,PE_Oxapampa_Ctrl_NE,-10.567,-75.387
PE_Oxapampa_Ctrl_NW.tif,0,PE_Oxapampa_Ctrl_NW,-10.567,-75.413
PE_Oxapampa_Ctrl_SE.tif,0,PE_Oxapampa_Ctrl_SE,-10.593,-75.387
PE_Oxapampa_Ctrl_SW.tif,0,PE_Oxapampa_Ctrl_SW,-10.593,-75.413
CL_Coquimbo_Ctrl_center.tif,0,CL_Coquimbo_Ctrl_center,-29.95,-71.34
CL_Coquimbo_Ctrl_N.tif,0,CL_Coquimbo_Ctrl_N,-29.937,-71.34
CL_Coquimbo_Ctrl_S.tif,0,CL_Coquimbo_Ctrl_S,-29.963,-71.34
CL_Coquimbo_Ctrl_E.tif,0,CL_Coquimbo_Ctrl_E,-29.95,-71.327
CL_Coquimbo_Ctrl_W.tif,0,CL_Coquimbo_Ctrl_W,-29.95,-71.353
CL_Coquimbo_Ctrl_NE.tif,0,CL_Coquimbo_Ctrl_NE,-29.937,-71.327
CL_Coquimbo_Ctrl_NW.tif,0,CL_Coquimbo_Ctrl_NW,-29.937,-71.353
CL_Coquimbo_Ctrl_SE.tif,0,CL_Coquimbo_Ctrl_SE,-29.963,-71.327
CL_Coquimbo_Ctrl_SW.tif,0,CL_Coquimbo_Ctrl_SW,-29.963,-71.353
CL_Ovalle_Ctrl_center.tif,0,CL_Ovalle_Ctrl_center,-30.6,-71.2
CL_Ovalle_Ctrl_N.tif,0,CL_Ovalle_Ctrl_N,-30.587,-71.2
CL_Ovalle_Ctrl_S.tif,0,CL_Ovalle_Ctrl_S,-30.613,-71.2
CL_Ovalle_Ctrl_E.tif,0,CL_Ovalle_Ctrl_E,-30.6,-71.187
CL_Ovalle_Ctrl_W.tif,0,CL_Ovalle_Ctrl_W,-30.6,-71.213
CL_Ovalle_Ctrl_NE.tif,0,CL_Ovalle_Ctrl_NE,-30.587,-71.187
CL_Ovalle_Ctrl_NW.tif,0,CL_Ovalle_Ctrl_NW,-30.587,-71.213
CL_Ovalle_Ctrl_SE.tif,0,CL_Ovalle_Ctrl_SE,-30.613,-71.187
CL_Ovalle_Ctrl_SW.tif,0,CL_Ovalle_Ctrl_SW,-30.613,-71.213
CL_San_Antonio_Ctrl_center.tif,0,CL_San_Antonio_Ctrl_center,-33.59,-71.61
CL_San_Antonio_Ctrl_N.tif,0,CL_San_Antonio_Ctrl_N,-33.577,-71.61
CL_San_Antonio_Ctrl_S.tif,0,CL_San_Antonio_Ctrl_S,-33.603,-71.61
CL_San_Antonio_Ctrl_E.tif,0,CL_San_Antonio_Ctrl_E,-33.59,-71.597
CL_San_Antonio_Ctrl_W.tif,0,CL_San_Antonio_Ctrl_W,-33.59,-71.623
CL_San_Antonio_Ctrl_NE.tif,0,CL_San_Antonio_Ctrl_NE,-33.577,-71.597
CL_San_Antonio_Ctrl_NW.tif,0,CL_San_Antonio_Ctrl_NW,-33.577,-71.623
CL_San_Antonio_Ctrl_SE.tif,0,CL_San_Antonio_Ctrl_SE,-33.603,-71.597
CL_San_Antonio_Ctrl_SW.tif,0,CL_San_Antonio_Ctrl_SW,-33.603,-71.623
CL_Quillota_Ctrl_center.tif,0,CL_Quillota_Ctrl_center,-32.88,-71.25
CL_Quillota_Ctrl_N.tif,0,CL_Quillota_Ctrl_N,-32.867,-71.25
CL_Quillota_Ctrl_S.tif,0,CL_Quillota_Ctrl_S,-32.893,-71.25
CL_Quillota_Ctrl_E.tif,0,CL_Quillota_Ctrl_E,-32.88,-71.237
CL_Quillota_Ctrl_W.tif,0,CL_Quillota_Ctrl_W,-32.88,-71.263
CL_Quillota_Ctrl_NE.tif,0,CL_Quillota_Ctrl_NE,-32.867,-71.237
CL_Quillota_Ctrl_NW.tif,0,CL_Quillota_Ctrl_NW,-32.867,-71.263
CL_Quillota_Ctrl_SE.tif,0,CL_Quillota_Ctrl_SE,-32.893,-71.237
CL_Quillota_Ctrl_SW.tif,0,CL_Quillota_Ctrl_SW,-32.893,-71.263
CL_San_Felipe_Ctrl_center.tif,0,CL_San_Felipe_Ctrl_center,-32.75,-70.73
CL_San_Felipe_Ctrl_N.tif,0,CL_San_Felipe_Ctrl_N,-32.737,-70.73
CL_San_Felipe_Ctrl_S.tif,0,CL_San_Felipe_Ctrl_S,-32.763,-70.73
CL_San_Felipe_Ctrl_E.tif,0,CL_San_Felipe_Ctrl_E,-32.75,-70.717
CL_San_Felipe_Ctrl_W.tif,0,CL_San_Felipe_Ctrl_W,-32.75,-70.743
CL_San_Felipe_Ctrl_NE.tif,0,CL_San_Felipe_Ctrl_NE,-32.737,-70.717
CL_San_Felipe_Ctrl_NW.tif,0,CL_San_Felipe_Ctrl_NW,-32.737,-70.743
CL_San_Felipe_Ctrl_SE.tif,0,CL_San_Felipe_Ctrl_SE,-32.763,-70.717
CL_San_Felipe_Ctrl_SW.tif,0,CL_San_Felipe_Ctrl_SW,-32.763,-70.743
CL_Linares_Ctrl_center.tif,0,CL_Linares_Ctrl_center,-35.85,-71.6
CL_Linares_Ctrl_N.tif,0,CL_Linares_Ctrl_N,-35.837,-71.6
CL_Linares_Ctrl_S.tif,0,CL_Linares_Ctrl_S,-35.863,-71.6
CL_Linares_Ctrl_E.tif,0,CL_Linares_Ctrl_E,-35.85,-71.587
CL_Linares_Ctrl_W.tif,0,CL_Linares_Ctrl_W,-35.85,-71.613
CL_Linares_Ctrl_NE.tif,0,CL_Linares_Ctrl_NE,-35.837,-71.587
CL_Linares_Ctrl_NW.tif,0,CL_Linares_Ctrl_NW,-35.837,-71.613
CL_Linares_Ctrl_SE.tif,0,CL_Linares_Ctrl_SE,-35.863,-71.587
CL_Linares_Ctrl_SW.tif,0,CL_Linares_Ctrl_SW,-35.863,-71.613
CL_Cauquenes_Ctrl_center.tif,0,CL_Cauquenes_Ctrl_center,-35.97,-72.32
CL_Cauquenes_Ctrl_N.tif,0,CL_Cauquenes_Ctrl_N,-35.957,-72.32
CL_Cauquenes_Ctrl_S.tif,0,CL_Cauquenes_Ctrl_S,-35.983,-72.32
CL_Cauquenes_Ctrl_E.tif,0,CL_Cauquenes_Ctrl_E,-35.97,-72.307
CL_Cauquenes_Ctrl_W.tif,0,CL_Cauquenes_Ctrl_W,-35.97,-72.333
CL_Cauquenes_Ctrl_NE.tif,0,CL_Cauquenes_Ctrl_NE,-35.957,-72.307
CL_Cauquenes_Ctrl_NW.tif,0,CL_Cauquenes_Ctrl_NW,-35.957,-72.333
CL_Cauquenes_Ctrl_SE.tif,0,CL_Cauquenes_Ctrl_SE,-35.983,-72.307
CL_Cauquenes_Ctrl_SW.tif,0,CL_Cauquenes_Ctrl_SW,-35.983,-72.333
CL_Constitucion_Ctrl_center.tif,0,CL_Constitucion_Ctrl_center,-35.33,-72.41
CL_Constitucion_Ctrl_N.tif,0,CL_Constitucion_Ctrl_N,-35.317,-72.41
CL_Constitucion_Ctrl_S.tif,0,CL_Constitucion_Ctrl_S,-35.343,-72.41
CL_Constitucion_Ctrl_E.tif,0,CL_Constitucion_Ctrl_E,-35.33,-72.397
CL_Constitucion_Ctrl_W.tif,0,CL_Constitucion_Ctrl_W,-35.33,-72.423
CL_Constitucion_Ctrl_NE.tif,0,CL_Constitucion_Ctrl_NE,-35.317,-72.397
CL_Constitucion_Ctrl_NW.tif,0,CL_Constitucion_Ctrl_NW,-35.317,-72.423
CL_Constitucion_Ctrl_SE.tif,0,CL_Constitucion_Ctrl_SE,-35.343,-72.397
CL_Constitucion_Ctrl_SW.tif,0,CL_Constitucion_Ctrl_SW,-35.343,-72.423
CL_Angol_Ctrl_center.tif,0,CL_Angol_Ctrl_center,-37.79,-72.71
CL_Angol_Ctrl_N.tif,0,CL_Angol_Ctrl_N,-37.777,-72.71
CL_Angol_Ctrl_S.tif,0,CL_Angol_Ctrl_S,-37.803,-72.71
CL_Angol_Ctrl_E.tif,0,CL_Angol_Ctrl_E,-37.79,-72.697
CL_Angol_Ctrl_W.tif,0,CL_Angol_Ctrl_W,-37.79,-72.723
CL_Angol_Ctrl_NE.tif,0,CL_Angol_Ctrl_NE,-37.777,-72.697
CL_Angol_Ctrl_NW.tif,0,CL_Angol_Ctrl_NW,-37.777,-72.723
CL_Angol_Ctrl_SE.tif,0,CL_Angol_Ctrl_SE,-37.803,-72.697
CL_Angol_Ctrl_SW.tif,0,CL_Angol_Ctrl_SW,-37.803,-72.723
CL_Victoria_Ctrl_center.tif,0,CL_Victoria_Ctrl_center,-38.23,-72.33
CL_Victoria_Ctrl_N.tif,0,CL_Victoria_Ctrl_N,-38.217,-72.33
CL_Victoria_Ctrl_S.tif,0,CL_Victoria_Ctrl_S,-38.243,-72.33
CL_Victoria_Ctrl_E.tif,0,CL_Victoria_Ctrl_E,-38.23,-72.317
CL_Victoria_Ctrl_W.tif,0,CL_Victoria_Ctrl_W,-38.23,-72.343
CL_Victoria_Ctrl_NE.tif,0,CL_Victoria_Ctrl_NE,-38.217,-72.317
CL_Victoria_Ctrl_NW.tif,0,CL_Victoria_Ctrl_NW,-38.217,-72.343
CL_Victoria_Ctrl_SE.tif,0,CL_Victoria_Ctrl_SE,-38.243,-72.317
CL_Victoria_Ctrl_SW.tif,0,CL_Victoria_Ctrl_SW,-38.243,-72.343
CL_Villarrica_Ciudad_Ctrl_center.tif,0,CL_Villarrica_Ciudad_Ctrl_center,-39.27,-72.22
CL_Villarrica_Ciudad_Ctrl_N.tif,0,CL_Villarrica_Ciudad_Ctrl_N,-39.257,-72.22
CL_Villarrica_Ciudad_Ctrl_S.tif,0,CL_Villarrica_Ciudad_Ctrl_S,-39.283,-72.22
CL_Villarrica_Ciudad_Ctrl_E.tif,0,CL_Villarrica_Ciudad_Ctrl_E,-39.27,-72.207
CL_Villarrica_Ciudad_Ctrl_W.tif,0,CL_Villarrica_Ciudad_Ctrl_W,-39.27,-72.233
CL_Villarrica_Ciudad_Ctrl_NE.tif,0,CL_Villarrica_Ciudad_Ctrl_NE,-39.257,-72.207
CL_Villarrica_Ciudad_Ctrl_NW.tif,0,CL_Villarrica_Ciudad_Ctrl_NW,-39.257,-72.233
CL_Villarrica_Ciudad_Ctrl_SE.tif,0,CL_Villarrica_Ciudad_Ctrl_SE,-39.283,-72.207
CL_Villarrica_Ciudad_Ctrl_SW.tif,0,CL_Villarrica_Ciudad_Ctrl_SW,-39.283,-72.233
CL_Ancud_Ctrl_center.tif,0,CL_Ancud_Ctrl_center,-41.87,-73.83
CL_Ancud_Ctrl_N.tif,0,CL_Ancud_Ctrl_N,-41.857,-73.83
CL_Ancud_Ctrl_S.tif,0,CL_Ancud_Ctrl_S,-41.883,-73.83
CL_Ancud_Ctrl_E.tif,0,CL_Ancud_Ctrl_E,-41.87,-73.817
CL_Ancud_Ctrl_W.tif,0,CL_Ancud_Ctrl_W,-41.87,-73.843
CL_Ancud_Ctrl_NE.tif,0,CL_Ancud_Ctrl_NE,-41.857,-73.817
CL_Ancud_Ctrl_NW.tif,0,CL_Ancud_Ctrl_NW,-41.857,-73.843
CL_Ancud_Ctrl_SE.tif,0,CL_Ancud_Ctrl_SE,-41.883,-73.817
CL_Ancud_Ctrl_SW.tif,0,CL_Ancud_Ctrl_SW,-41.883,-73.843
CL_Castro_Ctrl_center.tif,0,CL_Castro_Ctrl_center,-42.48,-73.76
CL_Castro_Ctrl_N.tif,0,CL_Castro_Ctrl_N,-42.467,-73.76
CL_Castro_Ctrl_S.tif,0,CL_Castro_Ctrl_S,-42.493,-73.76
CL_Castro_Ctrl_E.tif,0,CL_Castro_Ctrl_E,-42.48,-73.747
CL_Castro_Ctrl_W.tif,0,CL_Castro_Ctrl_W,-42.48,-73.773
CL_Castro_Ctrl_NE.tif,0,CL_Castro_Ctrl_NE,-42.467,-73.747
CL_Castro_Ctrl_NW.tif,0,CL_Castro_Ctrl_NW,-42.467,-73.773
CL_Castro_Ctrl_SE.tif,0,CL_Castro_Ctrl_SE,-42.493,-73.747
CL_Castro_Ctrl_SW.tif,0,CL_Castro_Ctrl_SW,-42.493,-73.773
CL_Coyhaique_Ctrl_center.tif,0,CL_Coyhaique_Ctrl_center,-45.57,-72.07
CL_Coyhaique_Ctrl_N.tif,0,CL_Coyhaique_Ctrl_N,-45.557,-72.07
CL_Coyhaique_Ctrl_S.tif,0,CL_Coyhaique_Ctrl_S,-45.583,-72.07
CL_Coyhaique_Ctrl_E.tif,0,CL_Coyhaique_Ctrl_E,-45.57,-72.057
CL_Coyhaique_Ctrl_W.tif,0,CL_Coyhaique_Ctrl_W,-45.57,-72.083
CL_Coyhaique_Ctrl_NE.tif,0,CL_Coyhaique_Ctrl_NE,-45.557,-72.057
CL_Coyhaique_Ctrl_NW.tif,0,CL_Coyhaique_Ctrl_NW,-45.557,-72.083
CL_Coyhaique_Ctrl_SE.tif,0,CL_Coyhaique_Ctrl_SE,-45.583,-72.057
CL_Coyhaique_Ctrl_SW.tif,0,CL_Coyhaique_Ctrl_SW,-45.583,-72.083
CL_Natales_Ctrl_center.tif,0,CL_Natales_Ctrl_center,-51.72,-72.51
CL_Natales_Ctrl_N.tif,0,CL_Natales_Ctrl_N,-51.707,-72.51
CL_Natales_Ctrl_S.tif,0,CL_Natales_Ctrl_S,-51.733,-72.51
CL_Natales_Ctrl_E.tif,0,CL_Natales_Ctrl_E,-51.72,-72.497
CL_Natales_Ctrl_W.tif,0,CL_Natales_Ctrl_W,-51.72,-72.523
CL_Natales_Ctrl_NE.tif,0,CL_Natales_Ctrl_NE,-51.707,-72.497
CL_Natales_Ctrl_NW.tif,0,CL_Natales_Ctrl_NW,-51.707,-72.523
CL_Natales_Ctrl_SE.tif,0,CL_Natales_Ctrl_SE,-51.733,-72.497
CL_Natales_Ctrl_SW.tif,0,CL_Natales_Ctrl_SW,-51.733,-72.523
CL_Porvenir_Ctrl_center.tif,0,CL_Porvenir_Ctrl_center,-53.29,-70.37
CL_Porvenir_Ctrl_N.tif,0,CL_Porvenir_Ctrl_N,-53.277,-70.37
CL_Porvenir_Ctrl_S.tif,0,CL_Porvenir_Ctrl_S,-53.303,-70.37
CL_Porvenir_Ctrl_E.tif,0,CL_Porvenir_Ctrl_E,-53.29,-70.357
CL_Porvenir_Ctrl_W.tif,0,CL_Porvenir_Ctrl_W,-53.29,-70.383
CL_Porvenir_Ctrl_NE.tif,0,CL_Porvenir_Ctrl_NE,-53.277,-70.357
CL_Porvenir_Ctrl_NW.tif,0,CL_Porvenir_Ctrl_NW,-53.277,-70.383
CL_Porvenir_Ctrl_SE.tif,0,CL_Porvenir_Ctrl_SE,-53.303,-70.357
CL_Porvenir_Ctrl_SW.tif,0,CL_Porvenir_Ctrl_SW,-53.303,-70.383
CL_Salamanca_Ctrl_center.tif,0,CL_Salamanca_Ctrl_center,-31.77,-70.97
CL_Salamanca_Ctrl_N.tif,0,CL_Salamanca_Ctrl_N,-31.757,-70.97
CL_Salamanca_Ctrl_S.tif,0,CL_Salamanca_Ctrl_S,-31.783,-70.97
CL_Salamanca_Ctrl_E.tif,0,CL_Salamanca_Ctrl_E,-31.77,-70.957
CL_Salamanca_Ctrl_W.tif,0,CL_Salamanca_Ctrl_W,-31.77,-70.983
CL_Salamanca_Ctrl_NE.tif,0,CL_Salamanca_Ctrl_NE,-31.757,-70.957
CL_Salamanca_Ctrl_NW.tif,0,CL_Salamanca_Ctrl_NW,-31.757,-70.983
CL_Salamanca_Ctrl_SE.tif,0,CL_Salamanca_Ctrl_SE,-31.783,-70.957
CL_Salamanca_Ctrl_SW.tif,0,CL_Salamanca_Ctrl_SW,-31.783,-70.983
CL_Illapel_Ctrl_center.tif,0,CL_Illapel_Ctrl_center,-31.63,-71.17
CL_Illapel_Ctrl_N.tif,0,CL_Illapel_Ctrl_N,-31.617,-71.17
CL_Illapel_Ctrl_S.tif,0,CL_Illapel_Ctrl_S,-31.643,-71.17
CL_Illapel_Ctrl_E.tif,0,CL_Illapel_Ctrl_E,-31.63,-71.157
CL_Illapel_Ctrl_W.tif,0,CL_Illapel_Ctrl_W,-31.63,-71.183
CL_Illapel_Ctrl_NE.tif,0,CL_Illapel_Ctrl_NE,-31.617,-71.157
CL_Illapel_Ctrl_NW.tif,0,CL_Illapel_Ctrl_NW,-31.617,-71.183
CL_Illapel_Ctrl_SE.tif,0,CL_Illapel_Ctrl_SE,-31.643,-71.157
CL_Illapel_Ctrl_SW.tif,0,CL_Illapel_Ctrl_SW,-31.643,-71.183
CL_Tocopilla_Ctrl_center.tif,0,CL_Tocopilla_Ctrl_center,-22.09,-70.2
CL_Tocopilla_Ctrl_N.tif,0,CL_Tocopilla_Ctrl_N,-22.077,-70.2
CL_Tocopilla_Ctrl_S.tif,0,CL_Tocopilla_Ctrl_S,-22.103,-70.2
CL_Tocopilla_Ctrl_E.tif,0,CL_Tocopilla_Ctrl_E,-22.09,-70.187
CL_Tocopilla_Ctrl_W.tif,0,CL_Tocopilla_Ctrl_W,-22.09,-70.213
CL_Tocopilla_Ctrl_NE.tif,0,CL_Tocopilla_Ctrl_NE,-22.077,-70.187
CL_Tocopilla_Ctrl_NW.tif,0,CL_Tocopilla_Ctrl_NW,-22.077,-70.213
CL_Tocopilla_Ctrl_SE.tif,0,CL_Tocopilla_Ctrl_SE,-22.103,-70.187
CL_Tocopilla_Ctrl_SW.tif,0,CL_Tocopilla_Ctrl_SW,-22.103,-70.213
CL_Mejillones_Ctrl_center.tif,0,CL_Mejillones_Ctrl_center,-23.1,-70.45
CL_Mejillones_Ctrl_N.tif,0,CL_Mejillones_Ctrl_N,-23.087,-70.45
CL_Mejillones_Ctrl_S.tif,0,CL_Mejillones_Ctrl_S,-23.113,-70.45
CL_Mejillones_Ctrl_E.tif,0,CL_Mejillones_Ctrl_E,-23.1,-70.437
CL_Mejillones_Ctrl_W.tif,0,CL_Mejillones_Ctrl_W,-23.1,-70.463
CL_Mejillones_Ctrl_NE.tif,0,CL_Mejillones_Ctrl_NE,-23.087,-70.437
CL_Mejillones_Ctrl_NW.tif,0,CL_Mejillones_Ctrl_NW,-23.087,-70.463
CL_Mejillones_Ctrl_SE.tif,0,CL_Mejillones_Ctrl_SE,-23.113,-70.437
CL_Mejillones_Ctrl_SW.tif,0,CL_Mejillones_Ctrl_SW,-23.113,-70.463
CL_Taltal_Ctrl_center.tif,0,CL_Taltal_Ctrl_center,-25.4,-70.48
CL_Taltal_Ctrl_N.tif,0,CL_Taltal_Ctrl_N,-25.387,-70.48
CL_Taltal_Ctrl_S.tif,0,CL_Taltal_Ctrl_S,-25.413,-70.48
CL_Taltal_Ctrl_E.tif,0,CL_Taltal_Ctrl_E,-25.4,-70.467
CL_Taltal_Ctrl_W.tif,0,CL_Taltal_Ctrl_W,-25.4,-70.493
CL_Taltal_Ctrl_NE.tif,0,CL_Taltal_Ctrl_NE,-25.387,-70.467
CL_Taltal_Ctrl_NW.tif,0,CL_Taltal_Ctrl_NW,-25.387,-70.493
CL_Taltal_Ctrl_SE.tif,0,CL_Taltal_Ctrl_SE,-25.413,-70.467
CL_Taltal_Ctrl_SW.tif,0,CL_Taltal_Ctrl_SW,-25.413,-70.493
CL_Chanaral_Ctrl_center.tif,0,CL_Chanaral_Ctrl_center,-26.35,-70.62
CL_Chanaral_Ctrl_N.tif,0,CL_Chanaral_Ctrl_N,-26.337,-70.62
CL_Chanaral_Ctrl_S.tif,0,CL_Chanaral_Ctrl_S,-26.363,-70.62
CL_Chanaral_Ctrl_E.tif,0,CL_Chanaral_Ctrl_E,-26.35,-70.607
CL_Chanaral_Ctrl_W.tif,0,CL_Chanaral_Ctrl_W,-26.35,-70.633
CL_Chanaral_Ctrl_NE.tif,0,CL_Chanaral_Ctrl_NE,-26.337,-70.607
CL_Chanaral_Ctrl_NW.tif,0,CL_Chanaral_Ctrl_NW,-26.337,-70.633
CL_Chanaral_Ctrl_SE.tif,0,CL_Chanaral_Ctrl_SE,-26.363,-70.607
CL_Chanaral_Ctrl_SW.tif,0,CL_Chanaral_Ctrl_SW,-26.363,-70.633
CL_Huasco_Ctrl_center.tif,0,CL_Huasco_Ctrl_center,-28.47,-71.21
CL_Huasco_Ctrl_N.tif,0,CL_Huasco_Ctrl_N,-28.457,-71.21
CL_Huasco_Ctrl_S.tif,0,CL_Huasco_Ctrl_S,-28.483,-71.21
CL_Huasco_Ctrl_E.tif,0,CL_Huasco_Ctrl_E,-28.47,-71.197
CL_Huasco_Ctrl_W.tif,0,CL_Huasco_Ctrl_W,-28.47,-71.223
CL_Huasco_Ctrl_NE.tif,0,CL_Huasco_Ctrl_NE,-28.457,-71.197
CL_Huasco_Ctrl_NW.tif,0,CL_Huasco_Ctrl_NW,-28.457,-71.223
CL_Huasco_Ctrl_SE.tif,0,CL_Huasco_Ctrl_SE,-28.483,-71.197
CL_Huasco_Ctrl_SW.tif,0,CL_Huasco_Ctrl_SW,-28.483,-71.223
CL_Lebu_Ctrl_center.tif,0,CL_Lebu_Ctrl_center,-37.61,-73.65
CL_Lebu_Ctrl_N.tif,0,CL_Lebu_Ctrl_N,-37.597,-73.65
CL_Lebu_Ctrl_S.tif,0,CL_Lebu_Ctrl_S,-37.623,-73.65
CL_Lebu_Ctrl_E.tif,0,CL_Lebu_Ctrl_E,-37.61,-73.637
CL_Lebu_Ctrl_W.tif,0,CL_Lebu_Ctrl_W,-37.61,-73.663
CL_Lebu_Ctrl_NE.tif,0,CL_Lebu_Ctrl_NE,-37.597,-73.637
CL_Lebu_Ctrl_NW.tif,0,CL_Lebu_Ctrl_NW,-37.597,-73.663
CL_Lebu_Ctrl_SE.tif,0,CL_Lebu_Ctrl_SE,-37.623,-73.637
CL_Lebu_Ctrl_SW.tif,0,CL_Lebu_Ctrl_SW,-37.623,-73.663
CL_Coronel_Ctrl_center.tif,0,CL_Coronel_Ctrl_center,-37.03,-73.15
CL_Coronel_Ctrl_N.tif,0,CL_Coronel_Ctrl_N,-37.017,-73.15
CL_Coronel_Ctrl_S.tif,0,CL_Coronel_Ctrl_S,-37.043,-73.15
CL_Coronel_Ctrl_E.tif,0,CL_Coronel_Ctrl_E,-37.03,-73.137
CL_Coronel_Ctrl_W.tif,0,CL_Coronel_Ctrl_W,-37.03,-73.163
CL_Coronel_Ctrl_NE.tif,0,CL_Coronel_Ctrl_NE,-37.017,-73.137
CL_Coronel_Ctrl_NW.tif,0,CL_Coronel_Ctrl_NW,-37.017,-73.163
CL_Coronel_Ctrl_SE.tif,0,CL_Coronel_Ctrl_SE,-37.043,-73.137
CL_Coronel_Ctrl_SW.tif,0,CL_Coronel_Ctrl_SW,-37.043,-73.163
